Binder Name,Binder Type,Name,Set code,Set name,Collector number,Foil,Rarity,Quantity,ManaBox ID,Scryfall ID,Purchase price,Misprint,Altered,Signed,Condition,Language,Proxy,Purchase price currency,Added
hi,binder,Stagecoach Security,OTJ,Outlaws of Thunder Junction,30,normal,common,2,93086,21301998-b3e6-4f3d-89f4-5e17aeb79a1e,0.07,false,false,false,near_mint,en,false,USD,2025-10-19T20:06:17.348Z
hi,binder,Pyroclasm,DSK,Duskmourn: House of Horror,149,normal,uncommon,5,98703,4391b0af-2f26-4a45-9e2a-5bd8e9838107,0.14,false,false,false,near_mint,en,false,USD,2025-10-19T20:06:17.348Z
hi,binder,Desperate Bloodseeker,OTJ,Outlaws of Thunder Junction,86,normal,common,1,93295,a59da027-b5dd-4920-b3a1-9da05fcb1977,0.07,false,false,false,near_mint,en,false,USD,2025-10-19T20:06:17.348Z
hi,binder,Solitary Sanctuary,WOE,Wilds of Eldraine,30,normal,uncommon,1,85738,d155693c-def0-4290-b662-ab9932e07fe5,0.1,false,false,false,near_mint,en,false,USD,2025-10-19T20:06:17.348Z
hi,binder,Wither and Bloom,MH3,Modern Horizons 3,111,normal,common,2,94871,95c2390f-71f1-4e42-83da-d603ca86a8d0,0.09,false,false,false,near_mint,en,false,USD,2025-10-19T20:06:17.348Z
hi,binder,Seasoned Warrenguard,BLB,Bloomburrow,30,normal,uncommon,1,96081,90873995-876f-4e89-8bc7-41a74f4d931f,0.09,false,false,false,near_mint,en,false,USD,2025-10-19T20:06:17.348Z
hi,binder,Roaring Furnace // Steaming Sauna,DSK,Duskmourn: House of Horror,230,normal,rare,2,99257,94352ffb-d716-484d-b018-4e1c033ef2f3,0.22,false,false,false,near_mint,en,false,USD,2025-10-19T20:06:17.348Z
hi,binder,Candy Trail,WOE,Wilds of Eldraine,243,normal,common,1,85282,1a860925-d912-49e5-9ddc-41ab26916bb3,0.34,false,false,false,near_mint,en,false,USD,2025-10-19T20:06:17.348Z
hi,binder,Jolted Awake,MH3,Modern Horizons 3,33,normal,common,1,94895,f773a79f-ad0f-45c9-bcf5-44ba5e992729,0.04,false,false,false,near_mint,en,false,USD,2025-10-19T20:06:17.348Z
hi,binder,Shattered Seraph,SNC,Streets of New Capenna,333,normal,common,2,68040,de23dfcb-9e17-42bf-9a86-f9e3ce8b4b9c,0.04,false,false,false,near_mint,en,false,USD,2025-10-19T20:06:17.348Z
hi,binder,Griffin Aerie,WOT,Wilds of Eldraine: Enchanting Tales,5,normal,uncommon,1,85659,b0c1cd62-aa6e-4120-ba70-1f12c8efe389,0.1,false,false,false,near_mint,en,false,USD,2025-10-19T20:06:17.348Z
hi,binder,Friendly Ghost,DSK,Duskmourn: House of Horror,12,normal,common,4,98792,20e0dba2-d15c-4d55-9b68-00648175e760,0.03,false,false,false,near_mint,en,false,USD,2025-10-19T20:06:17.348Z
hi,binder,Doc Ock's Henchmen,SPM,Marvel's Spider-Man,30,normal,common,1,107659,a383c442-3f4a-4115-97e4-23f0eb88465b,0.02,false,false,false,near_mint,en,false,USD,2025-10-19T20:06:17.348Z
hi,binder,Invasion of Kaldheim // Pyre of the World Tree,MOM,March of the Machine,145,normal,rare,1,81280,f7cedd62-efc8-464d-8387-220bb55e07e9,0.32,false,false,false,near_mint,en,false,USD,2025-10-19T20:06:17.348Z
hi,binder,Thriving Skyclaw,MH3,Modern Horizons 3,141,normal,common,1,94851,465857f2-df08-4f7b-b4fe-b16831ac0eb1,0.04,false,false,false,near_mint,en,false,USD,2025-10-19T20:06:17.348Z
hi,binder,Kozilek's Unsealing,MH3,Modern Horizons 3,65,normal,uncommon,2,94659,e6b44ffe-db9e-4db5-9806-098411c9ece0,0.26,false,false,false,near_mint,en,false,USD,2025-10-19T20:06:17.348Z
hi,binder,Reach for the Sky,OTJ,Outlaws of Thunder Junction,178,normal,common,1,93408,eb871985-a11b-4dfe-b0e3-898888c86277,0.04,false,false,false,near_mint,en,false,USD,2025-10-19T20:06:17.348Z
hi,binder,Spirit,TDSK,Duskmourn: House of Horror Tokens,6,normal,common,1,99142,4b7697e3-b3fb-481c-a90f-1ae08d8a9880,,false,false,false,near_mint,en,false,USD,2025-10-19T20:06:17.348Z
hi,binder,Bird,TMH3,Modern Horizons 3 Tokens,9,normal,common,1,95232,e7222593-5ade-4512-bfee-6126d4d0cc19,,false,false,false,near_mint,en,false,USD,2025-10-19T20:06:17.348Z
hi,binder,Citizen,TTDC,Tarkir: Dragonstorm Commander Tokens,26,normal,common,1,104578,40135aa8-d531-427d-ab5c-9a2192f61bf9,,false,false,false,near_mint,en,false,USD,2025-10-19T20:06:17.348Z
hi,binder,Island,SNC,Streets of New Capenna,265,normal,common,2,67877,8dd1b4d2-ccf0-498d-81e0-c9d755f5eb13,0.06,false,false,false,near_mint,en,false,USD,2025-10-19T20:16:38.915Z
hi,binder,Swamp,DSK,Duskmourn: House of Horror,281,normal,common,2,98814,3c51de66-a3ed-4ca9-befb-9813e96c4ade,0.09,false,false,false,near_mint,en,false,USD,2025-10-19T20:16:38.915Z
hi,binder,Seized from Slumber,DSK,Duskmourn: House of Horror,28,normal,common,3,99080,24456083-0c76-46c5-9b18-8d468702df69,0.06,false,false,false,near_mint,en,false,USD,2025-10-19T20:16:38.915Z
hi,binder,Mindless Conscription,MH3,Modern Horizons 3,101,normal,uncommon,1,94363,1af5b195-101a-4265-98a7-522a968cf218,0.08,false,false,false,near_mint,en,false,USD,2025-10-19T20:16:38.915Z
hi,binder,Savior of the Small,DSK,Duskmourn: House of Horror,27,normal,uncommon,1,98932,e2ed31ea-c278-4e8c-afa7-6d09af399345,0.04,false,false,false,near_mint,en,false,USD,2025-10-19T20:16:38.915Z
hi,binder,Scurrilous Sentry,MH3,Modern Horizons 3,108,normal,common,1,94390,29e2805f-59fa-4a6d-97bc-266191b2aa8d,0.05,false,false,false,near_mint,en,false,USD,2025-10-19T20:16:38.915Z
hi,binder,"Shilgengar, Sire of Famine",MH3,Modern Horizons 3,109,normal,rare,2,94788,9e6aba35-bee5-4058-a2df-d73506d225c2,0.24,false,false,false,near_mint,en,false,USD,2025-10-19T20:16:38.915Z
hi,binder,Innocuous Rat,DSK,Duskmourn: House of Horror,103,normal,common,6,98872,94edbbc5-5673-4753-bfad-4432c4b7dca4,0.07,false,false,false,near_mint,en,false,USD,2025-10-19T20:16:38.915Z
hi,binder,"Wraith, Vicious Vigilante",SPM,Marvel's Spider-Man,160,normal,uncommon,1,108523,5f46ed93-de6d-4180-9018-26ee07f75464,0.1,false,false,false,near_mint,en,false,USD,2025-10-19T20:16:38.915Z
hi,binder,Indebted Spirit,MH3,Modern Horizons 3,31,normal,uncommon,2,94884,bfdbef00-bc1b-4dd6-aef5-aeb5ce454344,0.09,false,false,false,near_mint,en,false,USD,2025-10-19T20:16:38.915Z
hi,binder,"Lazav, Familiar Stranger",OTJ,Outlaws of Thunder Junction,216,normal,uncommon,1,93022,00293326-3eb2-492c-b565-7abafa037d8c,0.09,false,false,false,near_mint,en,false,USD,2025-10-19T20:16:38.915Z
hi,binder,Demon's Due,SNC,Streets of New Capenna,75,normal,common,1,67674,2e59fb98-c887-42f1-a620-9e6b40b94cb5,0.02,false,false,false,near_mint,en,false,USD,2025-10-19T20:16:38.915Z
hi,binder,Cracked Skull,DSK,Duskmourn: House of Horror,88,normal,common,4,99214,7616ad5e-ed30-4876-8743-6f0f9f143ea1,0.05,false,false,false,near_mint,en,false,USD,2025-10-19T20:16:38.915Z
hi,binder,Murder,OTP,Breaking News,16,normal,uncommon,1,93203,6c776ca4-4950-4a27-8ce2-fbe534579d62,0.13,false,false,false,near_mint,en,false,USD,2025-10-19T20:16:38.915Z
hi,binder,Derelict Attic // Widow's Walk,DSK,Duskmourn: House of Horror,93,normal,common,3,99091,2cae24c1-53f1-4f3f-8795-b634c46a17c4,0.05,false,false,false,near_mint,en,false,USD,2025-10-19T20:16:38.915Z
hi,binder,Water Wings,WOE,Wilds of Eldraine,77,normal,common,1,85390,4ea4993c-d1ba-4b33-955b-e0874fd2132f,0.05,false,false,false,near_mint,en,false,USD,2025-10-19T20:16:38.915Z
hi,binder,Shroudstomper,DSK,Duskmourn: House of Horror,233,normal,uncommon,1,99155,53f746bf-0642-48db-835e-27a7fe369fef,0.04,false,false,false,near_mint,en,false,USD,2025-10-19T20:16:38.915Z
hi,binder,Corrupted Conviction,OTJ,Outlaws of Thunder Junction,84,normal,common,1,93235,8046f892-3317-4ef7-9cf7-97b9060540c8,0.2,false,false,false,near_mint,en,false,USD,2025-10-19T20:16:38.915Z
hi,binder,Underwater Tunnel // Slimy Aquarium,DSK,Duskmourn: House of Horror,79,normal,common,3,99092,2dd69f2d-8c9c-41fc-93ea-48fc7a6d5272,0.04,false,false,false,near_mint,en,false,USD,2025-10-19T20:16:38.915Z
hi,binder,Starseer Mentor,BLB,Bloomburrow,233,normal,uncommon,1,95791,6b2f6dc5-9fe8-49c1-b24c-1d99ce1da619,0.09,false,false,false,near_mint,en,false,USD,2025-10-19T20:16:38.915Z
hi,binder,Not Dead After All,WOE,Wilds of Eldraine,101,normal,common,1,85736,d01a2b68-efe6-4027-846d-db7b19d9eef6,1.16,false,false,false,near_mint,en,false,USD,2025-10-19T20:16:38.915Z
hi,binder,Plains,MRD,Mirrodin,287,normal,common,1,29758,5bac2d0d-43db-41f7-99dd-9ff55a4f2b3b,0.33,false,false,false,near_mint,en,false,USD,2025-10-19T20:27:19.452Z
hi,binder,Mountain,BLB,Bloomburrow,375,normal,common,3,96028,4b827c54-8bfe-4ef5-830e-e17b8690bbe7,0.1,false,false,false,near_mint,en,false,USD,2025-10-19T20:27:19.452Z
hi,binder,Mountain,DDE,Duel Decks: Phyrexia vs. the Coalition,69,normal,common,1,21972,cf0725c1-2b83-406e-8a19-0b9d159c8614,0.2,false,false,false,near_mint,en,false,USD,2025-10-19T20:27:19.452Z
hi,binder,Mountain,M21,Core Set 2021,270,normal,common,1,50849,70ff4fd5-c26f-4274-b899-1f995d4d8c25,0.06,false,false,false,near_mint,en,false,USD,2025-10-19T20:27:19.452Z
hi,binder,Mountain,AKH,Amonkhet,264,normal,common,1,5421,37827425-f304-43eb-979b-1ec5b923a2b5,0.09,false,false,false,near_mint,en,false,USD,2025-10-19T20:27:19.452Z
hi,binder,Mountain,SNC,Streets of New Capenna,268,normal,common,1,68092,fac247df-aa19-4627-8d65-6ddf5e7e5c8c,0.05,false,false,false,near_mint,en,false,USD,2025-10-19T20:27:19.452Z
hi,binder,Mountain,SNC,Streets of New Capenna,269,normal,common,1,67733,4abb2702-6f5e-4832-9e23-46aaf9f960f8,0.06,false,false,false,near_mint,en,false,USD,2025-10-19T20:27:19.452Z
hi,binder,Mountain,RTR,Return to Ravnica,269,normal,common,1,17153,96614dc1-9386-4861-b792-b83bcc6c5811,0.12,false,false,false,near_mint,en,false,USD,2025-10-19T20:27:19.452Z
hi,binder,Mountain,DSK,Duskmourn: House of Horror,284,normal,common,1,98785,1a44d8a4-21de-497d-9eed-702d7b592728,0.08,false,false,false,near_mint,en,false,USD,2025-10-19T20:27:19.452Z
hi,binder,Mountain,M20,Core Set 2020,273,normal,common,1,45187,399f7531-e137-463b-bec3-e86756b6ed71,0.79,false,false,false,near_mint,en,false,USD,2025-10-19T20:27:19.452Z
hi,binder,Mountain,LTR,The Lord of the Rings: Tales of Middle-earth,269,normal,common,1,83390,adf13285-d127-4534-9f49-aa86914da175,0.12,false,false,false,near_mint,en,false,USD,2025-10-19T20:27:19.452Z
hi,binder,Forest,BRO,The Brothers' War,276,normal,common,1,75688,a63eab07-46e5-4b75-954f-b5a9f1f451cd,0.07,false,false,false,near_mint,en,false,USD,2025-10-19T20:27:19.452Z
hi,binder,Forest,DFT,Aetherdrift,290,normal,common,1,102376,6472e2a6-287f-4e7c-ad85-1454e40d4a46,0.09,false,false,false,near_mint,en,false,USD,2025-10-19T20:27:19.452Z
hi,binder,Forest,M21,Core Set 2021,273,normal,common,1,50932,a4df3e89-610c-4f42-a93a-e694342307cc,0.08,false,false,false,near_mint,en,false,USD,2025-10-19T20:27:19.452Z
hi,binder,Forest,DMU,Dominaria United,275,normal,common,1,71284,1a1b6004-6dda-4495-85f7-eb8fa29873e9,0.11,false,false,false,near_mint,en,false,USD,2025-10-19T20:27:19.452Z
hi,binder,Forest,MH2,Modern Horizons 2,490,normal,common,1,59423,17393110-c57e-487b-b07e-dc21a164efa7,0.09,false,false,false,near_mint,en,false,USD,2025-10-19T20:27:19.452Z
hi,binder,Forest,SOM,Scars of Mirrodin,248,normal,common,1,20784,798b4f41-1e33-4da6-99c1-de926297c073,0.21,false,false,false,near_mint,en,false,USD,2025-10-19T20:27:19.452Z
hi,binder,Forest,DDE,Duel Decks: Phyrexia vs. the Coalition,71,normal,common,1,21970,b275edcf-51dc-4dba-be25-875356a05074,0.22,false,false,false,near_mint,en,false,USD,2025-10-19T20:27:19.452Z
hi,binder,Forest,LRW,Lorwyn,298,normal,common,1,25144,6d3a661e-d890-4211-bc9c-8266001ebfba,0.41,false,false,false,near_mint,en,false,USD,2025-10-19T20:27:19.452Z
hi,binder,Forest,ACR,Assassin's Creed,110,normal,common,2,95391,650e47f3-476f-4b32-b892-c1a01335d0fe,0.18,false,false,false,near_mint,en,false,USD,2025-10-19T20:27:19.452Z
hi,binder,Forest,JMP,Jumpstart,76,normal,common,1,51452,b5b4e14a-ab24-4740-b727-165ee9d22e99,0.18,false,false,false,near_mint,en,false,USD,2025-10-19T20:27:19.452Z
hi,binder,Forest,STX,Strixhaven: School of Mages,375,normal,common,1,58129,659a7d45-af0d-4a4a-a878-e8e40b732bfa,0.1,false,false,false,near_mint,en,false,USD,2025-10-19T20:27:19.452Z
hi,binder,Forest,WAR,War of the Spark,264,normal,common,1,44140,0120879f-df13-4583-b260-0fc298518f16,0.07,false,false,false,near_mint,en,false,USD,2025-10-19T20:27:19.452Z
hi,binder,Forest,WAR,War of the Spark,263,normal,common,1,44141,74ef8358-9812-4d40-9532-d667513d7701,0.11,false,false,false,near_mint,en,false,USD,2025-10-19T20:27:19.452Z
hi,binder,Forest,WAR,War of the Spark,262,normal,common,1,44142,a9d61651-349e-40d0-a7c4-c9561e190405,0.08,false,false,false,near_mint,en,false,USD,2025-10-19T20:27:19.452Z
hi,binder,Forest,HOU,Hour of Devastation,199,normal,common,1,4476,e99aacd5-c692-4de8-b565-d5092598295d,0.1,false,false,false,near_mint,en,false,USD,2025-10-19T20:27:19.452Z
hi,binder,Forest,BRO,The Brothers' War,277,normal,common,1,75612,8a73d19b-72e3-4944-ac20-5b4c7b54c2aa,0.07,false,false,false,near_mint,en,false,USD,2025-10-19T20:27:19.452Z
hi,binder,Forest,DMU,Dominaria United,274,normal,common,1,71442,52097f6a-58d3-4176-b3bf-dc94f44adf30,0.11,false,false,false,near_mint,en,false,USD,2025-10-19T20:27:19.452Z
hi,binder,Forest,MBS,Mirrodin Besieged,154,normal,common,1,19987,c8c84076-d503-48df-9b6c-9d4a835501b6,0.16,false,false,false,near_mint,en,false,USD,2025-10-19T20:27:19.452Z
hi,binder,Island,ELD,Throne of Eldraine,256,normal,common,1,46082,772b4f6b-dc2b-4247-8f55-f37608d75725,0.1,false,false,false,near_mint,en,false,USD,2025-10-19T20:27:19.452Z
hi,binder,Island,ZNR,Zendikar Rising,381,normal,common,1,54556,589a324f-4466-4d4a-8cfb-806a041d7c1f,0.56,false,false,false,near_mint,en,false,USD,2025-10-19T20:27:19.452Z
hi,binder,Island,MH3,Modern Horizons 3,313,normal,common,1,94633,d4f54250-74a9-4f77-bf60-bf13585c1a1b,0.08,false,false,false,near_mint,en,false,USD,2025-10-19T20:27:19.452Z
hi,binder,Island,CMM,Commander Masters,440,normal,common,1,84813,bdb63d4b-0bca-4b8e-bed0-0dc29ad0bac3,0.42,false,false,false,near_mint,en,false,USD,2025-10-19T20:27:19.452Z
hi,binder,Island,STX,Strixhaven: School of Mages,368,normal,common,1,58318,c96f9fb6-ef52-43f9-a458-8602a7c83333,0.14,false,false,false,near_mint,en,false,USD,2025-10-19T20:27:19.452Z
hi,binder,Island,MIR,Mirage,337,normal,common,1,38253,1e571f07-167f-4a7d-8f98-0c98d7d15e81,0.49,false,false,false,near_mint,en,false,USD,2025-10-19T20:27:19.452Z
hi,binder,Island,MIR,Mirage,335,normal,common,1,38255,df84bf1b-8698-4c3e-baa9-926f0efc6a12,0.94,false,false,false,near_mint,en,false,USD,2025-10-19T20:27:19.452Z
hi,binder,Island,S99,Starter 1999,161,normal,common,1,34541,62e50bf5-6eef-46f9-b7b9-fd0ef91f62df,0.52,false,false,false,near_mint,en,false,USD,2025-10-19T20:27:19.452Z
hi,binder,Island,ICE,Ice Age,370,normal,common,1,39439,82f11c42-9d67-4833-9519-e165e6a7e9c4,1.1,false,false,false,near_mint,en,false,USD,2025-10-19T20:27:19.452Z
hi,binder,Island,WOE,Wilds of Eldraine,269,normal,common,1,85445,6245d2f8-8ef0-4d2a-9abb-99839dc3abf0,0.07,false,false,false,near_mint,en,false,USD,2025-10-19T20:27:19.452Z
hi,binder,Island,TMP,Tempest,335,normal,common,1,36664,22578bc8-10c6-4598-82bc-70e970a8f518,0.45,false,false,false,near_mint,en,false,USD,2025-10-19T20:27:19.452Z
hi,binder,Island,ELD,Throne of Eldraine,257,normal,common,1,46081,49fb2a1e-9995-49c3-bfc7-7f392c95e16a,0.18,false,false,false,near_mint,en,false,USD,2025-10-19T20:27:19.452Z
hi,binder,Island,MH3,Modern Horizons 3,312,normal,common,2,94480,64daf0ac-678b-4683-9351-a6daf9c9f849,0.06,false,false,false,near_mint,en,false,USD,2025-10-19T20:27:19.452Z
hi,binder,Island,DDO,Duel Decks: Elspeth vs. Kiora,61,normal,common,1,11869,8c1482b0-9792-4c58-a075-26e8f485f78b,0.17,false,false,false,near_mint,en,false,USD,2025-10-19T20:27:19.452Z
hi,binder,Snow-Covered Island,KHM,Kaldheim,278,normal,common,1,56828,3bfa5ebc-5623-4eec-89ea-dc187489ee4a,0.73,false,false,false,near_mint,en,false,USD,2025-10-19T20:27:19.452Z
hi,binder,Snow-Covered Island,KHM,Kaldheim,279,normal,common,1,56750,0dcf8c0a-cf91-42a0-a54e-da5e7c697ee3,0.73,false,false,false,near_mint,en,false,USD,2025-10-19T20:27:19.452Z
hi,binder,Swamp,MID,Innistrad: Midnight Hunt,382,normal,common,1,63187,2f4b9030-f04a-4f42-8dd8-2eae0ce7e420,0.14,false,false,false,near_mint,en,false,USD,2025-10-19T20:27:19.452Z
hi,binder,Swamp,STX,Strixhaven: School of Mages,370,normal,common,2,58008,13bd1c69-2561-4ff1-af00-bb519b3897c2,0.1,false,false,false,near_mint,en,false,USD,2025-10-19T20:27:19.452Z
hi,binder,Swamp,ONE,Phyrexia: All Will Be One,274,normal,common,2,78247,d485c620-f1fb-4715-b7c5-d2d56588308d,0.16,false,false,false,near_mint,en,false,USD,2025-10-19T20:27:19.452Z
hi,binder,Plains,DDO,Duel Decks: Elspeth vs. Kiora,30,normal,common,4,11900,27462523-a5b9-440a-8220-68ae46db5f18,0.19,false,false,false,near_mint,en,false,USD,2025-10-19T20:27:19.452Z
hi,binder,Mountain,XLN,Ixalan,275,normal,common,2,3737,df190cfa-ebb6-48e8-9980-950a26d0f2d8,0.08,false,false,false,near_mint,en,false,USD,2025-10-19T20:27:19.452Z
hi,binder,Plains,ORI,Magic Origins,255,normal,common,4,10687,0e683531-4a59-4461-b589-5ebcbc51a600,0.07,false,false,false,near_mint,en,false,USD,2025-10-19T20:27:19.452Z
hi,binder,Forest,DDO,Duel Decks: Elspeth vs. Kiora,64,normal,common,3,11866,6a0715a0-dce2-427d-964c-0e179309499d,0.18,false,false,false,near_mint,en,false,USD,2025-10-19T20:27:19.452Z
hi,binder,Forest,THS,Theros,246,normal,common,3,15418,ddfd1469-94b9-4964-ada6-4fb43b0b9282,0.09,false,false,false,near_mint,en,false,USD,2025-10-19T20:27:19.452Z
hi,binder,Island,DOM,Dominaria,254,normal,common,6,2022,0ce67a27-aa80-46ac-955a-8fea336995d9,0.09,false,false,false,near_mint,en,false,USD,2025-10-19T20:27:19.452Z
hi,binder,Plains,OTJ,Outlaws of Thunder Junction,278,normal,common,6,93955,fe60da77-084c-49e8-9948-9ac4b6a6382f,0.08,false,false,false,near_mint,en,false,USD,2025-10-19T20:27:19.452Z
hi,binder,Swamp,DDK,Duel Decks: Sorin vs. Tibalt,80,normal,common,6,16493,183acdf0-bd08-4598-966d-426dea71583d,0.28,false,false,false,near_mint,en,false,USD,2025-10-19T20:27:19.452Z
hi,binder,Forest,C18,Commander 2018,305,normal,common,3,538,3d365b22-2304-4f20-86f9-9560f59546f1,0.11,false,false,false,near_mint,en,false,USD,2025-10-19T20:27:19.452Z
hi,binder,Forest,DDO,Duel Decks: Elspeth vs. Kiora,65,normal,common,4,11865,7272906c-14f2-4e06-bbea-b461369e151a,0.08,false,false,false,near_mint,en,false,USD,2025-10-19T20:27:19.452Z
hi,binder,Island,KLD,Kaladesh,253,normal,common,4,7390,8ca139d8-08a1-45d4-be9d-2ee5c9b3de43,0.07,false,false,false,near_mint,en,false,USD,2025-10-19T20:27:19.452Z
hi,binder,Island,KLD,Kaladesh,254,normal,common,4,7389,086d6aed-1f7e-4a80-8d66-01d995f344ed,0.1,false,false,false,near_mint,en,false,USD,2025-10-19T20:27:19.452Z
hi,binder,Mountain,FDN,Foundations,278,normal,common,4,100284,279df7e2-2a3b-464a-a7df-e91da28e3a8c,0.1,false,false,false,near_mint,en,false,USD,2025-10-19T20:27:19.452Z
hi,binder,Forest,ZNR,Zendikar Rising,384,normal,common,3,54498,2b90e88b-60a3-4d1d-bb8c-14633e5005a5,0.95,false,false,false,near_mint,en,false,USD,2025-10-19T20:27:19.452Z
hi,binder,Forest,PCA,Planechase Anthology,155,normal,common,2,6526,9a667819-0b08-4044-b731-09d3bc41e2b9,0.15,false,false,false,near_mint,en,false,USD,2025-10-19T20:27:19.452Z
hi,binder,Plains,C18,Commander 2018,294,normal,common,2,549,a8ab8c09-851d-4f38-8d30-a61fca7629be,0.07,false,false,false,near_mint,en,false,USD,2025-10-19T20:27:19.452Z
hi,binder,Forest,RIX,Rivals of Ixalan,196,normal,common,3,2822,92c9e16d-525b-4ba9-890d-fa2719206ba0,0.93,false,false,false,near_mint,en,false,USD,2025-10-19T20:27:19.452Z
hi,binder,Forest,DMU,Dominaria United,276,normal,common,1,71330,279ebd05-229a-4a4a-a1c0-c5f24d16dee3,0.06,false,false,false,near_mint,en,false,USD,2025-10-19T20:27:45.191Z
hi,binder,Spara's Headquarters,SNC,Streets of New Capenna,293,normal,rare,1,67645,229a0d4a-3777-451d-a2fb-f1a2fdf8019f,20.65,false,false,false,near_mint,en,false,USD,2025-10-19T23:18:36.069Z
hi,binder,The First Sliver,MH1,Modern Horizons,200,normal,mythic,1,44734,06d4fbe1-8a2f-4958-bb85-1a1e5f1e8d87,36.39,false,false,false,near_mint,en,false,USD,2025-10-19T23:18:36.069Z
hi,binder,"Balmor, Battlemage Captain",DMU,Dominaria United,295,normal,uncommon,1,71326,25e3ba0f-0879-4eea-9911-14b874f039b3,0.18,false,false,false,near_mint,en,false,USD,2025-10-19T23:18:36.069Z
hi,binder,"Tura Kennerüd, Skyknight",DMU,Dominaria United,323,normal,uncommon,1,71789,d710ba7b-b0c9-4372-8f6e-1938bd114ac4,0.05,false,false,false,near_mint,en,false,USD,2025-10-19T23:18:36.069Z
hi,binder,"Harald, King of Skemfar",KHM,Kaldheim,323,normal,uncommon,1,56979,8fc37772-7052-46a9-a34e-f982331595a3,0.14,false,false,false,near_mint,en,false,USD,2025-10-19T23:18:36.069Z
hi,binder,Moritte of the Frost,KHM,Kaldheim,328,normal,uncommon,1,57151,f47d29bb-8710-4a3d-8789-38956fa7a2be,0.13,false,false,false,near_mint,en,false,USD,2025-10-19T23:18:36.069Z
hi,binder,Oversold Cemetery,WOT,Wilds of Eldraine: Enchanting Tales,33,normal,rare,1,85377,48a6cfd3-20bb-431b-b3f5-bb32a26e5002,2.17,false,false,false,near_mint,en,false,USD,2025-10-19T23:18:36.069Z
hi,binder,Alrund's Epiphany,KHM,Kaldheim,295,normal,mythic,1,56925,6dd24105-4202-4690-bb62-16d0b9c291c9,2.91,false,false,false,near_mint,en,false,USD,2025-10-19T23:20:02.453Z
hi,binder,Hazel of the Rootbloom,BLC,Bloomburrow Commander,2,normal,mythic,1,95746,1269ca79-907e-4932-9e77-a9a5d2929060,4.22,false,false,false,near_mint,en,false,USD,2025-10-19T23:20:02.453Z
hi,binder,Hypothesizzle,OTP,Breaking News,48,normal,uncommon,1,93142,4448d31e-faf4-4281-af48-4f638b939a62,0.11,false,false,false,near_mint,en,false,USD,2025-10-19T23:20:02.453Z
hi,binder,Jeskai Revelation,TDM,Tarkir: Dragonstorm,361,normal,mythic,1,104741,7679a6a2-7704-4f37-9fdd-24414d411599,0.6,false,false,false,near_mint,en,false,USD,2025-10-19T23:20:02.453Z
hi,binder,Mountain,MH3,Modern Horizons 3,307,normal,common,1,91787,e9744bb5-9ad1-4287-9929-1146377d975b,0.22,false,false,false,near_mint,en,false,USD,2025-10-19T23:22:37.511Z
hi,binder,Stormshriek Feral // Flush Out,TDM,Tarkir: Dragonstorm,304,normal,common,1,104535,322e4880-f3f0-44d8-8f95-48b496af0e81,0.13,false,false,false,near_mint,en,false,USD,2025-10-19T23:22:37.511Z
hi,binder,"Tori D'Avenant, Fury Rider",DMU,Dominaria United,322,normal,uncommon,1,71505,676bc62e-f685-45cb-bcdd-d8adbe9c4ccb,0.09,false,false,false,near_mint,en,false,USD,2025-10-19T23:22:37.511Z
hi,binder,"Danitha, Benalia's Hope",DMU,Dominaria United,287,normal,rare,1,71300,1d9609d8-4dcf-4b70-b947-a4d62275f34a,0.31,false,false,false,near_mint,en,false,USD,2025-10-19T23:22:37.511Z
hi,binder,"Basandra, Battle Seraph",CMA,Commander Anthology,174,normal,rare,1,5112,6e5baa27-3f6b-49bb-9927-5afc21b9cc3f,2.45,false,false,false,near_mint,en,false,USD,2025-10-19T23:22:37.511Z
hi,binder,Mountain,DMU,Dominaria United,280,normal,common,1,71237,0aaf15b9-1bf5-424a-a994-67beaae29d36,1.39,false,false,false,near_mint,en,false,USD,2025-10-19T23:22:37.511Z
hi,binder,Mountain,BLB,Bloomburrow,275,normal,common,1,91698,02244055-cbeb-4074-9482-42ec20721312,0.22,false,false,false,near_mint,en,false,USD,2025-10-19T23:22:37.511Z
hi,binder,Mountain,MH3,Modern Horizons 3,316,normal,common,1,94356,186e36d5-3f1d-4423-a8db-f4c38898fa30,0.08,false,false,false,near_mint,en,false,USD,2025-10-19T23:26:41.327Z
hi,binder,Akroan Crusader,UMA,Ultimate Masters,121,normal,common,1,43388,73d295ac-3c83-47db-a324-aa4907bcefdd,0.09,false,false,false,near_mint,en,false,USD,2025-10-19T23:26:41.327Z
hi,binder,Wings of the Cosmos,KHM,Kaldheim,39,normal,common,1,57101,d6b26c95-f90d-43fb-8c99-2a3aa13ac2c6,0.03,false,false,false,near_mint,en,false,USD,2025-10-19T23:26:41.327Z
hi,binder,Unstable Amulet,MH3,Modern Horizons 3,142,normal,uncommon,1,94559,9d9949f5-8d6c-4ea9-b203-99e8a57a6c60,0.07,false,false,false,near_mint,en,false,USD,2025-10-19T23:26:41.327Z
hi,binder,Expel the Unworthy,MH3,Modern Horizons 3,25,normal,common,2,94467,5f68baee-f503-407d-931f-2a550470a55f,0.02,false,false,false,near_mint,en,false,USD,2025-10-19T23:26:41.327Z
hi,binder,Glimpse the Impossible,MH3,Modern Horizons 3,124,normal,common,1,94349,133ad0dd-5b61-4c38-9264-0b0e75b95d95,0.2,false,false,false,near_mint,en,false,USD,2025-10-19T23:26:41.327Z
hi,binder,Vexing Bauble,MH3,Modern Horizons 3,212,normal,uncommon,1,94391,29f11089-658f-42e6-aeb0-09b512ad2479,1.27,false,false,false,near_mint,en,false,USD,2025-10-19T23:26:41.327Z
hi,binder,Mandibular Kite,MH3,Modern Horizons 3,34,normal,common,1,94492,6b922f71-18e6-4a74-b792-d477d4a1deca,0.03,false,false,false,near_mint,en,false,USD,2025-10-19T23:26:41.327Z
hi,binder,Sarpadian Simulacrum,MH3,Modern Horizons 3,135,normal,common,1,94835,099c65d5-9dd3-41d3-9102-3f6cb30c7b8e,0.05,false,false,false,near_mint,en,false,USD,2025-10-19T23:26:41.327Z
hi,binder,Conduit Goblin,MH3,Modern Horizons 3,179,normal,common,1,94461,5c9ad04d-c4d4-4d06-93bb-a881be733717,0.03,false,false,false,near_mint,en,false,USD,2025-10-19T23:26:41.327Z
hi,binder,Chandra's Magmutt,M21,Core Set 2021,137,normal,common,1,50897,91d3e366-4da5-42c8-bbd5-a0c178c0da28,0.04,false,false,false,near_mint,en,false,USD,2025-10-19T23:26:41.327Z
hi,binder,Scale Blessing,2X2,Double Masters 2022,27,normal,uncommon,1,70331,79d5ed22-c0af-47dd-b6e8-49b51e354c7d,0.06,false,false,false,near_mint,en,false,USD,2025-10-19T23:26:41.327Z
hi,binder,Iron Verdict,KHM,Kaldheim,17,normal,common,1,56808,2fb38f5b-a2c2-4b06-8c9c-9615475a43e7,0.03,false,false,false,near_mint,en,false,USD,2025-10-19T23:26:41.327Z
hi,binder,Auspicious Arrival,MKM,Murders at Karlov Manor,288,normal,common,1,90842,49598c0a-3b3c-42a2-9358-ff072de9d9f2,0.05,false,false,false,near_mint,en,false,USD,2025-10-19T23:26:41.327Z
hi,binder,Hold at Bay,BNG,Born of the Gods,18,normal,common,1,14942,ffeb407d-6a42-488a-9869-83da3047e45d,0.03,false,false,false,near_mint,en,false,USD,2025-10-19T23:26:41.327Z
hi,binder,Battlefield Promotion,2X2,Double Masters 2022,7,normal,common,1,70213,4e4e3a08-05a6-4730-8b4a-a8cb440dc299,0.03,false,false,false,near_mint,en,false,USD,2025-10-19T23:26:41.327Z
hi,binder,Repel Calamity,BLB,Bloomburrow,27,normal,uncommon,1,95834,d068192a-6270-4981-819d-4945fa4a2b83,0.06,false,false,false,near_mint,en,false,USD,2025-10-19T23:26:41.327Z
hi,binder,Brambleguard Captain,BLB,Bloomburrow,127,normal,uncommon,1,95883,e200b8bf-f2f3-4157-8e04-02baf07a963e,0.07,false,false,false,near_mint,en,false,USD,2025-10-19T23:26:41.327Z
hi,binder,Radha's Firebrand,DMU,Dominaria United,141,normal,rare,1,71690,ae8a90c4-4a79-49e7-9fab-076b35d28adb,0.12,false,false,false,near_mint,en,false,USD,2025-10-19T23:26:41.327Z
hi,binder,Rodeo Pyromancers,OTJ,Outlaws of Thunder Junction,143,normal,common,1,93381,df877a29-06e1-474d-8600-410bbec674ae,0.05,false,false,false,near_mint,en,false,USD,2025-10-19T23:26:41.327Z
hi,binder,Silver Deputy,OTJ,Outlaws of Thunder Junction,248,normal,common,1,93124,39d2c11d-1eb8-4768-bc61-fa8f20a69462,0.05,false,false,false,near_mint,en,false,USD,2025-10-19T23:26:41.327Z
hi,binder,Furious Bellow,DMU,Dominaria United,126,normal,common,2,71496,63d05659-bfff-4b73-80f7-a9f31a7ef957,0.06,false,false,false,near_mint,en,false,USD,2025-10-19T23:26:41.327Z
hi,binder,Rune of Speed,KHM,Kaldheim,148,normal,uncommon,1,56856,47faee66-b274-466a-890e-bb396dda943d,0.1,false,false,false,near_mint,en,false,USD,2025-10-19T23:26:41.327Z
hi,binder,Fabled Hero,THS,Theros,12,normal,rare,1,15652,642d9a5c-5697-4747-adce-5a71bcf1c086,0.21,false,false,false,near_mint,en,false,USD,2025-10-19T23:26:41.327Z
hi,binder,Observant Alseid,THS,Theros,24,normal,common,1,15640,e1410d10-476a-4ed2-ae44-75383ed0e359,0.06,false,false,false,near_mint,en,false,USD,2025-10-19T23:26:41.327Z
hi,binder,Setessan Battle Priest,THS,Theros,29,normal,common,1,15635,9c9cfa33-dcec-4b34-9218-c08ad932d27b,0.05,false,false,false,near_mint,en,false,USD,2025-10-19T23:26:41.327Z
hi,binder,Demolish,THS,Theros,118,normal,common,2,15546,4a2446dd-d70f-4fdd-87d0-d402ba35d044,0.05,false,false,false,near_mint,en,false,USD,2025-10-19T23:26:41.327Z
hi,binder,Fearsome Temper,BNG,Born of the Gods,95,normal,common,1,14865,c6e7884c-2d66-42d1-87d1-1341a6fa52d8,0.03,false,false,false,near_mint,en,false,USD,2025-10-19T23:26:41.327Z
hi,binder,Spearpoint Oread,THS,Theros,141,normal,common,1,15523,22d9d241-74b8-4b40-b4b7-b8584012d482,0.05,false,false,false,near_mint,en,false,USD,2025-10-19T23:26:41.327Z
hi,binder,Wild Celebrants,CMR,Commander Legends,212,normal,common,1,55717,6b9e72f4-0087-4a79-b9af-296c8b930a25,0.02,false,false,false,near_mint,en,false,USD,2025-10-19T23:26:41.327Z
hi,binder,Decorated Griffin,THS,Theros,7,normal,uncommon,1,15657,7bc2f3a0-444d-4cad-970f-6c4a63b02cce,0.03,false,false,false,near_mint,en,false,USD,2025-10-19T23:26:41.327Z
hi,binder,Battlefield Raptor,KHM,Kaldheim,3,normal,common,1,56823,389f0045-218d-41cd-bdca-8a9a0ab1b31b,0.1,false,false,false,near_mint,en,false,USD,2025-10-19T23:26:41.327Z
hi,binder,Axgard Cavalry,FDN,Foundations,189,normal,common,2,101631,fe3cc41a-adae-4c9b-b4d3-03f3ca862fed,0.04,false,false,false,near_mint,en,false,USD,2025-10-19T23:26:41.327Z
hi,binder,Explosive Derailment,OTJ,Outlaws of Thunder Junction,122,normal,common,2,93417,f0e3df9c-0a86-4e6f-a3c7-84a883328a3d,0.14,false,false,false,near_mint,en,false,USD,2025-10-19T23:26:41.327Z
hi,binder,Goldmaw Champion,KHM,Kaldheim,14,normal,common,1,56846,44d4cd64-8560-48f5-b0bc-f75286c1c91c,0.03,false,false,false,near_mint,en,false,USD,2025-10-19T23:26:41.327Z
hi,binder,Pacifism,BBD,Battlebond,101,normal,common,2,1892,73d4f469-ff5c-4122-a254-2a4a2b1b7bf7,0.05,false,false,false,near_mint,en,false,USD,2025-10-19T23:26:41.327Z
hi,binder,Battlewise Valor,THS,Theros,1,normal,common,3,15663,7d967a4c-2323-4361-a907-5ca9140d8793,0.05,false,false,false,near_mint,en,false,USD,2025-10-19T23:26:41.327Z
hi,binder,Wingsteed Rider,2X2,Double Masters 2022,35,normal,common,2,70406,9e0234e0-6cdd-46b8-91b5-1b8ba7db3014,0.08,false,false,false,near_mint,en,false,USD,2025-10-19T23:26:41.327Z
hi,binder,Dauntless Onslaught,DDO,Duel Decks: Elspeth vs. Kiora,6,normal,uncommon,2,11924,0da57140-ccd3-4729-a892-fe2bb719d410,0.03,false,false,false,near_mint,en,false,USD,2025-10-19T23:26:41.327Z
hi,binder,Favored Hoplite,THS,Theros,13,normal,uncommon,1,15651,251015ed-9408-4941-894a-158551ed2613,0.1,false,false,false,near_mint,en,false,USD,2025-10-19T23:26:41.327Z
hi,binder,Phalanx Leader,UMA,Ultimate Masters,27,normal,uncommon,1,43472,96d22985-4354-4015-bd74-0ddf4f0cdf17,0.15,false,false,false,near_mint,en,false,USD,2025-10-19T23:26:41.327Z
hi,binder,Keldon Flamesage,DMU,Dominaria United,135,normal,rare,1,71531,710d2a3c-63a7-4e33-9ae3-21fb6b3d8326,0.14,false,false,false,near_mint,en,false,USD,2025-10-19T23:26:41.327Z
hi,binder,Relic of Legends,DMU,Dominaria United,236,normal,uncommon,1,71498,64a2809e-c441-416c-90ff-6fb1e246dff3,1.77,false,false,false,near_mint,en,false,USD,2025-10-19T23:26:41.327Z
hi,binder,Captain's Call,DMU,Dominaria United,9,normal,common,1,71248,0c7ed7e0-0e80-44d3-a7af-b4c321239df8,0.05,false,false,false,near_mint,en,false,USD,2025-10-19T23:26:41.327Z
hi,binder,Keldon Strike Team,DMU,Dominaria United,136,normal,common,1,71427,4af4031e-b14e-4568-b047-b3d470d9b18e,0.03,false,false,false,near_mint,en,false,USD,2025-10-19T23:26:41.327Z
hi,binder,Charismatic Vanguard,DMU,Dominaria United,10,normal,common,1,71666,a51764fe-0d75-4cfa-a699-0d9e7ffb7843,0.02,false,false,false,near_mint,en,false,USD,2025-10-19T23:26:41.327Z
hi,binder,Shock,STA,Strixhaven Mystical Archive,44,normal,uncommon,1,58120,60eeb025-704c-4a82-90b2-f91202ae30d9,0.15,false,false,false,near_mint,en,false,USD,2025-10-19T23:26:41.327Z
hi,binder,Claim the Firstborn,STA,Strixhaven Mystical Archive,37,normal,uncommon,1,58357,e3cb6157-ea56-4921-b803-59e3fbef0b94,0.15,false,false,false,near_mint,en,false,USD,2025-10-19T23:26:41.327Z
hi,binder,Combat Medic,FEM,Fallen Empires,1c,normal,common,1,40381,ee9d1eac-3ac2-4881-a984-e40d87f60784,0.1,false,false,false,near_mint,en,false,USD,2025-10-19T23:26:41.327Z
hi,binder,Icatian Scout,FEM,Fallen Empires,13d,normal,common,1,40356,db63ad7f-6dc4-4249-b360-46ec5569a5a9,0.19,false,false,false,near_mint,en,false,USD,2025-10-19T23:26:41.327Z
hi,binder,Access Tunnel,TDC,Tarkir: Dragonstorm Commander,337,normal,uncommon,2,104625,4bef5957-71a4-4fe0-b2ce-dff8e8690bd9,0.36,false,false,false,near_mint,en,false,USD,2025-10-19T23:26:41.327Z
hi,binder,Spirit Summoning,STX,Strixhaven: School of Mages,236,normal,common,1,58149,74be6236-4095-419c-9927-fbd874df21f8,0.04,false,false,false,near_mint,en,false,USD,2025-10-19T23:26:41.327Z
hi,binder,Pillardrop Rescuer,STX,Strixhaven: School of Mages,23,normal,common,2,57986,0884666e-8f9b-44b1-a1e3-c1c8941e2152,0.03,false,false,false,near_mint,en,false,USD,2025-10-19T23:26:41.327Z
hi,binder,Stonebound Mentor,STX,Strixhaven: School of Mages,239,normal,common,2,58239,9c64e954-adfc-40a2-a3b2-85f1b4626976,0.05,false,false,false,near_mint,en,false,USD,2025-10-19T23:26:41.327Z
hi,binder,Make Your Mark,STX,Strixhaven: School of Mages,204,normal,common,1,58176,7e937830-3804-44e8-b9d0-3e5f5cf39eab,0.06,false,false,false,near_mint,en,false,USD,2025-10-19T23:26:41.327Z
hi,binder,Destructive Tampering,M21,Core Set 2021,141,normal,common,1,50975,bfe6a3a9-8d62-47c4-a78b-9baa9133a540,0.03,false,false,false,near_mint,en,false,USD,2025-10-19T23:26:41.327Z
hi,binder,Scorching Dragonfire,FDN,Foundations,545,normal,common,1,101507,44ea09c1-d420-4e99-a968-ade614579287,0.2,false,false,false,near_mint,en,false,USD,2025-10-19T23:26:41.327Z
hi,binder,Igneous Cur,M21,Core Set 2021,153,normal,common,1,51006,d2bfec5d-3182-415a-afe8-0b5511cfd656,0.04,false,false,false,near_mint,en,false,USD,2025-10-19T23:26:41.327Z
hi,binder,Secure the Scene,M21,Core Set 2021,35,normal,common,1,51023,d6467d96-e43a-4b1e-b6ce-578d991077b5,0.04,false,false,false,near_mint,en,false,USD,2025-10-19T23:26:41.327Z
hi,binder,Traitorous Greed,M21,Core Set 2021,166,normal,uncommon,1,50944,ab7052f1-9736-47b6-9da3-8c5ca925ab54,0.1,false,false,false,near_mint,en,false,USD,2025-10-19T23:26:41.327Z
hi,binder,Tuskeri Firewalker,KHM,Kaldheim,157,normal,common,2,57020,a54d0170-a375-4e65-b98d-3e94a3aeef90,0.02,false,false,false,near_mint,en,false,USD,2025-10-19T23:26:41.327Z
hi,binder,Vanquish the Foul,THS,Theros,35,normal,uncommon,2,15629,8fdcec06-e33c-4737-b81e-b156d6e3fd77,0.04,false,false,false,near_mint,en,false,USD,2025-10-19T23:26:41.327Z
hi,binder,Make a Wish,ISD,Innistrad,192,normal,uncommon,1,18706,d0a8508d-25a7-4fb2-8aa3-349275f80c42,0.05,false,false,false,near_mint,en,false,USD,2025-10-19T23:30:02.832Z
hi,binder,Recollect,M19,Core Set 2019,197,normal,uncommon,2,1115,f127214f-3e91-4988-b593-1568d0ae1718,0.11,false,false,false,near_mint,en,false,USD,2025-10-19T23:30:02.832Z
hi,binder,Smogsteed Rider,GPT,Guildpact,63,normal,uncommon,1,27532,04d2b2bf-92bc-4362-b232-8a403b9a7ade,0.19,false,false,false,near_mint,en,false,USD,2025-10-19T23:30:02.832Z
hi,binder,Duress,STA,Strixhaven Mystical Archive,29,normal,uncommon,1,58112,5bb89f3f-f3b0-402d-9f3c-5b4b8a9d1e91,0.18,false,false,false,near_mint,en,false,USD,2025-10-19T23:30:02.832Z
hi,binder,Nightmare's Thirst,M19,Core Set 2019,111,normal,uncommon,1,1201,f12efbc0-ce88-4622-ad07-2808e651ac5a,0.09,false,false,false,near_mint,en,false,USD,2025-10-19T23:30:02.832Z
hi,binder,Forsaken Sanctuary,C18,Commander 2018,247,normal,uncommon,1,596,f3e0b983-62e7-43fb-b5d5-402ea60a64d7,0.24,false,false,false,near_mint,en,false,USD,2025-10-19T23:30:02.832Z
hi,binder,Orzhov Guildgate,CLU,Ravnica: Clue Edition,242,normal,common,1,91267,e59ddc7f-6c6e-4acc-aac7-63736a77a199,0.15,false,false,false,near_mint,en,false,USD,2025-10-19T23:30:02.832Z
hi,binder,Launch Party,RTR,Return to Ravnica,69,normal,common,1,17353,53f29821-902e-41bc-97a2-6fc7a710cbdb,0.02,false,false,false,near_mint,en,false,USD,2025-10-19T23:30:02.832Z
hi,binder,Murder,M19,Core Set 2019,110,normal,uncommon,1,1202,45368bf3-d5e9-43e6-a67d-93c2e93acc72,0.07,false,false,false,near_mint,en,false,USD,2025-10-19T23:30:02.832Z
hi,binder,Lich's Caress,M19,Core Set 2019,105,normal,common,1,1207,32bd3acd-aa62-4708-9336-e3430fd0e541,0.03,false,false,false,near_mint,en,false,USD,2025-10-19T23:30:02.832Z
hi,binder,Kor Celebrant,ZNR,Zendikar Rising,22,normal,common,2,54635,87c37e46-a961-4739-8893-f783013e2be6,0.09,false,false,false,near_mint,en,false,USD,2025-10-19T23:30:02.832Z
hi,binder,Last Breath,2X2,Double Masters 2022,15,normal,common,1,70065,12cca37a-7efd-4b01-bf96-15d0a032524d,0.03,false,false,false,near_mint,en,false,USD,2025-10-19T23:30:02.832Z
hi,binder,Norn's Annex,CMM,Commander Masters,829,normal,rare,1,84910,d25bbe18-709c-4ed3-a047-5578ecfaaba7,5.66,false,false,false,near_mint,en,false,USD,2025-10-19T23:30:02.832Z
hi,binder,"Liesa, Shroud of Dusk",CMR,Commander Legends,286,normal,rare,1,55936,e32453a1-1fd9-4bda-aaa8-7c287e4c2587,0.79,false,false,false,near_mint,en,false,USD,2025-10-19T23:30:02.832Z
hi,binder,Talisman of Hierarchy,FIC,Final Fantasy Commander,365,normal,uncommon,1,106000,79696e14-837f-431a-b5fb-fe3620bb8262,0.53,false,false,false,near_mint,en,false,USD,2025-10-19T23:30:02.832Z
hi,binder,Mind Stone,PIP,Fallout,235,normal,uncommon,1,92618,b88baf29-a556-4e89-8471-9ba9bc8efe2c,0.2,false,false,false,near_mint,en,false,USD,2025-10-19T23:30:02.832Z
hi,binder,Adarkar Wastes,EOC,Edge of Eternities Commander,147,normal,rare,1,107263,42e0aa15-639a-4e88-9bd8-ce5e7c7d7649,0.32,false,false,false,near_mint,en,false,USD,2025-10-19T23:45:12.490Z
hi,binder,Aether Channeler,BLC,Bloomburrow Commander,160,normal,rare,1,96201,213df60e-5ada-41ff-98e6-0ba094a6bed2,0.16,false,false,false,near_mint,en,false,USD,2025-10-19T23:45:12.490Z
hi,binder,Aetherize,FDN,Foundations,151,normal,uncommon,1,100225,1e5530fc-0291-4a17-b048-c5d24e6f51d8,0.47,false,false,false,near_mint,en,false,USD,2025-10-19T23:45:12.490Z
hi,binder,Agate Instigator,BLC,Bloomburrow Commander,21,normal,rare,1,96403,9f838603-f7cd-497d-8d2b-d4cca03c1af7,4.4,false,false,false,near_mint,en,false,USD,2025-10-19T23:45:12.490Z
hi,binder,Azorius Signet,TDC,Tarkir: Dragonstorm Commander,312,normal,uncommon,2,104586,41c50b99-4a29-4bef-8d41-c548c8a61dac,0.18,false,false,false,near_mint,en,false,USD,2025-10-19T23:45:12.490Z
hi,binder,Battlefield Forge,BLC,Bloomburrow Commander,293,normal,rare,1,96208,24323a73-8c9a-4cd4-a98f-9ea0d1f33bf6,0.23,false,false,false,near_mint,en,false,USD,2025-10-19T23:45:12.490Z
hi,binder,Blade Splicer,BLC,Bloomburrow Commander,136,normal,rare,1,96378,8ea1a510-ec87-4c93-bcf2-0c91738b008f,0.13,false,false,false,near_mint,en,false,USD,2025-10-19T23:45:12.490Z
hi,binder,Boros Signet,TDC,Tarkir: Dragonstorm Commander,314,normal,uncommon,1,104614,49c37c0e-d363-4033-a069-710241cd9923,0.6,false,false,false,near_mint,en,false,USD,2025-10-19T23:45:12.490Z
hi,binder,Boss's Chauffeur,BLC,Bloomburrow Commander,137,normal,rare,1,96373,8936a2b6-4b00-4d74-bebb-a76d6f6b09b1,0.06,false,false,false,near_mint,en,false,USD,2025-10-19T23:45:12.490Z
hi,binder,Calamity of Cinders,BLC,Bloomburrow Commander,23,normal,rare,1,96392,97c72d4b-a5d4-4f68-bbcd-b7ed0326fc1c,0.08,false,false,false,near_mint,en,false,USD,2025-10-19T23:45:12.490Z
hi,binder,Cascade Bluffs,EOC,Edge of Eternities Commander,153,normal,rare,2,107260,3aa15173-06c7-4d25-97c8-523d23eaf973,0.6,false,false,false,near_mint,en,false,USD,2025-10-19T23:45:12.490Z
hi,binder,Castle Ardenvale,TDC,Tarkir: Dragonstorm Commander,346,normal,rare,1,104698,65e4de2e-47d2-4967-be31-9df0057a9c74,0.14,false,false,false,near_mint,en,false,USD,2025-10-19T23:45:12.490Z
hi,binder,Chart a Course,BLC,Bloomburrow Commander,110,normal,uncommon,1,96427,b005b866-b83c-4413-9db7-465f614a4029,0.1,false,false,false,near_mint,en,false,USD,2025-10-19T23:45:12.490Z
hi,binder,Circuit Mender,BLC,Bloomburrow Commander,267,normal,uncommon,1,96505,e572c156-3b1b-4b89-b9aa-5992aaa01d4c,0.1,false,false,false,near_mint,en,false,USD,2025-10-19T23:45:12.490Z
hi,binder,Clifftop Retreat,EOC,Edge of Eternities Commander,155,normal,rare,1,107355,f795f6fd-eac9-4c6d-90f5-bc475c8d69ac,0.24,false,false,false,near_mint,en,false,USD,2025-10-19T23:45:12.490Z
hi,binder,Cloudblazer,FDN,Foundations,653,normal,uncommon,2,100959,a9c966ab-0d92-4fa7-8a91-1f77089d8fc7,0.13,false,false,false,near_mint,en,false,USD,2025-10-19T23:45:12.490Z
hi,binder,Combat Celebrant,BLC,Bloomburrow Commander,194,normal,mythic,1,96261,3e611db6-0819-487c-bc05-17c92d79c75b,0.49,false,false,false,near_mint,en,false,USD,2025-10-19T23:45:12.490Z
hi,binder,Curiosity Crafter,BLC,Bloomburrow Commander,165,normal,rare,1,96244,34473117-ede4-492d-bdd1-e89818cfbf5c,0.39,false,false,false,near_mint,en,false,USD,2025-10-19T23:45:12.490Z
hi,binder,Cut a Deal,BLC,Bloomburrow Commander,105,normal,uncommon,1,96213,27a233b3-aeb3-4bc4-8c81-fcca514c3eb5,0.17,false,false,false,near_mint,en,false,USD,2025-10-19T23:45:12.490Z
hi,binder,Devilish Valet,BLC,Bloomburrow Commander,195,normal,rare,2,96393,991eca84-5562-40e1-bc63-12dc469779b6,0.1,false,false,false,near_mint,en,false,USD,2025-10-19T23:45:12.490Z
hi,binder,Dusk // Dawn,DRC,Aetherdrift Commander,65,normal,rare,1,103236,b75c309f-b48f-46c6-aef7-7e7ca64da262,0.2,false,false,false,near_mint,en,false,USD,2025-10-19T23:45:12.490Z
hi,binder,Echoing Assault,BLC,Bloomburrow Commander,24,normal,rare,1,96240,3213bfee-c0a0-49a2-9080-cdaa09b414c5,0.19,false,false,false,near_mint,en,false,USD,2025-10-19T23:45:12.490Z
hi,binder,Elemental,TTDC,Tarkir: Dragonstorm Commander Tokens,27,normal,common,1,104756,7b19a41d-95c1-4cd8-89fc-4ec89ab10884,,false,false,false,near_mint,en,false,USD,2025-10-19T23:45:12.490Z
hi,binder,"Elspeth, Sun's Champion",BLC,Bloomburrow Commander,97,normal,mythic,1,96333,6f816d97-10f0-4d92-aa21-254754530554,2.73,false,false,false,near_mint,en,false,USD,2025-10-19T23:45:12.490Z
hi,binder,Exotic Orchard,BLC,Bloomburrow Commander,131,normal,rare,1,96507,e6d8d98d-29b2-4ca2-bbda-4db2e8f6ae0b,0.22,false,false,false,near_mint,en,false,USD,2025-10-19T23:45:12.490Z
hi,binder,Ferrous Lake,TDC,Tarkir: Dragonstorm Commander,361,normal,rare,2,104583,4105785e-cbaa-4017-ae93-ba5ac8f2fd4c,0.28,false,false,false,near_mint,en,false,USD,2025-10-19T23:45:12.490Z
hi,binder,Fortune Teller's Talent,BLC,Bloomburrow Commander,14,normal,rare,1,96407,a1d43877-20ab-4e84-a597-4b5e03a6bf90,0.46,false,false,false,near_mint,en,false,USD,2025-10-19T23:45:12.490Z
hi,binder,Glacial Fortress,BLC,Bloomburrow Commander,307,normal,rare,1,96356,805ce12b-58eb-4584-a02e-d55ce3e527ce,0.21,false,false,false,near_mint,en,false,USD,2025-10-19T23:45:12.490Z
hi,binder,Hanged Executioner,BLC,Bloomburrow Commander,139,normal,rare,2,96212,2791a28a-30fa-4f1a-9f05-f3db155b6f06,0.09,false,false,false,near_mint,en,false,USD,2025-10-19T23:45:12.490Z
hi,binder,Illusory Ambusher,BLC,Bloomburrow Commander,167,normal,uncommon,1,96504,e4f6a399-a5af-4f8a-ac57-c26fd3fb033b,0.06,false,false,false,near_mint,en,false,USD,2025-10-19T23:45:12.490Z
hi,binder,Inferno Titan,BLC,Bloomburrow Commander,198,normal,mythic,1,96302,5b99f2f2-7000-401a-9201-b604238baf7a,0.1,false,false,false,near_mint,en,false,USD,2025-10-19T23:45:12.490Z
hi,binder,Island,BLB,Bloomburrow,372,normal,common,2,95998,10125dab-fe82-4796-b5db-3bd6ad389e1d,0.08,false,false,false,near_mint,en,false,USD,2025-10-19T23:45:12.490Z
hi,binder,Island,BLB,Bloomburrow,371,normal,common,2,96025,46848fc2-ba58-4738-b4ce-0399d9053f48,0.07,false,false,false,near_mint,en,false,USD,2025-10-19T23:45:12.490Z
hi,binder,Izzet Signet,TDC,Tarkir: Dragonstorm Commander,320,normal,common,2,104518,2c747a97-9070-4c1e-b7b7-52637fbb30e1,0.35,false,false,false,near_mint,en,false,USD,2025-10-19T23:45:12.490Z
hi,binder,Jacked Rabbit,BLC,Bloomburrow Commander,9,normal,rare,1,96226,2c695df6-6bf2-4e6b-8500-e3116137ca27,1.79,false,false,false,near_mint,en,false,USD,2025-10-19T23:45:12.490Z
hi,binder,Jazal Goldmane,FDN,Foundations,497,normal,rare,1,97178,5aa8f635-c638-4207-8631-f6b5185f8696,0.24,false,false,false,near_mint,en,false,USD,2025-10-19T23:45:12.490Z
hi,binder,Junk Winder,BLC,Bloomburrow Commander,169,normal,uncommon,1,96168,0ee1b75a-18e3-43ce-a1db-b27fd1771279,0.09,false,false,false,near_mint,en,false,USD,2025-10-19T23:45:12.490Z
hi,binder,Loyal Warhound,BLC,Bloomburrow Commander,107,normal,rare,1,96191,1d01ce54-3f64-465e-835a-27c55753926b,0.33,false,false,false,near_mint,en,false,USD,2025-10-19T23:45:12.490Z
hi,binder,Luminous Broodmoth,BLC,Bloomburrow Commander,144,normal,mythic,1,96460,c5a4b212-bc60-4a58-b5f6-4012a3158785,0.56,false,false,false,near_mint,en,false,USD,2025-10-19T23:45:12.490Z
hi,binder,Martial Coup,BLC,Bloomburrow Commander,146,normal,rare,1,96479,d8e79f95-6733-476e-9bff-408e90f151c0,0.18,false,false,false,near_mint,en,false,USD,2025-10-19T23:45:12.490Z
hi,binder,Mountain,BLB,Bloomburrow,376,normal,common,1,96048,62aaa129-69ff-4e22-861e-b2efd1cd5a10,0.1,false,false,false,near_mint,en,false,USD,2025-10-19T23:45:12.490Z
hi,binder,Murmuration,BLC,Bloomburrow Commander,10,normal,rare,1,96290,561c9c4e-942e-40e8-b5f2-ac709a502f18,0.35,false,false,false,near_mint,en,false,USD,2025-10-19T23:45:12.490Z
hi,binder,Mystic Monastery,BLC,Bloomburrow Commander,318,normal,uncommon,1,96459,c59b9295-1802-4452-ae8b-72adeb566c3a,0.14,false,false,false,near_mint,en,false,USD,2025-10-19T23:45:12.490Z
hi,binder,Ornithopter of Paradise,DRC,Aetherdrift Commander,133,normal,common,1,103019,47c976ee-7eb3-42bb-8bfb-5eda12417e97,0.46,false,false,false,near_mint,en,false,USD,2025-10-19T23:45:12.490Z
hi,binder,Plains,BLB,Bloomburrow,370,normal,common,2,95991,031b61a1-db66-416d-8187-edc32123131f,0.07,false,false,false,near_mint,en,false,USD,2025-10-19T23:45:12.490Z
hi,binder,Plains,BLB,Bloomburrow,369,normal,common,3,96024,449d4122-ee9d-477c-976a-809ba8cb1443,0.09,false,false,false,near_mint,en,false,USD,2025-10-19T23:45:12.490Z
hi,binder,Plumecreed Escort,BLB,Bloomburrow,65,normal,uncommon,1,95983,f71320ed-2f30-49ce-bcb0-19aebba3f0e8,0.09,false,false,false,near_mint,en,false,USD,2025-10-19T23:45:12.490Z
hi,binder,Pollywog Prodigy,BLC,Bloomburrow Commander,15,normal,rare,1,96388,94a020df-714b-4465-bfa2-ac15f27d8412,6.64,false,false,false,near_mint,en,false,USD,2025-10-19T23:45:12.490Z
hi,binder,Rapid Augmenter,BLC,Bloomburrow Commander,38,normal,rare,1,96456,c4643565-a462-45ce-b5ed-f19b796a64c5,0.08,false,false,false,near_mint,en,false,USD,2025-10-19T23:45:12.490Z
hi,binder,Rose Room Treasurer,BLC,Bloomburrow Commander,201,normal,rare,1,96406,a13c1103-91d0-4aef-8ece-e7ceb25ffdfb,0.13,false,false,false,near_mint,en,false,USD,2025-10-19T23:45:12.490Z
hi,binder,Rugged Prairie,EOC,Edge of Eternities Commander,174,normal,rare,1,107291,81d91591-8d44-40cc-9941-c455f9722958,0.27,false,false,false,near_mint,en,false,USD,2025-10-19T23:45:12.490Z
hi,binder,Seachrome Coast,BLC,Bloomburrow Commander,328,normal,rare,1,96372,88ec4d3b-f1f1-489c-b41e-0206e5e59fbd,0.26,false,false,false,near_mint,en,false,USD,2025-10-19T23:45:12.490Z
hi,binder,Selfless Spirit,TDC,Tarkir: Dragonstorm Commander,129,normal,rare,1,104998,da85f3fb-e7d6-494a-ad3a-2ef35917f574,0.91,false,false,false,near_mint,en,false,USD,2025-10-19T23:45:12.490Z
hi,binder,Shield Broker,BLC,Bloomburrow Commander,174,normal,rare,1,96185,173e4f62-96b0-4ee8-a809-045a29aabae0,0.11,false,false,false,near_mint,en,false,USD,2025-10-19T23:45:12.490Z
hi,binder,Shivan Reef,BLC,Bloomburrow Commander,331,normal,rare,1,96297,59d5e76c-4961-4dbf-be38-a18a2c16d33f,0.29,false,false,false,near_mint,en,false,USD,2025-10-19T23:45:12.490Z
hi,binder,Siege-Gang Commander,TDC,Tarkir: Dragonstorm Commander,232,normal,rare,1,104851,a2d3ddb9-ddfb-4ca9-ae77-cf691d385a4a,0.13,false,false,false,near_mint,en,false,USD,2025-10-19T23:45:12.490Z
hi,binder,Skyclave Apparition,BLC,Bloomburrow Commander,154,normal,rare,1,96415,a76c56a3-db5c-4884-8c6a-bf8105b62421,0.15,false,false,false,near_mint,en,false,USD,2025-10-19T23:45:12.490Z
hi,binder,Skycloud Expanse,EOC,Edge of Eternities Commander,181,normal,rare,1,107224,03f8c846-d80c-49a4-a562-e817cd0c6096,0.13,false,false,false,near_mint,en,false,USD,2025-10-19T23:45:12.490Z
hi,binder,Soldier,TBLC,Bloomburrow Commander Tokens,8,normal,common,1,96173,10da848f-7f50-4bc4-b13e-a58acf3516e8,0.22,false,false,false,near_mint,en,false,USD,2025-10-19T23:45:12.490Z
hi,binder,Solemn Simulacrum,TDC,Tarkir: Dragonstorm Commander,325,normal,rare,1,104953,cb1563a1-c8dc-4fcb-b9c8-e7432235d31e,0.23,false,false,false,near_mint,en,false,USD,2025-10-19T23:45:12.490Z
hi,binder,Spirit,TSTX,Strixhaven: School of Mages Tokens,6,normal,common,1,58404,f98c0167-7434-4607-87c4-315fa8b6972e,0.15,false,false,false,near_mint,en,false,USD,2025-10-19T23:45:12.490Z
hi,binder,Spirited Companion,BLC,Bloomburrow Commander,155,normal,common,1,96423,ada3dc9c-2f83-4f52-8776-ef23d45cc4eb,0.1,false,false,false,near_mint,en,false,USD,2025-10-19T23:45:12.490Z
hi,binder,Stolen by the Fae,BLC,Bloomburrow Commander,176,normal,rare,1,96264,40e3c160-3dff-4bf4-9be2-c2446f20a305,0.09,false,false,false,near_mint,en,false,USD,2025-10-19T23:45:12.490Z
hi,binder,Storm of Souls,BLC,Bloomburrow Commander,156,normal,rare,1,96322,675b26d6-8cfc-4c46-b396-7af8978f8caa,0.09,false,false,false,near_mint,en,false,USD,2025-10-19T23:45:12.490Z
hi,binder,Sulfur Falls,EOC,Edge of Eternities Commander,184,normal,rare,2,107245,258b1cc2-ce3c-4219-808c-812548a7dd12,0.33,false,false,false,near_mint,en,false,USD,2025-10-19T23:45:12.490Z
hi,binder,Sun Titan,TDC,Tarkir: Dragonstorm Commander,133,normal,mythic,1,104943,c7974707-88bf-474b-b1a9-30733c16b1ef,0.2,false,false,false,near_mint,en,false,USD,2025-10-19T23:45:12.490Z
hi,binder,Temple of Enlightenment,EOC,Edge of Eternities Commander,186,normal,rare,2,107342,dd139d4d-3a40-4015-93de-c838c64156c6,0.11,false,false,false,near_mint,en,false,USD,2025-10-19T23:45:12.490Z
hi,binder,Temple of Epiphany,EOC,Edge of Eternities Commander,187,normal,rare,2,107309,a4ee2565-a630-4c7b-93c2-8baba3d3441e,0.14,false,false,false,near_mint,en,false,USD,2025-10-19T23:45:12.490Z
hi,binder,Temple of Triumph,EOC,Edge of Eternities Commander,188,normal,rare,2,107274,5d954542-6e10-42ab-a91f-be911b2f71d6,0.14,false,false,false,near_mint,en,false,USD,2025-10-19T23:45:12.490Z
hi,binder,"Tetsuko Umezawa, Fugitive",BLC,Bloomburrow Commander,177,normal,uncommon,1,96203,21625c5c-7a9c-498d-afb6-ea57dea33fc6,0.07,false,false,false,near_mint,en,false,USD,2025-10-19T23:45:12.490Z
hi,binder,Thopter Engineer,BLC,Bloomburrow Commander,204,normal,uncommon,1,96219,2933e3df-0cba-4e4b-87f9-70e56093da91,0.06,false,false,false,near_mint,en,false,USD,2025-10-19T23:45:12.490Z
hi,binder,Thriving Isle,DSC,Duskmourn: House of Horror Commander,316,normal,common,3,99139,4a67f455-f193-4999-9286-bbccee546fa3,0.09,false,false,false,near_mint,en,false,USD,2025-10-19T23:45:12.490Z
hi,binder,Time Wipe,TDC,Tarkir: Dragonstorm Commander,308,normal,rare,3,105030,eb4b75e6-3080-412b-bf40-b6029ea8bbfe,0.11,false,false,false,near_mint,en,false,USD,2025-10-19T23:45:12.490Z
hi,binder,Treasure,TSTX,Strixhaven: School of Mages Tokens,7,normal,common,1,58887,1a2d027f-8996-4761-a776-47cd428f6779,0.14,false,false,false,near_mint,en,false,USD,2025-10-19T23:45:12.490Z
hi,binder,"Zinnia, Valley's Voice",BLC,Bloomburrow Commander,4,normal,mythic,1,95843,dfe36901-5841-4942-8b61-c273111f715e,0.44,false,false,false,near_mint,en,false,USD,2025-10-19T23:45:12.490Z
hi,binder,Shepherding Spirits,DSK,Duskmourn: House of Horror,31,normal,common,3,98720,86c02ab1-0fb2-4cb0-a871-bfad406726fc,0.04,false,false,false,near_mint,en,false,USD,2025-10-20T23:34:28.879Z
hi,binder,Impossible Inferno,DSK,Duskmourn: House of Horror,140,normal,common,1,98885,a35248f9-9a4e-4758-a4c1-0e0c83e3fd75,0.02,false,false,false,near_mint,en,false,USD,2025-10-20T23:34:28.879Z
hi,binder,Cryptid Inspector,DSK,Duskmourn: House of Horror,174,normal,common,3,98858,820c2932-2e23-4f67-92d0-a630aec6f1b4,0.04,false,false,false,near_mint,en,false,USD,2025-10-20T23:34:28.879Z
hi,binder,Tunnel Surveyor,DSK,Duskmourn: House of Horror,76,normal,common,4,98782,12ee2690-f464-4a38-81e1-6dd2053a3327,0.03,false,false,false,near_mint,en,false,USD,2025-10-20T23:34:28.879Z
hi,binder,Anthropede,DSK,Duskmourn: House of Horror,167,normal,common,3,98824,51216ab0-9806-4faa-afbd-143e95dc255b,0.02,false,false,false,near_mint,en,false,USD,2025-10-20T23:34:28.879Z
hi,binder,Broodspinner,DSK,Duskmourn: House of Horror,211,normal,uncommon,2,99011,dcdd2622-ab7a-4990-b026-3667cac42894,0.09,false,false,false,near_mint,en,false,USD,2025-10-20T23:34:28.879Z
hi,binder,Leyline of Resonance,DSK,Duskmourn: House of Horror,143,normal,rare,1,98724,92c5f0e3-345a-40a8-9cda-565a62156692,0.37,false,false,false,near_mint,en,false,USD,2025-10-20T23:34:28.879Z
hi,binder,Exorcise,DSK,Duskmourn: House of Horror,8,normal,uncommon,2,99018,f49006f2-a097-417d-8eb0-b8016ff2e0d5,0.28,false,false,false,near_mint,en,false,USD,2025-10-20T23:34:28.879Z
hi,binder,Ghost Vacuum,DSK,Duskmourn: House of Horror,248,normal,rare,1,98722,8ac39c01-127f-4471-bc74-11a90c48e306,3.18,false,false,false,near_mint,en,false,USD,2025-10-20T23:34:28.879Z
hi,binder,Island,DSK,Duskmourn: House of Horror,280,normal,common,2,98930,e1d10d9c-8771-4870-aebf-e767d0fada32,0.09,false,false,false,near_mint,en,false,USD,2025-10-20T23:34:28.879Z
hi,binder,Copy,TDSK,Duskmourn: House of Horror Tokens,1,normal,common,1,98998,b19112b9-1583-445d-bc48-5ca3325fab48,,false,false,false,near_mint,en,false,USD,2025-10-20T23:34:28.879Z
hi,binder,Grab the Prize,DSK,Duskmourn: House of Horror,138,normal,common,2,98823,50895202-f1a1-4840-a11a-55b78b8b5929,0.25,false,false,false,near_mint,en,false,USD,2025-10-20T23:34:28.879Z
hi,binder,Emerge from the Cocoon,DSK,Duskmourn: House of Horror,5,normal,common,4,98813,3ba16fbf-2d44-4337-87cb-6ff6b84a258a,0.04,false,false,false,near_mint,en,false,USD,2025-10-20T23:34:28.879Z
hi,binder,Winter's Intervention,DSK,Duskmourn: House of Horror,123,normal,common,3,99302,b33d38fa-bbcf-4bcc-93a8-adbfd9c93faa,0.03,false,false,false,near_mint,en,false,USD,2025-10-20T23:34:28.879Z
hi,binder,Horrid Vigor,DSK,Duskmourn: House of Horror,184,normal,common,4,99335,c175c998-7b80-4187-bdbc-5b6e0d7eac91,0.06,false,false,false,near_mint,en,false,USD,2025-10-20T23:34:28.879Z
hi,binder,Twist Reality,DSK,Duskmourn: House of Horror,77,normal,common,2,98834,644714dd-7a0b-4d4b-9a61-8f6e505b1d22,0.04,false,false,false,near_mint,en,false,USD,2025-10-20T23:34:28.879Z
hi,binder,Razorkin Hordecaller,DSK,Duskmourn: House of Horror,152,normal,uncommon,1,98945,f7fb0f11-d1d0-4941-a1a7-a2db88f30394,0.05,false,false,false,near_mint,en,false,USD,2025-10-20T23:34:28.879Z
hi,binder,"Toby, Beastie Befriender",DSK,Duskmourn: House of Horror,35,normal,rare,1,95620,f33d3948-fe7b-4c3b-ab67-1022623fbb2b,0.2,false,false,false,near_mint,en,false,USD,2025-10-20T23:34:28.879Z
hi,binder,Forest,DSK,Duskmourn: House of Horror,285,normal,common,2,98935,e84c0880-728d-4ac2-b685-4f18f66c24db,0.1,false,false,false,near_mint,en,false,USD,2025-10-20T23:34:28.879Z
hi,binder,Commune with Evil,DSK,Duskmourn: House of Horror,87,normal,uncommon,3,98876,9ab94ebe-b51b-4c6f-af43-0ed80e2808a3,0.08,false,false,false,near_mint,en,false,USD,2025-10-20T23:34:28.879Z
hi,binder,Glimmer,TDSK,Duskmourn: House of Horror Tokens,4,normal,common,3,98968,475c7449-2c95-4873-94de-68a5e06cdfb8,,false,false,false,near_mint,en,false,USD,2025-10-20T23:34:28.879Z
hi,binder,Cult Healer,DSK,Duskmourn: House of Horror,2,normal,common,2,98877,9c9b8fbe-8a5e-4b62-b53f-9ead8147bbbb,0.02,false,false,false,near_mint,en,false,USD,2025-10-20T23:34:28.879Z
hi,binder,Resurrected Cultist,DSK,Duskmourn: House of Horror,115,normal,common,3,98933,e41bd259-e81f-432a-bebf-4c6534f23db7,0.02,false,false,false,near_mint,en,false,USD,2025-10-20T23:34:28.879Z
hi,binder,Rampaging Soulrager,DSK,Duskmourn: House of Horror,151,normal,common,4,98973,569c914b-95af-428f-a142-6f20e418bc59,0.01,false,false,false,near_mint,en,false,USD,2025-10-20T23:34:28.879Z
hi,binder,Stalked Researcher,DSK,Duskmourn: House of Horror,73,normal,common,3,98868,8a26ccad-adfa-43cc-be4c-dc8dd584bca3,0.02,false,false,false,near_mint,en,false,USD,2025-10-20T23:34:28.879Z
hi,binder,Fear of Lost Teeth,DSK,Duskmourn: House of Horror,97,normal,common,2,98613,259045fe-f349-4be1-bf29-465d084ed35e,0.04,false,false,false,near_mint,en,false,USD,2025-10-20T23:34:28.879Z
hi,binder,Grasping Longneck,DSK,Duskmourn: House of Horror,180,normal,common,4,98715,7fddcd48-3efe-4b56-9d69-9659b3dc6021,0.05,false,false,false,near_mint,en,false,USD,2025-10-20T23:34:28.879Z
hi,binder,Vile Mutilator,DSK,Duskmourn: House of Horror,122,normal,uncommon,1,98811,383fe040-98bb-40f3-b809-48c429b83f47,0.15,false,false,false,near_mint,en,false,USD,2025-10-20T23:34:28.879Z
hi,binder,Gremlin Tamer,DSK,Duskmourn: House of Horror,215,normal,uncommon,3,98808,3593a222-21c5-4f91-bde1-763ea08071da,0.11,false,false,false,near_mint,en,false,USD,2025-10-20T23:34:28.879Z
hi,binder,"Norin, Swift Survivalist",DSK,Duskmourn: House of Horror,145,normal,uncommon,1,98624,49f0fdf4-3881-4327-924f-2c1b67ccda93,0.06,false,false,false,near_mint,en,false,USD,2025-10-20T23:34:28.879Z
hi,binder,Haunted Screen,DSK,Duskmourn: House of Horror,250,normal,uncommon,1,98829,5e7d552f-a7ac-4a49-a582-9d378137005f,0.05,false,false,false,near_mint,en,false,USD,2025-10-20T23:34:28.879Z
hi,binder,Swamp,DSK,Duskmourn: House of Horror,282,normal,common,1,98916,cbd95de0-702a-4b88-a1cc-981cf1d9673e,0.09,false,false,false,near_mint,en,false,USD,2025-10-20T23:34:28.879Z
hi,binder,"Altanak, the Thrice-Called",DSK,Duskmourn: House of Horror,166,normal,uncommon,2,98716,807b0674-8eba-4204-b6b6-fa2b785a79e9,0.13,false,false,false,near_mint,en,false,USD,2025-10-20T23:34:28.879Z
hi,binder,Gremlin,TDSK,Duskmourn: House of Horror Tokens,11,normal,common,2,99365,d948b503-890a-49d5-a3cf-cb6e604851b8,,false,false,false,near_mint,en,false,USD,2025-10-20T23:34:28.879Z
hi,binder,Glassworks // Shattered Yard,DSK,Duskmourn: House of Horror,137,normal,common,5,98950,fe32f667-8d9f-4414-913e-256cbc2fbc45,0.05,false,false,false,near_mint,en,false,USD,2025-10-20T23:34:28.879Z
hi,binder,Soldier,TMH1,Modern Horizons Tokens,4,normal,common,1,44951,c61b83cf-791a-48bf-81c8-c6c940b89d83,,false,false,false,near_mint,en,false,USD,2025-10-21T00:34:36.170Z
hi,binder,Barren Moor,C19,Commander 2019,229,normal,uncommon,1,45705,c6ae4a0f-6b58-4a29-826e-cda2f115cdda,0.24,false,false,false,near_mint,en,false,USD,2025-10-21T00:34:36.170Z
hi,binder,Prohibit,MH1,Modern Horizons,64,normal,common,1,44870,0ae544bf-7229-4b82-99ad-32c3af36e30f,0.06,false,false,false,near_mint,en,false,USD,2025-10-21T00:34:36.170Z
hi,binder,Zhalfirin Decoy,MH1,Modern Horizons,39,normal,uncommon,1,44895,b93b824c-414d-4dd5-848f-bff678a289ba,0.05,false,false,false,near_mint,en,false,USD,2025-10-21T00:34:36.170Z
hi,binder,Fists of Flame,CMM,Commander Masters,223,normal,common,1,84449,6b34af88-bc4e-4ca8-8662-7dc4050c62c5,0.13,false,false,false,near_mint,en,false,USD,2025-10-21T00:34:36.170Z
hi,binder,Etchings of the Chosen,LCC,The Lost Caverns of Ixalan Commander,269,normal,uncommon,1,88466,496e4759-9d6b-42fa-833c-1fff2c9d03f2,0.2,false,false,false,near_mint,en,false,USD,2025-10-21T00:34:36.170Z
hi,binder,Recruit the Worthy,MH1,Modern Horizons,22,normal,common,1,44912,fb025c0c-7fdf-4f71-afd5-ef11cd2804eb,0.07,false,false,false,near_mint,en,false,USD,2025-10-21T00:34:36.170Z
hi,binder,Nimble Mongoose,MH1,Modern Horizons,174,normal,common,1,44760,8a6374ad-71be-422e-bd76-4f08fbf43048,0.04,false,false,false,near_mint,en,false,USD,2025-10-21T00:34:36.170Z
hi,binder,Igneous Elemental,MH1,Modern Horizons,133,normal,common,1,44801,974bf524-5322-4287-ac49-face12655874,0.04,false,false,false,near_mint,en,false,USD,2025-10-21T00:34:36.170Z
hi,binder,Unsettled Mariner,MH1,Modern Horizons,216,normal,rare,1,44718,eaea2e54-ee50-47b9-a2a5-e3353831248c,2.49,false,false,false,near_mint,en,false,USD,2025-10-21T00:34:36.170Z
hi,binder,Amorphous Axe,CMR,Commander Legends,295,normal,common,1,56032,2de53345-5809-4704-bd60-682b0c3c3999,0.04,false,false,false,near_mint,en,false,USD,2025-10-21T00:34:36.170Z
hi,binder,Savage Swipe,MH1,Modern Horizons,178,normal,common,1,44756,eea7e77c-ede5-41bd-b766-9a76ce691607,0.07,false,false,false,near_mint,en,false,USD,2025-10-21T00:34:36.170Z
hi,binder,Snow-Covered Mountain,MH1,Modern Horizons,253,normal,common,1,44681,d2209e6f-1d9d-43bb-a314-a8fefc509e78,0.63,false,false,false,near_mint,en,false,USD,2025-10-21T00:34:36.170Z
hi,binder,Aquatic Alchemist // Bubble Up,WOE,Wilds of Eldraine,40,normal,common,1,85793,e6f03f21-aeb9-428b-9167-b2604919bdd8,0.05,false,false,false,near_mint,en,false,USD,2025-10-21T00:34:36.170Z
hi,binder,Raging Battle Mouse,WOE,Wilds of Eldraine,143,normal,rare,1,85385,4d0ab162-540e-4999-902c-9dacd6687aca,0.17,false,false,false,near_mint,en,false,USD,2025-10-21T00:34:36.170Z
hi,binder,Knightly Valor,WOT,Wilds of Eldraine: Enchanting Tales,8,normal,uncommon,1,85529,844b8b36-6c45-445c-92a3-f1058669d66a,0.11,false,false,false,near_mint,en,false,USD,2025-10-21T00:34:36.170Z
hi,binder,Cruel Somnophage // Can't Wake Up,WOE,Wilds of Eldraine,286,normal,rare,1,85534,852d840c-c9b5-4486-b1f5-95ea88577fa0,1.06,false,false,false,near_mint,en,false,USD,2025-10-21T00:34:36.170Z
hi,binder,Frantic Firebolt,WOE,Wilds of Eldraine,130,normal,common,1,85820,efd85f5a-258b-4ced-bf9e-3abe7fe72395,0.04,false,false,false,near_mint,en,false,USD,2025-10-21T00:34:36.170Z
hi,binder,Chancellor of Tales,WOE,Wilds of Eldraine,45,normal,uncommon,1,85841,f67bd5ef-305b-4bf7-990b-3014778b14a0,0.08,false,false,false,near_mint,en,false,USD,2025-10-21T00:34:36.170Z
hi,binder,Ego Drain,WOE,Wilds of Eldraine,86,normal,uncommon,1,85566,8faf36da-bbad-4d6e-a530-502d47a2dd23,0.06,false,false,false,near_mint,en,false,USD,2025-10-21T00:34:36.170Z
hi,binder,Conceited Witch // Price of Beauty,WOE,Wilds of Eldraine,84,normal,common,1,85848,f8a0c0f6-fef9-42c5-934d-a2855c11b440,0.03,false,false,false,near_mint,en,false,USD,2025-10-21T00:34:36.170Z
hi,binder,Torch the Tower,WOE,Wilds of Eldraine,153,normal,common,1,85665,b3d6027c-813f-46df-95b4-e2e305a67620,0.44,false,false,false,near_mint,en,false,USD,2025-10-21T00:34:36.170Z
hi,binder,Forest,WOE,Wilds of Eldraine,275,normal,common,1,85622,a4c99f1b-f304-42d5-bbea-32283b01d43b,0.1,false,false,false,near_mint,en,false,USD,2025-10-21T00:34:36.170Z
hi,binder,Freeze in Place,WOE,Wilds of Eldraine,50,normal,common,1,85283,1a8bb9c7-2c4b-48a1-806e-742addb72b4b,0.07,false,false,false,near_mint,en,false,USD,2025-10-21T00:34:36.170Z
hi,binder,Twining Twins // Swift Spiral,WOE,Wilds of Eldraine,240,normal,rare,1,85232,043718ea-59f6-4d1a-94c5-271704c1a38a,0.17,false,false,false,near_mint,en,false,USD,2025-10-21T00:34:36.170Z
hi,binder,Shared Animosity,WOT,Wilds of Eldraine: Enchanting Tales,49,normal,rare,1,85314,299a807e-21cb-4b49-ad2b-c9ce7eef393a,2.21,false,false,false,near_mint,en,false,USD,2025-10-21T00:34:36.170Z
hi,binder,Impact Tremors,WOT,Wilds of Eldraine: Enchanting Tales,44,normal,uncommon,1,85784,e23cf8e0-0983-4495-ad3e-8b0c3e706115,2.46,false,false,false,near_mint,en,false,USD,2025-10-21T00:34:36.170Z
hi,binder,Splashy Spellcaster,WOE,Wilds of Eldraine,70,normal,uncommon,1,85493,73ebd7f0-a54d-43a8-a5ee-9d6835308794,0.04,false,false,false,near_mint,en,false,USD,2025-10-21T00:34:36.170Z
hi,binder,Gadwick's First Duel,WOE,Wilds of Eldraine,51,normal,uncommon,1,85655,af07c47f-8b4e-43cb-b469-2efb82aa5590,0.05,false,false,false,near_mint,en,false,USD,2025-10-21T00:34:36.170Z
hi,binder,Welcome to Sweettooth,WOE,Wilds of Eldraine,198,normal,uncommon,1,85560,8e629a31-2e06-4f95-9628-34670dcf68b9,0.1,false,false,false,near_mint,en,false,USD,2025-10-21T00:34:36.170Z
hi,binder,Johann's Stopgap,WOE,Wilds of Eldraine,58,normal,common,1,85337,31408397-36f5-479f-b822-fa97411b7872,0.03,false,false,false,near_mint,en,false,USD,2025-10-21T00:34:36.170Z
hi,binder,Sugar Rush,WOE,Wilds of Eldraine,110,normal,common,1,85626,a638c9ba-45d6-4b50-a8ab-ef580a0a5d8e,0.05,false,false,false,near_mint,en,false,USD,2025-10-21T00:34:36.170Z
hi,binder,Quick Study,FDN,Foundations,513,normal,common,1,101473,098c86fd-5a38-41fd-be44-ab963448f2a2,0.29,false,false,false,near_mint,en,false,USD,2025-10-21T00:34:36.170Z
hi,binder,Island,WOE,Wilds of Eldraine,263,normal,common,2,85700,bd4b4da4-83f6-4280-880b-b6033308f2a2,0.62,false,false,false,near_mint,en,false,USD,2025-10-21T00:34:36.170Z
hi,binder,Dragon Mantle,WOT,Wilds of Eldraine: Enchanting Tales,41,normal,uncommon,1,85559,8dc7ea40-f45d-4550-82f5-ded841d8746d,0.11,false,false,false,near_mint,en,false,USD,2025-10-21T00:34:36.170Z
hi,binder,Living Lectern,WOE,Wilds of Eldraine,59,normal,common,1,85270,169afcaf-7ebf-4590-9e51-2a1a5eb3ac76,0.02,false,false,false,near_mint,en,false,USD,2025-10-21T00:34:36.170Z
hi,binder,Faerie Dreamthief,WOE,Wilds of Eldraine,89,normal,uncommon,1,85406,57ca2ec5-442d-4909-be28-93c50fbc5f7a,0.13,false,false,false,near_mint,en,false,USD,2025-10-21T00:34:36.170Z
hi,binder,"Neva, Stalked by Nightmares",WOE,Wilds of Eldraine,209,normal,uncommon,1,85795,e6f925ab-ade7-4da8-a791-185e098d18f2,0.08,false,false,false,near_mint,en,false,USD,2025-10-21T00:34:36.170Z
hi,binder,Eriette's Tempting Apple,WOE,Wilds of Eldraine,245,normal,uncommon,1,85422,5b61711f-8982-4ff0-86ba-01e0125cd705,0.1,false,false,false,near_mint,en,false,USD,2025-10-21T00:34:36.170Z
hi,binder,Feed the Cauldron,WOE,Wilds of Eldraine,91,normal,common,1,85250,0cfd18a5-e06a-4cb5-b78e-de18ec641321,0.03,false,false,false,near_mint,en,false,USD,2025-10-21T00:34:36.170Z
hi,binder,Scream Puff,WOE,Wilds of Eldraine,105,normal,common,1,85712,c62d0ae9-5a82-40bf-b8bb-9c2e2d55d458,0.05,false,false,false,near_mint,en,false,USD,2025-10-21T00:34:36.170Z
hi,binder,Mountain,WOE,Wilds of Eldraine,274,normal,common,1,85561,8e747bba-b521-4f81-9d9a-3e85747cefe9,0.06,false,false,false,near_mint,en,false,USD,2025-10-21T00:34:36.170Z
hi,binder,Mishra's Self-Replicator,DOM,Dominaria,223,normal,rare,1,2053,e6f342b2-1ba6-4b72-9f03-bc076c795b3d,0.24,false,false,false,near_mint,en,false,USD,2025-10-21T00:34:36.170Z
hi,binder,Spiteful Hexmage,WOE,Wilds of Eldraine,108,normal,rare,1,85362,40c797b2-db51-4a39-b80e-44d58cd7a07c,0.17,false,false,false,near_mint,en,false,USD,2025-10-21T00:34:36.170Z
hi,binder,Rest in Peace,WOT,Wilds of Eldraine: Enchanting Tales,12,normal,rare,1,85366,43eb0e85-1c26-4d2c-bdac-6e94717f0762,0.55,false,false,false,near_mint,en,false,USD,2025-10-21T00:34:36.170Z
hi,binder,Minecart Daredevil // Ride the Rails,WOE,Wilds of Eldraine,141,normal,common,1,85421,5b2a02f3-3921-4f40-9ffa-70bc08b052e1,0.03,false,false,false,near_mint,en,false,USD,2025-10-21T00:34:36.170Z
hi,binder,Taken by Nightmares,WOE,Wilds of Eldraine,112,normal,uncommon,1,85846,f858d83d-a13e-4ffa-a91d-d695e5e5d71a,0.07,false,false,false,near_mint,en,false,USD,2025-10-21T00:34:36.170Z
hi,binder,Two-Headed Hunter // Twice the Rage,WOE,Wilds of Eldraine,155,normal,uncommon,1,85481,70c12e75-7e65-4706-b976-e47835910928,0.05,false,false,false,near_mint,en,false,USD,2025-10-21T00:34:36.170Z
hi,binder,Boundary Lands Ranger,WOE,Wilds of Eldraine,123,normal,uncommon,1,85727,ccdcbb1d-702e-4832-8eed-7ed3deffefe3,0.08,false,false,false,near_mint,en,false,USD,2025-10-21T00:34:36.170Z
hi,binder,Monstrous Rage,WOE,Wilds of Eldraine,142,normal,uncommon,1,85819,eef5a0ae-5907-42c9-a097-3f973737e392,0.93,false,false,false,near_mint,en,false,USD,2025-10-21T00:34:36.170Z
hi,binder,Into the Fae Court,WOE,Wilds of Eldraine,57,normal,common,1,85587,969b13bb-6411-41f9-b6b4-af4ffca62e17,0.04,false,false,false,near_mint,en,false,USD,2025-10-21T00:34:36.170Z
hi,binder,Mountain,WOE,Wilds of Eldraine,273,normal,common,1,85548,8996cd43-5ecd-4a05-a5a9-e49326befaa1,0.09,false,false,false,near_mint,en,false,USD,2025-10-21T00:34:36.170Z
hi,binder,Zombie,TMH1,Modern Horizons Tokens,7,normal,common,2,44948,9c722fe8-05f1-4da0-a23b-25e20359fcef,,false,false,false,near_mint,en,false,USD,2025-10-21T00:34:36.170Z
hi,binder,Snow-Covered Swamp,MH1,Modern Horizons,252,normal,common,1,44682,c835f235-4196-4281-9788-13e5d54a92d0,0.72,false,false,false,near_mint,en,false,USD,2025-10-21T00:34:36.170Z
hi,binder,Viashino Sandsprinter,MH1,Modern Horizons,153,normal,common,1,44781,f7d1def0-1450-44ec-b7c4-0fa50fe12c15,0.05,false,false,false,near_mint,en,false,USD,2025-10-21T00:34:36.170Z
hi,binder,Elvish Fury,MH1,Modern Horizons,162,normal,common,1,44772,e5a24943-0121-4c64-9624-2e4cff37e6ca,0.05,false,false,false,near_mint,en,false,USD,2025-10-21T00:34:36.170Z
hi,binder,Alpine Guide,MH1,Modern Horizons,117,normal,uncommon,1,44817,e54423c1-ebea-4b5c-b563-1d14c104eb91,0.09,false,false,false,near_mint,en,false,USD,2025-10-21T00:34:36.170Z
hi,binder,Scour All Possibilities,MH1,Modern Horizons,67,normal,common,1,44867,7c6466cb-d1d0-4461-b48d-7497bdc9c474,0.09,false,false,false,near_mint,en,false,USD,2025-10-21T00:34:36.170Z
hi,binder,Cloudshredder Sliver,CMM,Commander Masters,919,normal,rare,1,84671,9f523765-7704-4faf-a72b-8a2c414bb179,6.61,false,false,false,near_mint,en,false,USD,2025-10-21T00:34:36.170Z
hi,binder,Nantuko Cultivator,OTC,Outlaws of Thunder Junction Commander,198,normal,uncommon,1,93843,c6e02dbb-4cbb-469a-a377-c856625f956f,0.08,false,false,false,near_mint,en,false,USD,2025-10-21T00:34:36.170Z
hi,binder,Putrid Goblin,MH1,Modern Horizons,101,normal,common,1,44833,333406d5-abcc-4629-a33b-395d0662ba1b,0.31,false,false,false,near_mint,en,false,USD,2025-10-21T00:34:36.170Z
hi,binder,Nature's Chant,MH1,Modern Horizons,210,normal,common,1,44724,9a17cbf6-3f38-4bc6-8448-881e19cffe06,0.08,false,false,false,near_mint,en,false,USD,2025-10-21T00:34:36.170Z
hi,binder,Good-Fortune Unicorn,FDN,Foundations,240,normal,uncommon,2,101300,eabbe163-2b15-42e3-89ce-7363e6250d3a,0.21,false,false,false,near_mint,en,false,USD,2025-10-21T00:34:36.170Z
hi,binder,Phantasmal Form,MH1,Modern Horizons,61,normal,common,1,44873,f106e515-511a-48c7-b7a7-3ca820950122,0.05,false,false,false,near_mint,en,false,USD,2025-10-21T00:34:36.170Z
hi,binder,Shelter,MH1,Modern Horizons,28,normal,common,1,44906,1a50984b-5bf5-4432-a149-96492d1683de,0.06,false,false,false,near_mint,en,false,USD,2025-10-21T00:34:36.170Z
hi,binder,Mintstrosity,WOE,Wilds of Eldraine,100,normal,common,2,85756,d902f154-6fe8-4b97-aa67-4d4696abf887,0.04,false,false,false,near_mint,en,false,USD,2025-10-21T00:34:36.170Z
hi,binder,Umezawa's Charm,MH1,Modern Horizons,111,normal,common,2,44823,afbbb742-0317-4266-bcf5-cfea8d21f108,0.03,false,false,false,near_mint,en,false,USD,2025-10-21T00:34:36.170Z
hi,binder,Become Brutes,WOE,Wilds of Eldraine,317,normal,uncommon,2,85614,a154dadc-be5b-4ad6-9946-bdc54c251bff,0.08,false,false,false,near_mint,en,false,USD,2025-10-21T00:34:36.170Z
hi,binder,Enduring Sliver,MH1,Modern Horizons,6,normal,common,2,44928,6ed0f6a5-ed40-44fc-a5e1-3f8bb968d1d9,0.12,false,false,false,near_mint,en,false,USD,2025-10-21T00:34:36.170Z
hi,binder,Elf Warrior,TFDN,Foundations Tokens,19,normal,common,1,101497,315c45f4-7bc9-45d5-bbf5-2533cf80af60,,false,false,false,near_mint,en,false,USD,2025-10-21T00:41:40.879Z
hi,binder,Island,FDN,Foundations,285,normal,common,1,100654,6f534ddc-f610-45cd-84dc-bb6df6c5a84f,0.54,false,false,false,near_mint,en,false,USD,2025-10-21T00:41:40.879Z
hi,binder,Broken Wings,FDN,Foundations,214,normal,common,3,100584,61f9cbeb-cc9c-4562-be65-8a77053faefe,0.04,false,false,false,near_mint,en,false,USD,2025-10-21T00:41:40.879Z
hi,binder,Archmage of Runes,FDN,Foundations,304,normal,rare,1,100182,15f15cc5-c3dc-4830-aa55-13080c738739,1.71,false,false,false,near_mint,en,false,USD,2025-10-21T00:41:40.879Z
hi,binder,Thousand-Year Storm,FDN,Foundations,248,normal,rare,1,100691,76c48a67-1410-40f1-9b93-0172d85e4688,0.45,false,false,false,near_mint,en,false,USD,2025-10-21T00:41:40.879Z
hi,binder,Firespitter Whelp,FDN,Foundations,197,normal,uncommon,1,100463,4b3a4c7d-3126-4bde-9dca-cb6a1e2f37c9,0.15,false,false,false,near_mint,en,false,USD,2025-10-21T00:41:40.879Z
hi,binder,Adventuring Gear,FDN,Foundations,249,normal,uncommon,1,100358,361f9b99-5b5d-40da-b4b9-5ad90f6280ee,0.08,false,false,false,near_mint,en,false,USD,2025-10-21T00:41:40.879Z
hi,binder,Sun-Blessed Healer,FDN,Foundations,25,normal,uncommon,1,100332,323d029e-9a88-4188-b3a4-38ef32cffc9f,0.07,false,false,false,near_mint,en,false,USD,2025-10-21T00:41:40.879Z
hi,binder,Treetop Snarespinner,FDN,Foundations,114,normal,common,2,101562,88e68fa3-159d-49a6-8ac6-afc9bd6f1718,0.12,false,false,false,near_mint,en,false,USD,2025-10-21T00:41:40.879Z
hi,binder,Spitfire Lagac,FDN,Foundations,208,normal,common,1,101496,30f600cd-b696-4f49-9cbc-5a33aa43d04c,0.07,false,false,false,near_mint,en,false,USD,2025-10-21T00:41:40.879Z
hi,binder,Courageous Goblin,FDN,Foundations,82,normal,common,1,101566,8db6819c-666a-409d-85a5-b9ac34d8dd2f,0.04,false,false,false,near_mint,en,false,USD,2025-10-21T00:41:40.879Z
hi,binder,Inspiring Paladin,FDN,Foundations,18,normal,common,1,101472,0763be06-25b2-4d6b-ab33-a1af85aeb443,0.02,false,false,false,near_mint,en,false,USD,2025-10-21T00:41:40.879Z
hi,binder,Lightshell Duo,FDN,Foundations,157,normal,common,1,101063,bb75315c-ea8f-4eb0-899e-c73ef75fc396,0.03,false,false,false,near_mint,en,false,USD,2025-10-21T00:41:40.879Z
hi,binder,Vampire Soulcaller,FDN,Foundations,75,normal,common,2,101495,2d076293-3b45-4878-8f67-978927cc1f68,0.11,false,false,false,near_mint,en,false,USD,2025-10-21T00:41:40.879Z
hi,binder,Marauding Blight-Priest,FDN,Foundations,178,normal,common,2,101528,5f70dafc-c638-4ec0-ab5b-62998f752720,0.22,false,false,false,near_mint,en,false,USD,2025-10-21T00:41:40.879Z
hi,binder,Snakeskin Veil,FDN,Foundations,233,normal,uncommon,1,100645,6cc4c21d-9bdc-4490-9203-17f51db0ddd1,0.11,false,false,false,near_mint,en,false,USD,2025-10-21T00:41:40.879Z
hi,binder,Fiendish Panda,FDN,Foundations,120,normal,uncommon,1,100483,4e434d74-cad0-45f5-bc8d-f34aa5e1d879,0.1,false,false,false,near_mint,en,false,USD,2025-10-21T00:41:40.879Z
hi,binder,Fanatical Firebrand,FDN,Foundations,195,normal,common,2,101598,d1296316-7781-4e98-95e6-7020648be6a5,0.14,false,false,false,near_mint,en,false,USD,2025-10-21T00:41:40.879Z
hi,binder,Burst Lightning,FDN,Foundations,192,normal,common,1,100994,aec5d380-d354-4750-931a-6c91853e2edc,0.13,false,false,false,near_mint,en,false,USD,2025-10-21T00:41:40.879Z
hi,binder,Cathar Commando,INR,Innistrad Remastered,15,normal,common,2,102628,7cd21530-ca72-4986-a0f2-142b9f23c413,0.1,false,false,false,near_mint,en,false,USD,2025-10-21T00:41:40.879Z
hi,binder,Think Twice,TDC,Tarkir: Dragonstorm Commander,168,normal,common,2,104967,ce79538b-20a4-42f8-934f-bc4e2723133e,0.07,false,false,false,near_mint,en,false,USD,2025-10-21T00:41:40.879Z
hi,binder,Ambush Wolf,FDN,Foundations,98,normal,common,1,101492,2903832c-318e-42ab-bf58-c682ec2f7afd,0.04,false,false,false,near_mint,en,false,USD,2025-10-21T00:41:40.879Z
hi,binder,Abyssal Harvester,FDN,Foundations,54,normal,rare,2,101342,f2e0f538-5825-47e9-883c-3ec6fd5b25ea,0.47,false,false,false,near_mint,en,false,USD,2025-10-21T00:41:40.879Z
hi,binder,Arcane Epiphany,FDN,Foundations,29,normal,uncommon,1,100116,06431793-5dfe-4cbf-990b-4bcc960d1f31,0.04,false,false,false,near_mint,en,false,USD,2025-10-21T00:41:40.879Z
hi,binder,Rat,TTDC,Tarkir: Dragonstorm Commander Tokens,9,normal,common,1,104426,02c73185-3062-4801-8ab2-5006b9c3b232,,false,false,false,near_mint,en,false,USD,2025-10-21T00:41:40.879Z
hi,binder,Wildwood Scourge,FDN,Foundations,236,normal,uncommon,1,100359,36359fb6-fb8c-4382-8555-e348422f116c,0.5,false,false,false,near_mint,en,false,USD,2025-10-21T00:41:40.879Z
hi,binder,Time Stop,FDN,Foundations,166,normal,rare,1,101205,d938603b-0f1e-44c4-b86e-38e15f4a0d27,0.23,false,false,false,near_mint,en,false,USD,2025-10-21T00:41:40.879Z
hi,binder,Abrade,TDC,Tarkir: Dragonstorm Commander,203,normal,uncommon,2,104626,4c2a1b4e-858c-47a3-be89-9275e48d5475,0.18,false,false,false,near_mint,en,false,USD,2025-10-21T00:41:40.879Z
hi,binder,Cephalid Inkmage,FDN,Foundations,32,normal,uncommon,1,101040,b7e47680-18c7-4ffb-aac4-c5db6e7095ba,0.04,false,false,false,near_mint,en,false,USD,2025-10-21T00:41:40.879Z
hi,binder,Seismic Rupture,FDN,Foundations,205,normal,uncommon,1,100268,2519a51a-26a0-4884-9ba8-9db135c9ee49,0.04,false,false,false,near_mint,en,false,USD,2025-10-21T00:41:40.879Z
hi,binder,Prideful Parent,FDN,Foundations,21,normal,common,2,97188,b742117a-8a72-43b9-b05d-274829d138a2,0.14,false,false,false,near_mint,en,false,USD,2025-10-21T00:41:40.879Z
hi,binder,Soul-Shackled Zombie,FDN,Foundations,70,normal,common,1,101609,deea5690-6eb2-4353-b917-cbbf840e4e71,0.06,false,false,false,near_mint,en,false,USD,2025-10-21T00:41:40.879Z
hi,binder,Elementalist Adept,FDN,Foundations,36,normal,common,1,101605,d9768cc6-8f53-4922-ae32-376a2f32d719,0.04,false,false,false,near_mint,en,false,USD,2025-10-21T00:41:40.879Z
hi,binder,Dwynen's Elite,FDN,Foundations,218,normal,common,2,100800,89d94c28-ea2e-4a3d-935f-6b2d9f2efc7a,0.07,false,false,false,near_mint,en,false,USD,2025-10-21T00:41:40.879Z
hi,binder,Gutless Plunderer,FDN,Foundations,60,normal,common,2,101567,909d7778-c7f8-4fa4-89f2-8b32e86e96e4,0.1,false,false,false,near_mint,en,false,USD,2025-10-21T00:41:40.879Z
hi,binder,Thrill of Possibility,FDN,Foundations,210,normal,common,3,101561,882b348c-076b-41d8-b505-063480636669,0.17,false,false,false,near_mint,en,false,USD,2025-10-21T00:41:40.879Z
hi,binder,Mage Hunter,STX,Strixhaven: School of Mages,76,normal,uncommon,1,58103,56fcbe4a-2d98-4fa9-a6c3-e28255171a4d,0.1,false,false,false,near_mint,en,false,USD,2025-10-21T00:49:01.479Z
hi,binder,Etched Slith,MH3,Modern Horizons 3,91,normal,uncommon,1,94739,428e255d-bdda-4265-91cf-d02962e818e4,0.05,false,false,false,near_mint,en,false,USD,2025-10-21T00:49:01.479Z
hi,binder,Retrofitted Transmogrant,MH3,Modern Horizons 3,106,normal,common,1,94839,12c1b83d-710b-4680-855a-02ba1f72abf0,0.05,false,false,false,near_mint,en,false,USD,2025-10-21T00:49:01.479Z
hi,binder,"K'rrik, Son of Yawgmoth",MH3,Modern Horizons 3,274,normal,rare,1,94442,4f087b1c-97e0-4379-a94d-beac53685314,0.84,false,false,false,near_mint,en,false,USD,2025-10-21T00:49:01.479Z
hi,binder,Fell the Profane // Fell Mire,MH3,Modern Horizons 3,244,normal,uncommon,1,94566,a3cb782d-c459-468d-9779-9b5669abc337,4.71,false,false,false,near_mint,en,false,USD,2025-10-21T00:49:01.479Z
hi,binder,Eviscerator's Insight,MH3,Modern Horizons 3,93,normal,common,1,94582,b00573bd-5bbb-4531-a0bb-a40f62b92b88,0.23,false,false,false,near_mint,en,false,USD,2025-10-21T00:49:01.479Z
hi,binder,Consuming Corruption,MH3,Modern Horizons 3,84,normal,uncommon,3,94540,9068b3a4-9130-42d8-a26b-52010b7daa8b,0.25,false,false,false,near_mint,en,false,USD,2025-10-21T00:49:01.479Z
hi,binder,Braids's Frightful Return,DMU,Dominaria United,85,normal,uncommon,1,71420,49aa8d4c-04e9-4f38-9786-2c9ad735dd72,0.08,false,false,false,near_mint,en,false,USD,2025-10-21T00:49:01.479Z
hi,binder,Anticausal Vestige,EOE,Edge of Eternities,1,normal,rare,1,106995,35372b69-6086-44e0-9f7c-681e362e5142,2.41,false,false,false,near_mint,en,false,USD,2025-10-21T00:49:01.479Z
hi,binder,Tragic Trajectory,EOE,Edge of Eternities,122,normal,uncommon,1,107063,78c8bc60-1378-4028-8ab1-3286e459bffb,0.31,false,false,false,near_mint,en,false,USD,2025-10-21T00:49:01.479Z
hi,binder,Weftstalker Ardent,EOE,Edge of Eternities,169,normal,uncommon,2,107165,cddb48cc-8eb1-47ce-90f0-7aad1e93e2c4,1.39,false,false,false,near_mint,en,false,USD,2025-10-21T00:49:01.479Z
hi,binder,Koma's Faithful,KHM,Kaldheim,102,normal,common,3,57040,af0f1a90-af64-4122-9c1a-954edf8fa240,0.03,false,false,false,near_mint,en,false,USD,2025-10-21T00:49:01.479Z
hi,binder,Bloodsky Berserker,KHM,Kaldheim,80,normal,uncommon,1,57023,a6308a53-de07-4ed9-80a1-3579843466c2,0.07,false,false,false,near_mint,en,false,USD,2025-10-21T00:49:01.479Z
hi,binder,Shimmerdrift Vale,KHM,Kaldheim,267,normal,common,1,57143,f09d98db-0176-41a7-b99b-ead29876cdab,0.16,false,false,false,near_mint,en,false,USD,2025-10-21T00:49:01.479Z
hi,binder,Elderfang Disciple,KHM,Kaldheim,93,normal,common,1,56952,7f3a6148-d005-49c1-a7fc-867c4e8251cd,0.21,false,false,false,near_mint,en,false,USD,2025-10-21T00:49:01.479Z
hi,binder,Draugr Recruiter,KHM,Kaldheim,87,normal,common,2,56918,6b0fe66b-0067-4e5c-9b3a-b014b2f0daf2,0.05,false,false,false,near_mint,en,false,USD,2025-10-21T00:49:01.479Z
hi,binder,Daggerfang Duo,BLB,Bloomburrow,89,normal,common,1,96468,cea2bb34-e328-44fb-918a-72208c9457e4,0.05,false,false,false,near_mint,en,false,USD,2025-10-21T00:49:01.479Z
hi,binder,Kindlespark Duo,BLB,Bloomburrow,142,normal,common,1,96096,a839fba3-1b66-4dd1-bf43-9b015b44fc81,0.05,false,false,false,near_mint,en,false,USD,2025-10-21T00:49:01.479Z
hi,binder,Village Rites,INR,Innistrad Remastered,137,normal,common,1,102519,42ed35e9-51cd-468a-86a9-9412553cf50d,0.29,false,false,false,near_mint,en,false,USD,2025-10-21T00:49:01.479Z
hi,binder,Hazel's Nocturne,BLB,Bloomburrow,97,normal,uncommon,1,96009,239363df-4de8-4b64-80fc-a1f4b5c36027,0.08,false,false,false,near_mint,en,false,USD,2025-10-21T00:49:01.479Z
hi,binder,Rupture Spire,CMR,Commander Legends,355,normal,common,1,56188,c7ef4b15-efab-4255-ac2d-7794f253aa52,0.07,false,false,false,near_mint,en,false,USD,2025-10-21T00:49:01.479Z
hi,binder,Unknown Shores,OGW,Oath of the Gatewatch,181,normal,common,1,9201,87db92c1-ac17-4e32-840e-7ccbcef31bc6,0.08,false,false,false,near_mint,en,false,USD,2025-10-21T00:49:01.479Z
hi,binder,Biblioplex Assistant,STX,Strixhaven: School of Mages,251,normal,common,3,58337,d74e1117-0196-4268-be97-a1e81b5dc90e,0.07,false,false,false,near_mint,en,false,USD,2025-10-21T00:49:01.479Z
hi,binder,Professor's Warning,STX,Strixhaven: School of Mages,84,normal,common,1,58193,862fded6-e474-4b20-86d8-fd9af5f25b1a,0.08,false,false,false,near_mint,en,false,USD,2025-10-21T00:49:01.479Z
hi,binder,Fleetfeather Sandals,THS,Theros,216,normal,common,1,15448,2222f499-09f9-45a6-8255-9de79df76f1c,0.14,false,false,false,near_mint,en,false,USD,2025-10-21T00:49:01.479Z
hi,binder,Tormentor's Helm,KHM,Kaldheim,155,normal,common,1,56786,2318d4f8-309e-4645-b6d1-46572edd6996,0.04,false,false,false,near_mint,en,false,USD,2025-10-21T00:49:01.479Z
hi,binder,Draugr's Helm,KHM,Kaldheim,88,normal,uncommon,1,57171,fd4aade3-b1e3-43d1-b4a8-6b55ecdb4327,0.07,false,false,false,near_mint,en,false,USD,2025-10-21T00:49:01.479Z
hi,binder,Gravkill,EOE,Edge of Eternities,103,normal,common,3,107333,cfa6c57f-a193-48cc-9764-d8348548a111,0.11,false,false,false,near_mint,en,false,USD,2025-10-21T00:49:01.479Z
hi,binder,Rig for War,EOE,Edge of Eternities,156,normal,common,2,107710,3edd0515-dcc4-4cb5-8b54-9c00173d8a6d,0.1,false,false,false,near_mint,en,false,USD,2025-10-21T00:49:01.479Z
hi,binder,Faller's Faithful,EOE,Edge of Eternities,100,normal,uncommon,1,107607,cbb1b46f-72e0-4c2f-8012-74529bd29a0d,0.07,false,false,false,near_mint,en,false,USD,2025-10-21T00:49:01.479Z
hi,binder,Systems Override,EOE,Edge of Eternities,161,normal,uncommon,1,106980,2a34c71b-8d3c-435b-9cf8-4902f997d10d,0.05,false,false,false,near_mint,en,false,USD,2025-10-21T00:49:01.479Z
hi,binder,Voidforged Titan,EOE,Edge of Eternities,125,normal,uncommon,1,107034,6119c016-01b2-44f3-9550-6988324c1d1f,0.04,false,false,false,near_mint,en,false,USD,2025-10-21T00:49:01.479Z
hi,binder,Plasma Bolt,EOE,Edge of Eternities,152,normal,common,3,107307,a1a1834b-76c2-4496-b8c5-18b69ab34c4c,0.06,false,false,false,near_mint,en,false,USD,2025-10-21T00:49:01.479Z
hi,binder,Depressurize,EOE,Edge of Eternities,95,normal,common,1,107697,25520d5a-1a83-42cc-8ace-8b1156019d64,0.03,false,false,false,near_mint,en,false,USD,2025-10-21T00:49:01.479Z
hi,binder,Cut Propulsion,EOE,Edge of Eternities,130,normal,uncommon,1,107560,d96f1c41-3d11-48a8-b962-db46a2d054de,0.07,false,false,false,near_mint,en,false,USD,2025-10-21T00:49:01.479Z
hi,binder,Hullcarver,EOE,Edge of Eternities,105,normal,common,5,107075,817b5b18-beb5-48c8-aa45-0515ff9ca5da,0.09,false,false,false,near_mint,en,false,USD,2025-10-21T00:49:01.479Z
hi,binder,Susurian Voidborn,EOE,Edge of Eternities,118,normal,uncommon,1,107765,beb97e7b-0ae7-4b08-9ceb-6a7f825bcd49,0.18,false,false,false,near_mint,en,false,USD,2025-10-21T00:49:01.479Z
hi,binder,Ruinous Rampage,EOE,Edge of Eternities,158,normal,uncommon,1,107299,91d7a4c2-1a4b-4e9f-b543-225b6906752f,0.06,false,false,false,near_mint,en,false,USD,2025-10-21T00:49:01.479Z
hi,binder,Elegy Acolyte,EOE,Edge of Eternities,97,normal,rare,1,107157,c69ed7c7-1f49-4299-b3e6-75150258ac59,0.96,false,false,false,near_mint,en,false,USD,2025-10-21T00:49:01.479Z
hi,binder,Melded Moxite,EOE,Edge of Eternities,143,normal,common,2,107421,474c067f-eb24-4ae8-b4c0-f6f8e24cdb2a,0.06,false,false,false,near_mint,en,false,USD,2025-10-21T00:49:01.479Z
hi,binder,Comet Crawler,EOE,Edge of Eternities,92,normal,common,3,107766,becca990-ab2e-4aa4-be7d-293ec727cb08,0.03,false,false,false,near_mint,en,false,USD,2025-10-21T00:49:01.479Z
hi,binder,Swamp,EOE,Edge of Eternities,272,normal,common,1,106944,07ab266b-ad6a-422e-9277-27d9f48d2c29,0.09,false,false,false,near_mint,en,false,USD,2025-10-21T00:49:01.479Z
hi,binder,The Endstone,EOE,Edge of Eternities,240,normal,mythic,1,107118,a451a459-18e0-4c53-a171-3e9da534ebf1,3.81,false,false,false,near_mint,en,false,USD,2025-10-21T00:49:01.479Z
hi,binder,Wall of Dust,4ED,Fourth Edition,229,normal,uncommon,1,39958,b25b81fb-1d0f-4c0c-8d54-fbf9c1d54578,0.2,false,false,false,near_mint,en,false,USD,2025-10-21T00:49:01.479Z
hi,binder,Kavaron Skywarden,EOE,Edge of Eternities,140,normal,common,3,107726,617038a8-0544-4d0e-8ff1-c786e60ecd59,0.02,false,false,false,near_mint,en,false,USD,2025-10-21T00:49:01.479Z
hi,binder,Gravblade Heavy,EOE,Edge of Eternities,102,normal,common,2,107756,b3872341-d711-407b-85e4-46ccb99988e1,0.03,false,false,false,near_mint,en,false,USD,2025-10-21T00:49:01.479Z
hi,binder,Temporal Intervention,EOE,Edge of Eternities,120,normal,common,3,107064,79f9525a-4cb7-411e-b7b5-2113e93bcbc3,0.02,false,false,false,near_mint,en,false,USD,2025-10-21T00:49:01.479Z
hi,binder,Hylderblade,EOE,Edge of Eternities,106,normal,uncommon,2,107517,ac80cf18-0707-4358-bdd4-0c2b90d0a1d9,0.13,false,false,false,near_mint,en,false,USD,2025-10-21T00:49:01.479Z
hi,binder,Insatiable Skittermaw,EOE,Edge of Eternities,108,normal,common,1,107195,e9d30cca-ea33-418f-bba3-5103f1dbd751,0.03,false,false,false,near_mint,en,false,USD,2025-10-21T00:49:01.479Z
hi,binder,Frontline War-Rager,EOE,Edge of Eternities,134,normal,common,2,107789,fa232943-818b-4944-be60-2d80c806bf62,0.07,false,false,false,near_mint,en,false,USD,2025-10-21T00:49:01.479Z
hi,binder,Kav Landseeker,EOE,Edge of Eternities,138,normal,common,2,107065,7a5a7e89-50e3-43cb-af93-d7d80a630c11,0.08,false,false,false,near_mint,en,false,USD,2025-10-21T00:49:01.479Z
hi,binder,Invasive Maneuvers,EOE,Edge of Eternities,137,normal,uncommon,1,107524,b68010e2-7810-43cb-a52e-e73b1834e54e,0.04,false,false,false,near_mint,en,false,USD,2025-10-21T00:49:01.479Z
hi,binder,Drill Too Deep,EOE,Edge of Eternities,133,normal,common,1,107760,b9d3b6e8-47c8-49e3-b204-8b659e127bde,0.02,false,false,false,near_mint,en,false,USD,2025-10-21T00:49:01.479Z
hi,binder,Territorial Bruntar,EOE,Edge of Eternities,165,normal,uncommon,1,107776,dbb25585-6048-4a85-828e-675bf0da6508,0.05,false,false,false,near_mint,en,false,USD,2025-10-21T00:49:01.479Z
hi,binder,Possibility Technician,EOE,Edge of Eternities,153,normal,rare,1,107267,4b146c78-403f-48c8-941d-41114498bb89,0.1,false,false,false,near_mint,en,false,USD,2025-10-21T00:49:01.479Z
hi,binder,Monoist Sentry,EOE,Edge of Eternities,111,normal,uncommon,2,107753,acc503e2-5c3a-4200-beb0-7d193d6c869e,0.05,false,false,false,near_mint,en,false,USD,2025-10-21T00:49:01.479Z
hi,binder,Swamp,EOE,Edge of Eternities,264,normal,common,1,106778,3e724e54-a622-4c77-8183-5a397a7c14a9,1.0,false,false,false,near_mint,en,false,USD,2025-10-21T00:49:01.479Z
hi,binder,Embrace Oblivion,EOE,Edge of Eternities,98,normal,common,1,106927,3754fc20-7aaa-437d-97df-d6cf1c29586c,0.06,false,false,false,near_mint,en,false,USD,2025-10-21T00:49:01.479Z
hi,binder,Kavaron Turbodrone,EOE,Edge of Eternities,141,normal,common,2,107788,f5e92cdd-75df-499e-94f7-22287f1000b3,0.02,false,false,false,near_mint,en,false,USD,2025-10-21T00:49:01.479Z
hi,binder,Hungry Ghoul,FDN,Foundations,62,normal,common,2,100701,790f9433-7565-4f7f-88e8-8af762ea0296,0.07,false,false,false,near_mint,en,false,USD,2025-10-21T00:49:01.479Z
hi,binder,Grapeshot,DMR,Dominaria Remastered,125,normal,common,2,78038,923e1291-3999-4f81-ade4-073fb982143f,0.28,false,false,false,near_mint,en,false,USD,2025-10-21T00:49:01.479Z
hi,binder,Grave Scrabbler,TSR,Time Spiral Remastered,118,normal,common,1,57885,d6c53e52-8d63-4628-bfb9-8abe4c7c7f4a,0.09,false,false,false,near_mint,en,false,USD,2025-10-21T00:49:01.479Z
hi,binder,Revel Ruiner,SNC,Streets of New Capenna,91,normal,common,1,68053,e3fbe7f0-8a91-4832-8953-54ab3669372c,0.03,false,false,false,near_mint,en,false,USD,2025-10-21T00:49:01.479Z
hi,binder,Light 'Em Up,SNC,Streets of New Capenna,113,normal,common,2,68076,ee31d56a-9b7e-4de0-81cb-3b7c76b6fbd5,0.07,false,false,false,near_mint,en,false,USD,2025-10-21T00:49:01.479Z
hi,binder,Witty Roastmaster,SNC,Streets of New Capenna,131,normal,common,1,67822,71d13f19-482b-4a2e-9692-b7d7caf2f9f5,0.37,false,false,false,near_mint,en,false,USD,2025-10-21T00:49:01.479Z
hi,binder,Sticky Fingers,SNC,Streets of New Capenna,124,normal,common,1,67696,3678fa3d-d41f-4b7a-b25e-6fc5f78876c7,0.36,false,false,false,near_mint,en,false,USD,2025-10-21T00:49:01.479Z
hi,binder,Join the Maestros,SNC,Streets of New Capenna,85,normal,common,1,68098,ff2665f7-6cf8-4f9b-810e-17e264753225,0.02,false,false,false,near_mint,en,false,USD,2025-10-21T00:49:01.479Z
hi,binder,Jackhammer,SNC,Streets of New Capenna,111,normal,common,1,68026,d74ba9fe-2dcb-4da7-ba64-cd932edb5b24,0.04,false,false,false,near_mint,en,false,USD,2025-10-21T00:49:01.479Z
hi,binder,Gilded Pinions,SNC,Streets of New Capenna,238,normal,common,1,68038,dca8554a-f74c-4d2d-95b6-ef6e74431d7c,0.06,false,false,false,near_mint,en,false,USD,2025-10-21T00:49:01.479Z
hi,binder,Graveyard Shift,SNC,Streets of New Capenna,81,normal,uncommon,1,67699,394d7fb3-44ee-409f-a992-27e5aabd9c2b,0.06,false,false,false,near_mint,en,false,USD,2025-10-21T00:49:01.479Z
hi,binder,Mob,MH1,Modern Horizons,97,normal,common,1,44837,3c216e13-3779-4734-b481-9aad7aba9925,0.06,false,false,false,near_mint,en,false,USD,2025-10-21T00:49:01.479Z
hi,binder,Gluttonous Slug,MH1,Modern Horizons,93,normal,common,1,44841,9514ce0d-8d61-4cce-b2ad-8f417869d04e,0.04,false,false,false,near_mint,en,false,USD,2025-10-21T00:49:01.479Z
hi,binder,Shrapnel Slinger,ONE,Phyrexia: All Will Be One,148,normal,common,1,78751,a6147bdc-4e02-48be-9ab9-c212f70d9194,0.05,false,false,false,near_mint,en,false,USD,2025-10-21T00:49:01.479Z
hi,binder,Swamp,MID,Innistrad: Midnight Hunt,273,normal,common,1,63205,38fef662-993c-4522-8b3f-7c1d3bb1d946,0.62,false,false,false,near_mint,en,false,USD,2025-10-21T00:49:01.479Z
hi,binder,Swamp,ONE,Phyrexia: All Will Be One,269,normal,common,1,78217,187e9fa1-6a50-4697-8645-fea4524e8dde,1.67,false,false,false,near_mint,en,false,USD,2025-10-21T00:49:01.479Z
hi,binder,Souls of the Lost,LCI,The Lost Caverns of Ixalan,121,normal,rare,1,88828,b5c6f502-f11f-4e41-beb8-0843432fa431,0.22,false,false,false,near_mint,en,false,USD,2025-10-21T00:49:01.479Z
hi,binder,Dead Weight,LCI,The Lost Caverns of Ixalan,99,normal,common,3,88638,82e6b971-3f5b-47e7-8209-98d72ee781fc,0.04,false,false,false,near_mint,en,false,USD,2025-10-21T00:49:01.479Z
hi,binder,Stinging Cave Crawler,LCI,The Lost Caverns of Ixalan,124,normal,uncommon,2,88568,6a230208-84ae-4f48-afbd-a0d50596ad27,0.07,false,false,false,near_mint,en,false,USD,2025-10-21T00:49:01.479Z
hi,binder,Chupacabra Echo,LCI,The Lost Caverns of Ixalan,97,normal,uncommon,2,88858,bdd8eed6-91da-4454-a5e3-7bbfac614f47,0.07,false,false,false,near_mint,en,false,USD,2025-10-21T00:49:01.479Z
hi,binder,Abyssal Gorestalker,LCI,The Lost Caverns of Ixalan,87,normal,uncommon,2,88773,a559f77f-1f10-475b-9361-7f297d50f254,0.05,false,false,false,near_mint,en,false,USD,2025-10-21T00:49:01.479Z
hi,binder,Vindictive Flamestoker,ONE,Phyrexia: All Will Be One,154,normal,rare,1,78952,f67e7a16-ff30-4fb9-9fcb-6561eec50caf,0.12,false,false,false,near_mint,en,false,USD,2025-10-21T00:49:01.479Z
hi,binder,Necrosquito,ONE,Phyrexia: All Will Be One,100,normal,uncommon,1,78627,72af72d2-5995-4cad-82f1-e2d0c465d6f1,0.07,false,false,false,near_mint,en,false,USD,2025-10-21T00:49:01.479Z
hi,binder,Firebrand Archer,FDN,Foundations,196,normal,common,1,101630,fe0312f1-4c98-4b7f-8a34-0059ea80edef,0.15,false,false,false,near_mint,en,false,USD,2025-10-21T00:49:01.479Z
hi,binder,Myr Convert,ONE,Phyrexia: All Will Be One,297,normal,uncommon,2,78434,1bfb7150-5157-4471-8874-4f9258c5d396,0.08,false,false,false,near_mint,en,false,USD,2025-10-21T00:49:01.479Z
hi,binder,Sawblade Scamp,ONE,Phyrexia: All Will Be One,292,normal,common,1,78609,6c3df8b6-3f31-4d1c-a165-40cb3f2e2233,0.06,false,false,false,near_mint,en,false,USD,2025-10-21T00:49:01.479Z
hi,binder,Prophetic Prism,ONE,Phyrexia: All Will Be One,238,normal,common,1,78481,3056ac38-7630-4301-88bb-a012a5b186ed,0.05,false,false,false,near_mint,en,false,USD,2025-10-21T00:49:01.479Z
hi,binder,Mirran Safehouse,ONE,Phyrexia: All Will Be One,232,normal,rare,1,78879,d76fe2f2-ce2c-49e4-9f00-89c82f2fae8d,0.12,false,false,false,near_mint,en,false,USD,2025-10-21T00:49:01.479Z
hi,binder,Free from Flesh,ONE,Phyrexia: All Will Be One,131,normal,common,1,78470,2c83600d-ea4d-4219-8dbb-34c4215a2005,0.03,false,false,false,near_mint,en,false,USD,2025-10-21T00:49:01.479Z
hi,binder,Exuberant Fuseling,ONE,Phyrexia: All Will Be One,129,normal,uncommon,3,78753,a6e8d7b9-ff5e-48ae-9e38-d2b6a45b119b,0.07,false,false,false,near_mint,en,false,USD,2025-10-21T00:49:01.479Z
hi,binder,Magmatic Sprinter,ONE,Phyrexia: All Will Be One,140,normal,uncommon,1,78478,2e6af42f-35ec-432f-9879-2a0fb938a9f6,0.04,false,false,false,near_mint,en,false,USD,2025-10-21T00:49:01.479Z
hi,binder,Charforger,ONE,Phyrexia: All Will Be One,199,normal,uncommon,1,78525,45db6b46-c4b4-4684-8a49-53a64ffc82f2,0.05,false,false,false,near_mint,en,false,USD,2025-10-21T00:49:01.479Z
hi,binder,Sheoldred's Edict,ONE,Phyrexia: All Will Be One,108,normal,uncommon,1,78761,a9225cc3-90f0-448f-a8d9-7c6c2796d077,0.64,false,false,false,near_mint,en,false,USD,2025-10-21T00:49:01.479Z
hi,binder,Nahiri's Sacrifice,ONE,Phyrexia: All Will Be One,142,normal,uncommon,1,78721,98395039-1353-4fa8-b51d-c4e1cadf9263,0.02,false,false,false,near_mint,en,false,USD,2025-10-21T00:49:01.479Z
hi,binder,Mephitic Draught,LCI,The Lost Caverns of Ixalan,112,normal,common,2,88811,adcae196-dbcc-44d5-b700-c57b0b646483,0.07,false,false,false,near_mint,en,false,USD,2025-10-21T00:49:01.479Z
hi,binder,Atraxa's Skitterfang,ONE,Phyrexia: All Will Be One,223,normal,uncommon,1,78859,cdedebad-f71e-4434-871e-5bbbd3c07a12,0.09,false,false,false,near_mint,en,false,USD,2025-10-21T00:49:01.479Z
hi,binder,The Dross Pits,ONE,Phyrexia: All Will Be One,251,normal,common,1,78429,19d469f1-2219-4466-9f8a-769ee43e28db,0.09,false,false,false,near_mint,en,false,USD,2025-10-21T00:49:01.479Z
hi,binder,Gleeful Demolition,ONE,Phyrexia: All Will Be One,134,normal,uncommon,1,78745,a3e4efa6-5783-4a51-99c6-116d1a8f01cf,0.12,false,false,false,near_mint,en,false,USD,2025-10-21T00:49:01.479Z
hi,binder,Cacophony Scamp,ONE,Phyrexia: All Will Be One,124,normal,uncommon,1,78489,3553dcef-7b99-49d5-b071-06b894696952,0.25,false,false,false,near_mint,en,false,USD,2025-10-21T00:49:01.479Z
hi,binder,Compass Gnome,LCI,The Lost Caverns of Ixalan,250,normal,common,1,88284,10e1030e-2b95-4807-9111-e495a2fc8813,0.04,false,false,false,near_mint,en,false,USD,2025-10-21T00:49:01.479Z
hi,binder,Hotfoot Gnome,LCI,The Lost Caverns of Ixalan,154,normal,common,1,88662,87468b6b-6f78-42e4-ab0d-6730aeecdc3f,0.04,false,false,false,near_mint,en,false,USD,2025-10-21T00:49:01.479Z
hi,binder,Tithing Blade // Consuming Sepulcher,LCI,The Lost Caverns of Ixalan,128,normal,common,2,88947,dbaa9a2d-e9fd-4746-a26c-f99ae731f024,0.29,false,false,false,near_mint,en,false,USD,2025-10-21T00:49:01.479Z
hi,binder,Drown in Ichor,ONE,Phyrexia: All Will Be One,91,normal,uncommon,1,78818,bf148ef4-0ed7-4fbe-8ab6-01dd3981c8d3,0.38,false,false,false,near_mint,en,false,USD,2025-10-21T00:49:01.479Z
hi,binder,Cruel Grimnarch,ONE,Phyrexia: All Will Be One,88,normal,common,1,78912,e3f571b5-ce50-4856-a151-fe6610d27bca,0.06,false,false,false,near_mint,en,false,USD,2025-10-21T00:49:01.479Z
hi,binder,Duress,FDN,Foundations,606,normal,common,1,100348,34c3a894-ee75-4db9-a69f-711bb3cc150a,0.15,false,false,false,near_mint,en,false,USD,2025-10-21T00:49:01.479Z
hi,binder,Anoint with Affliction,ONE,Phyrexia: All Will Be One,81,normal,common,1,78961,f7dc55a8-290f-4666-90ce-aa632e87c5e7,0.11,false,false,false,near_mint,en,false,USD,2025-10-21T00:49:01.479Z
hi,binder,Mountain,EOE,Edge of Eternities,274,normal,common,1,107186,de0ac2b0-175b-4e71-9172-ce2a72234818,0.07,false,false,false,near_mint,en,false,USD,2025-10-21T00:49:01.479Z
hi,binder,Dogged Pursuit,KHM,Kaldheim,85,normal,common,1,56903,60f6a159-b969-4767-802e-409f8bf286fe,0.12,false,false,false,near_mint,en,false,USD,2025-10-21T00:49:01.479Z
hi,binder,Spitfire Lagac,ZNR,Zendikar Rising,302,normal,common,1,54712,b6008794-a7ca-4a3e-b88b-e5dbb9e0f39b,0.08,false,false,false,near_mint,en,false,USD,2025-10-21T00:49:01.479Z
hi,binder,Pain Seer,BNG,Born of the Gods,80,normal,rare,1,14880,8ce8891f-b44c-4be4-878e-9fc45a9dc9cb,0.16,false,false,false,near_mint,en,false,USD,2025-10-21T00:49:01.479Z
hi,binder,Necrobite,BNG,Born of the Gods,77,normal,common,1,14883,a0955932-8ca9-4896-882c-2969fe7c7818,0.03,false,false,false,near_mint,en,false,USD,2025-10-21T00:49:01.479Z
hi,binder,Dread Rider,KHM,Kaldheim,89,normal,common,1,56777,205eb029-68a0-4895-b142-2eb09987b5cb,0.03,false,false,false,near_mint,en,false,USD,2025-10-21T00:49:01.479Z
hi,binder,Infernal Pet,KHM,Kaldheim,99,normal,common,1,56956,80340582-655b-4bf1-88fb-14bcbe17aa04,0.03,false,false,false,near_mint,en,false,USD,2025-10-21T00:49:01.479Z
hi,binder,Weigh Down,KHM,Kaldheim,118,normal,common,2,56929,6ffa795d-2211-49b0-a6df-812599758f7b,0.05,false,false,false,near_mint,en,false,USD,2025-10-21T00:49:01.479Z
hi,binder,Eradicator Valkyrie,KHM,Kaldheim,94,normal,mythic,1,57096,d00edda3-ddbc-44ee-a14b-47a701445bb0,1.4,false,false,false,near_mint,en,false,USD,2025-10-21T00:49:01.479Z
hi,binder,Duskwielder,KHM,Kaldheim,91,normal,common,1,56890,5b5490b8-5652-40f5-8678-e1263ef69b5a,0.04,false,false,false,near_mint,en,false,USD,2025-10-21T00:49:01.479Z
hi,binder,Skull Raid,KHM,Kaldheim,111,normal,common,1,56849,4589c520-4db3-47bf-bfb2-5d7e02ede4bf,0.02,false,false,false,near_mint,en,false,USD,2025-10-21T00:49:01.479Z
hi,binder,Jarl of the Forsaken,KHM,Kaldheim,100,normal,common,1,57155,f5b12c6c-c3d6-4b8a-bed4-d61f67f565b9,0.03,false,false,false,near_mint,en,false,USD,2025-10-21T00:49:01.479Z
hi,binder,Feed the Serpent,KHM,Kaldheim,95,normal,common,1,56997,99a1a75b-20cf-4db9-a244-cc54411446c4,0.03,false,false,false,near_mint,en,false,USD,2025-10-21T00:49:01.479Z
hi,binder,Kragma Butcher,BNG,Born of the Gods,100,normal,common,1,14860,56d1dcab-7e46-4ff1-91f6-77352ef0cd90,0.04,false,false,false,near_mint,en,false,USD,2025-10-21T00:49:01.479Z
hi,binder,Asphodel Wanderer,THS,Theros,77,normal,common,1,15587,675112db-c477-43f4-b755-54162445fb49,0.04,false,false,false,near_mint,en,false,USD,2025-10-21T00:49:01.479Z
hi,binder,Scourgemark,THS,Theros,105,normal,common,1,15559,ed36a150-a686-4fa6-8364-8be262ad7d98,0.04,false,false,false,near_mint,en,false,USD,2025-10-21T00:49:01.479Z
hi,binder,Keepsake Gorgon,CN2,Conspiracy: Take the Crown,141,normal,uncommon,1,7956,aa8d2ece-9639-4384-8284-27a1b0475228,0.09,false,false,false,near_mint,en,false,USD,2025-10-21T00:49:01.479Z
hi,binder,Drossclaw,MH3,Modern Horizons 3,89,normal,common,1,94498,70e68656-3204-4bb5-9f31-8036083fcba6,0.03,false,false,false,near_mint,en,false,USD,2025-10-21T00:49:01.479Z
hi,binder,Raise the Draugr,KHM,Kaldheim,105,normal,common,1,56769,1a67c196-632c-4c7b-a132-de07d894e634,0.11,false,false,false,near_mint,en,false,USD,2025-10-21T00:49:01.479Z
hi,binder,Bloodline Pretender,MOC,March of the Machine Commander,350,normal,uncommon,1,81749,73f2d0bb-f6d6-4073-8959-31643f3b2bb6,1.42,false,false,false,near_mint,en,false,USD,2025-10-21T00:49:01.479Z
hi,binder,Cut Down,DMU,Dominaria United,89,normal,uncommon,1,71544,753db072-5d6a-4f37-8f7d-255572ecd3bd,0.33,false,false,false,near_mint,en,false,USD,2025-10-21T00:49:01.479Z
hi,binder,Essence Infusion,STX,Strixhaven: School of Mages,69,normal,common,1,58142,71a48d0c-1e5b-43f2-8974-e2e5bb06310d,0.08,false,false,false,near_mint,en,false,USD,2025-10-21T00:49:01.479Z
hi,binder,Start from Scratch,STX,Strixhaven: School of Mages,114,normal,uncommon,1,58101,55c99486-ae64-4293-81fb-a4b02e8fcae6,0.06,false,false,false,near_mint,en,false,USD,2025-10-21T00:49:01.479Z
hi,binder,Perigee Beckoner,EOE,Edge of Eternities,112,normal,common,4,107786,f3666a08-d449-496f-969a-bf21d4afbd77,0.1,false,false,false,near_mint,en,false,USD,2025-10-21T00:49:01.479Z
hi,binder,Mountain,ONE,Phyrexia: All Will Be One,265,normal,common,3,78232,6d9e44c1-7b51-47cb-b564-608deb46cc44,0.14,false,false,false,near_mint,en,false,USD,2025-10-21T00:49:01.479Z
hi,binder,Testament Bearer,ONE,Phyrexia: All Will Be One,111,normal,common,2,78748,a5424859-628a-4c19-acd0-0c63c21c8338,0.02,false,false,false,near_mint,en,false,USD,2025-10-21T00:49:01.479Z
hi,binder,Niko Defies Destiny,KHM,Kaldheim,226,normal,uncommon,1,56766,19312f53-5b9d-4e76-91e8-65f444bb68c9,0.08,false,false,false,near_mint,en,false,USD,2025-10-21T00:54:12.935Z
hi,binder,Ondu Knotmaster // Throw a Line,MH3,Modern Horizons 3,196,normal,uncommon,1,94382,27912e61-97ef-406b-bb88-4fe89a54726e,0.04,false,false,false,near_mint,en,false,USD,2025-10-21T00:54:12.935Z
hi,binder,Cavalier of Gales,M20,Core Set 2020,52,normal,mythic,1,45409,a5356b11-e505-4838-aecb-327689eeead1,0.57,false,false,false,near_mint,en,false,USD,2025-10-21T00:54:12.935Z
hi,binder,Monstrous War-Leech,DMU,Dominaria United,98,normal,uncommon,1,71503,660d7983-b335-48b4-898d-f182effcf2de,0.06,false,false,false,near_mint,en,false,USD,2025-10-21T00:54:12.935Z
hi,binder,Curate,STX,Strixhaven: School of Mages,40,normal,common,1,58384,f2a0e716-22b7-4a5e-9b7a-d4a806ee7427,0.04,false,false,false,near_mint,en,false,USD,2025-10-21T00:54:12.935Z
hi,binder,Jackdaw Savior,BLB,Bloomburrow,18,normal,rare,1,96000,121af600-6143-450a-9f87-12ce4833f1ec,0.32,false,false,false,near_mint,en,false,USD,2025-10-21T00:54:12.935Z
hi,binder,Sanguine Indulgence,FDN,Foundations,613,normal,common,1,100099,03a26ca7-b26f-4b86-a060-712f15f4bf7f,0.08,false,false,false,near_mint,en,false,USD,2025-10-21T00:54:12.935Z
hi,binder,Phantom Ninja,MH1,Modern Horizons,62,normal,common,1,44872,a392b557-e809-4371-92d7-6e93caed4f1b,0.08,false,false,false,near_mint,en,false,USD,2025-10-21T00:54:12.935Z
hi,binder,Obscura Initiate,SNC,Streets of New Capenna,50,normal,common,1,67800,67774a11-158b-437c-ac16-2d42fbb5c223,0.05,false,false,false,near_mint,en,false,USD,2025-10-21T00:54:12.935Z
hi,binder,Citizen's Crowbar,SNC,Streets of New Capenna,8,normal,uncommon,1,67962,b68896f5-1e13-400a-a327-b6c6f00858b7,0.11,false,false,false,near_mint,en,false,USD,2025-10-21T00:54:12.935Z
hi,binder,Disdainful Stroke,SNC,Streets of New Capenna,39,normal,common,2,67728,492aa24c-61c4-48bc-b7b7-f423be2662da,0.15,false,false,false,near_mint,en,false,USD,2025-10-21T00:54:12.935Z
hi,binder,Dream Stalker,TSR,Time Spiral Remastered,63,normal,common,1,57904,e59b4729-74c1-4aa9-937d-27cda960f157,0.09,false,false,false,near_mint,en,false,USD,2025-10-21T00:54:12.935Z
hi,binder,Mulldrifter,MKC,Murders at Karlov Manor Commander,111,normal,uncommon,1,90576,eb6d8d1c-8d23-4273-9c9b-f3b71eb0e105,0.2,false,false,false,near_mint,en,false,USD,2025-10-21T00:54:12.935Z
hi,binder,Make Disappear,SNC,Streets of New Capenna,49,normal,common,1,67714,3f2d6a21-ea77-484b-9e3a-1bd49806f907,0.04,false,false,false,near_mint,en,false,USD,2025-10-21T00:54:12.935Z
hi,binder,Queen's Bay Paladin,LCI,The Lost Caverns of Ixalan,115,normal,rare,1,88911,d0a3339d-6067-4af5-9536-7e2d5ddd8918,0.1,false,false,false,near_mint,en,false,USD,2025-10-21T00:54:12.935Z
hi,binder,Captivating Cave,LCI,The Lost Caverns of Ixalan,268,normal,common,5,88323,1d1a645e-85c7-4044-b817-6e24744d245e,0.11,false,false,false,near_mint,en,false,USD,2025-10-21T00:54:12.935Z
hi,binder,The Surgical Bay,ONE,Phyrexia: All Will Be One,260,normal,common,1,78431,1b49ec35-2c4f-4144-85fe-226f7cb67266,0.06,false,false,false,near_mint,en,false,USD,2025-10-21T00:54:12.935Z
hi,binder,Quicksilver Fisher,ONE,Phyrexia: All Will Be One,287,normal,common,1,78789,b394cdd1-a632-4b57-8356-4e2d9c9620f7,0.04,false,false,false,near_mint,en,false,USD,2025-10-21T00:54:12.935Z
hi,binder,Gitaxian Anatomist,ONE,Phyrexia: All Will Be One,52,normal,common,1,78586,63517062-77da-4b60-aa24-f91553a81bed,0.03,false,false,false,near_mint,en,false,USD,2025-10-21T00:54:12.935Z
hi,binder,"Kaito, Dancing Shadow",ONE,Phyrexia: All Will Be One,204,normal,rare,1,78395,0d97f59a-07b8-47ef-aa88-d94f8c3feae4,0.33,false,false,false,near_mint,en,false,USD,2025-10-21T00:54:12.935Z
hi,binder,Dreadwing Scavenger,FDN,Foundations,118,normal,uncommon,1,101252,e24d838b-ab48-410a-9a50-dbfea5da089b,0.06,false,false,false,near_mint,en,false,USD,2025-10-21T00:54:12.935Z
hi,binder,Nylea's Presence,THS,Theros,169,normal,common,1,15495,e68f1fd4-1a2f-405b-a592-6c4af6214eae,0.1,false,false,false,near_mint,en,false,USD,2025-10-21T00:54:12.935Z
hi,binder,Mammoth Growth,KHM,Kaldheim,183,normal,common,1,56752,0e55041f-69a5-4bcf-899f-a4b44c208b4d,0.05,false,false,false,near_mint,en,false,USD,2025-10-21T00:54:12.935Z
hi,binder,Druid Lyrist,ODY,Odyssey,238,normal,common,1,31939,e9923532-bc4f-44de-b963-d6914321c49a,0.13,false,false,false,near_mint,en,false,USD,2025-10-21T00:54:12.935Z
hi,binder,Wary Thespian,FDN,Foundations,235,normal,common,1,101574,a3d62d04-0974-4cb5-9a35-5e996c6456e2,0.05,false,false,false,near_mint,en,false,USD,2025-10-21T00:54:12.935Z
hi,binder,Crash Landing,GPT,Guildpact,82,normal,uncommon,1,27513,f8683546-85b7-4658-91be-91ef65fb3fc3,0.16,false,false,false,near_mint,en,false,USD,2025-10-21T00:54:12.935Z
hi,binder,Leonin Squire,5DN,Fifth Dawn,9,normal,common,1,29486,5a5320ff-1fe6-492a-b27f-86a84a1768ed,0.17,false,false,false,near_mint,en,false,USD,2025-10-21T00:54:12.935Z
hi,binder,Fungal Colossus,EOE,Edge of Eternities,184,normal,common,3,107502,9dc9559f-cece-4c85-807c-158291666007,0.02,false,false,false,near_mint,en,false,USD,2025-10-21T00:54:12.935Z
hi,binder,Ironpaw Aspirant,LCI,The Lost Caverns of Ixalan,18,normal,common,2,89042,f70689a0-ac69-4052-84fc-9055e9e1c54b,0.04,false,false,false,near_mint,en,false,USD,2025-10-21T00:54:12.935Z
hi,binder,Aerial Predation,IMA,Iconic Masters,154,normal,common,1,3471,3b405858-83eb-4939-b86d-4ba190fca048,0.05,false,false,false,near_mint,en,false,USD,2025-10-21T00:54:12.935Z
hi,binder,Plummet,M20,Core Set 2020,188,normal,common,1,45273,4a1a0c7b-ce1c-4284-9362-04b21861f69d,0.11,false,false,false,near_mint,en,false,USD,2025-10-21T00:54:12.935Z
hi,binder,"Jiang Yanggu, Wildcrafter",WAR,War of the Spark,164,normal,uncommon,1,44240,10e0d47d-b13c-4d48-881f-8aaa347ef209,0.2,false,false,false,near_mint,en,false,USD,2025-10-21T00:54:12.935Z
hi,binder,Travel Preparations,INR,Innistrad Remastered,220,normal,uncommon,1,102515,41190fb8-f5d5-4a8b-bdc8-a4516e7075b5,0.05,false,false,false,near_mint,en,false,USD,2025-10-21T00:54:12.935Z
hi,binder,Thorn Elemental,DOM,Dominaria,185,normal,uncommon,1,2091,da901037-20e6-4445-8e7e-1ccd2e8b13ae,0.05,false,false,false,near_mint,en,false,USD,2025-10-21T00:54:12.935Z
hi,binder,Klothys's Design,THB,Theros Beyond Death,176,normal,uncommon,1,46886,b1b6b7a7-0ac8-470a-949b-4779ded95359,0.1,false,false,false,near_mint,en,false,USD,2025-10-21T00:54:12.935Z
hi,binder,Spinner of Souls,FDN,Foundations,112,normal,rare,1,101358,f50a8dec-b079-4192-9098-6cdc1026c693,0.79,false,false,false,near_mint,en,false,USD,2025-10-21T00:54:12.935Z
hi,binder,Dinotomaton,LCI,The Lost Caverns of Ixalan,144,normal,common,2,88740,9de1a93e-ec71-45fa-b0b8-2c21123e390c,0.06,false,false,false,near_mint,en,false,USD,2025-10-21T00:54:12.935Z
hi,binder,Promising Vein,LCI,The Lost Caverns of Ixalan,279,normal,common,3,88998,e9681a54-6413-4ff4-b6b1-ee4decb25bfa,0.14,false,false,false,near_mint,en,false,USD,2025-10-21T00:54:12.935Z
hi,binder,Relic's Roar,LCI,The Lost Caverns of Ixalan,71,normal,common,3,88398,35096eb3-ad7b-4b6e-b799-cb4cc447883e,0.06,false,false,false,near_mint,en,false,USD,2025-10-21T00:54:12.935Z
hi,binder,Rampaging Spiketail,LCI,The Lost Caverns of Ixalan,116,normal,common,2,88794,aad0adcb-80e5-4c6d-bcdd-9e5d18c017b3,0.04,false,false,false,near_mint,en,false,USD,2025-10-21T00:54:12.935Z
hi,binder,Acrobatic Leap,LCI,The Lost Caverns of Ixalan,2,normal,common,2,88457,47f82d84-03ad-42dd-80ce-f0ac5e353e46,0.03,false,false,false,near_mint,en,false,USD,2025-10-21T00:54:12.935Z
hi,binder,Goldfury Strider,LCI,The Lost Caverns of Ixalan,152,normal,uncommon,2,88434,415904fe-b77f-4c1a-850f-688484d629e6,0.06,false,false,false,near_mint,en,false,USD,2025-10-21T00:54:12.935Z
hi,binder,Zoetic Glyph,LCI,The Lost Caverns of Ixalan,86,normal,uncommon,2,88767,a2f498ac-179e-4055-9b83-97bcc5ab1bb9,0.07,false,false,false,near_mint,en,false,USD,2025-10-21T00:54:12.935Z
hi,binder,"Akawalli, the Seething Tower",LCI,The Lost Caverns of Ixalan,220,normal,uncommon,3,88431,3ee62dd1-97d0-4e5d-8937-26c9e51e9414,0.11,false,false,false,near_mint,en,false,USD,2025-10-21T00:54:12.935Z
hi,binder,"Wayta, Trainer Prodigy",LCC,The Lost Caverns of Ixalan Commander,7,normal,mythic,1,88234,04f2d7ee-43a4-48e8-af64-d9fad4b9c5f1,0.37,false,false,false,near_mint,en,false,USD,2025-10-21T00:54:12.935Z
hi,binder,Echoing Deeps,LCI,The Lost Caverns of Ixalan,271,normal,rare,1,88346,244c06b3-532d-426e-8bee-ee9461d092a6,0.41,false,false,false,near_mint,en,false,USD,2025-10-21T00:54:12.935Z
hi,binder,"Aclazotz, Deepest Betrayal // Temple of the Dead",LCI,The Lost Caverns of Ixalan,88,normal,mythic,1,88543,627c392c-4d18-4eb2-a4e8-c668f61f5487,5.4,false,false,false,near_mint,en,false,USD,2025-10-21T00:54:12.935Z
hi,binder,Dragonwing Glider,ONE,Phyrexia: All Will Be One,128,normal,rare,2,78547,5456b036-231e-4a64-b060-0709f5254664,0.12,false,false,false,near_mint,en,false,USD,2025-10-21T00:54:12.935Z
hi,binder,Serum-Core Chimera,ONE,Phyrexia: All Will Be One,215,normal,uncommon,1,78484,31147651-9a5e-4329-923b-e464f67135e9,0.03,false,false,false,near_mint,en,false,USD,2025-10-21T00:54:12.935Z
hi,binder,Nimraiser Paladin,ONE,Phyrexia: All Will Be One,101,normal,uncommon,2,78763,a99fe9a8-d9e7-4286-81a1-adfb753e4741,0.06,false,false,false,near_mint,en,false,USD,2025-10-21T00:54:12.935Z
hi,binder,Bonepicker Skirge,ONE,Phyrexia: All Will Be One,86,normal,common,1,78801,b83f4e41-a5f5-4929-9816-06dc1c228474,0.03,false,false,false,near_mint,en,false,USD,2025-10-21T00:54:12.935Z
hi,binder,Fleshless Gladiator,ONE,Phyrexia: All Will Be One,94,normal,common,1,78389,0b2a32c9-f0ae-4ae4-a5c5-72bea05018fb,0.06,false,false,false,near_mint,en,false,USD,2025-10-21T00:54:12.935Z
hi,binder,Tyrranax Atrocity,ONE,Phyrexia: All Will Be One,188,normal,common,2,78417,157cf43c-f7f2-4362-bfc8-11682e94b747,0.07,false,false,false,near_mint,en,false,USD,2025-10-21T00:54:12.935Z
hi,binder,Sheoldred's Headcleaver,ONE,Phyrexia: All Will Be One,109,normal,common,1,78688,8c6b818f-6912-4ea1-a35a-c8cd7ee9aead,0.05,false,false,false,near_mint,en,false,USD,2025-10-21T00:54:12.935Z
hi,binder,Distorted Curiosity,ONE,Phyrexia: All Will Be One,46,normal,uncommon,2,78966,f932ddd3-beb4-4dc8-8c15-e1c9c2276986,0.05,false,false,false,near_mint,en,false,USD,2025-10-21T00:54:12.935Z
hi,binder,Annex Sentry,ONE,Phyrexia: All Will Be One,2,normal,uncommon,2,78377,04baad61-1b51-4602-9e33-0de4a9f34793,0.09,false,false,false,near_mint,en,false,USD,2025-10-21T00:54:12.935Z
hi,binder,Bladed Ambassador,ONE,Phyrexia: All Will Be One,5,normal,uncommon,2,78391,0bd8d2b8-4caf-4349-9538-0dfbebf0ce1b,0.04,false,false,false,near_mint,en,false,USD,2025-10-21T00:54:12.935Z
hi,binder,Mirage Mockery,ONC,Phyrexia: All Will Be One Commander,22,normal,rare,1,78597,67cead78-26fa-4cae-ba0e-925e28c26d53,0.2,false,false,false,near_mint,en,false,USD,2025-10-21T00:54:12.935Z
hi,binder,Monument to Perfection,ONE,Phyrexia: All Will Be One,233,normal,rare,1,78769,ab892e7b-6797-4ede-ab5d-d9d0fa488c80,0.12,false,false,false,near_mint,en,false,USD,2025-10-21T00:54:12.935Z
hi,binder,Blightbelly Rat,ONE,Phyrexia: All Will Be One,289,normal,common,3,78444,20364e49-0948-411a-b58f-b0d12fedce43,0.06,false,false,false,near_mint,en,false,USD,2025-10-21T00:54:12.935Z
hi,binder,Swamp,MH3,Modern Horizons 3,306,normal,common,2,91781,c8e3909e-e00a-4855-a0be-b1c538f89cb8,0.18,false,false,false,near_mint,en,false,USD,2025-10-21T00:54:12.935Z
hi,binder,Infernal Captor,MH3,Modern Horizons 3,125,normal,common,1,94862,6b30243d-511b-47b8-bbed-0395d3de903d,0.03,false,false,false,near_mint,en,false,USD,2025-10-21T00:54:12.935Z
hi,binder,Utter Insignificance,MH3,Modern Horizons 3,78,normal,common,2,94398,3050ac06-4c16-4155-a97f-f6bc92709ee4,0.04,false,false,false,near_mint,en,false,USD,2025-10-21T00:54:12.935Z
hi,binder,Colossal Dreadmask,MH3,Modern Horizons 3,148,normal,common,2,94552,98164430-64c1-465f-b786-45753c965f44,0.04,false,false,false,near_mint,en,false,USD,2025-10-21T00:54:12.935Z
hi,binder,Cyclops Superconductor,MH3,Modern Horizons 3,182,normal,common,1,94861,69ce6839-92d1-497b-9760-6fdc7388614e,0.04,false,false,false,near_mint,en,false,USD,2025-10-21T00:54:12.935Z
hi,binder,Foreboding Landscape,TDC,Tarkir: Dragonstorm Commander,365,normal,common,1,104970,cf53f97c-dd4c-44bd-93ba-faa6d64c985a,0.1,false,false,false,near_mint,en,false,USD,2025-10-21T00:54:12.935Z
hi,binder,Copycrook,MH3,Modern Horizons 3,55,normal,uncommon,1,94448,52ea5e71-d0a3-4065-918b-9b2af98589ba,0.12,false,false,false,near_mint,en,false,USD,2025-10-21T00:54:12.935Z
hi,binder,Idol of False Gods,MH3,Modern Horizons 3,210,normal,uncommon,1,94636,d5e1ff6d-190a-497f-89c3-35e0979c93b5,0.15,false,false,false,near_mint,en,false,USD,2025-10-21T00:54:12.935Z
hi,binder,Razorgrass Ambush // Razorgrass Field,MH3,Modern Horizons 3,238,normal,uncommon,1,94454,57065dca-f90e-4184-bbc4-95d726a4160b,0.32,false,false,false,near_mint,en,false,USD,2025-10-21T00:54:12.935Z
hi,binder,Worn Powerstone,MH3,Modern Horizons 3,298,normal,uncommon,1,94578,ace686ad-9e3f-41b3-b8eb-d1b6d45eb4e1,0.23,false,false,false,near_mint,en,false,USD,2025-10-21T00:54:12.935Z
hi,binder,Gravedig,MH3,Modern Horizons 3,96,normal,common,2,94653,e2b054a9-7565-4fdd-b6a5-2786c5bb5b7e,0.03,false,false,false,near_mint,en,false,USD,2025-10-21T00:54:12.935Z
hi,binder,"Shilgengar, Sire of Famine",PMH3,Modern Horizons 3 Promos,109s,foil,rare,1,95693,d11c8ece-0330-4f5c-9a27-e81434f7c01f,0.59,false,false,false,near_mint,en,false,USD,2025-10-21T00:54:12.935Z
hi,binder,Bonepicker Skirge,ONE,Phyrexia: All Will Be One,290,normal,common,2,78904,e0e1de30-1899-49ef-88ae-6defc69f19b3,0.09,false,false,false,near_mint,en,false,USD,2025-10-21T00:54:12.935Z
hi,binder,High-Rise Sawjack,SNC,Streets of New Capenna,150,normal,common,2,67647,2399c6d7-57f9-4100-ad64-3c8897a438f7,0.04,false,false,false,near_mint,en,false,USD,2025-10-21T01:01:22.308Z
hi,binder,Llanowar Elves,FDN,Foundations,227,normal,common,1,95583,6a0b230b-d391-4998-a3f7-7b158a0ec2cd,0.27,false,false,false,near_mint,en,false,USD,2025-10-21T01:01:22.308Z
hi,binder,"Dwynen, Gilt-Leaf Daen",FDN,Foundations,217,normal,uncommon,1,100086,01c00d7b-7fac-4f8c-a1ea-de2cf4d06627,0.22,false,false,false,near_mint,en,false,USD,2025-10-21T01:01:22.308Z
hi,binder,Masked Bandits,SNC,Streets of New Capenna,319,normal,common,1,68081,f3b68f6f-d70b-4ed6-93f4-47964ee36a52,0.04,false,false,false,near_mint,en,false,USD,2025-10-21T01:01:22.308Z
hi,binder,Midnight Assassin,SNC,Streets of New Capenna,87,normal,common,1,67587,02a4a5b3-0477-4709-8bce-3e01f54001b6,0.05,false,false,false,near_mint,en,false,USD,2025-10-21T01:01:22.308Z
hi,binder,Riveteers Charm,M3C,Modern Horizons 3 Commander,271,normal,uncommon,1,95133,9cb6fe33-c64e-4cbd-9e8f-c23e684d3a12,0.09,false,false,false,near_mint,en,false,USD,2025-10-21T01:01:22.308Z
hi,binder,Fleeting Distraction,FDN,Foundations,155,normal,common,1,101587,c0b86a7b-4912-43a7-ab89-c3432385baa1,0.02,false,false,false,near_mint,en,false,USD,2025-10-21T01:01:22.308Z
hi,binder,Run Away Together,FDN,Foundations,162,normal,common,2,101614,e598eb7b-10dc-49e6-ac60-2fefa987173e,0.14,false,false,false,near_mint,en,false,USD,2025-10-21T01:01:22.308Z
hi,binder,Shadowbeast Sighting,MID,Innistrad: Midnight Hunt,198,normal,common,1,63160,1b12e978-4deb-4ccc-8ae6-462bc4598c90,0.02,false,false,false,near_mint,en,false,USD,2025-10-21T01:01:22.308Z
hi,binder,Candletrap,MID,Innistrad: Midnight Hunt,9,normal,common,1,63191,32869a36-f21e-4348-a787-871daa6151df,0.03,false,false,false,near_mint,en,false,USD,2025-10-21T01:01:22.308Z
hi,binder,Harvesttide Sentry,MID,Innistrad: Midnight Hunt,186,normal,common,1,63350,9543cf53-8cf5-49d0-9c60-8b11e21da953,0.06,false,false,false,near_mint,en,false,USD,2025-10-21T01:01:22.308Z
hi,binder,Nebelgast Intruder,MID,Innistrad: Midnight Hunt,64,normal,uncommon,1,63293,6c801346-0052-4f4b-a497-1567a34679fb,0.03,false,false,false,near_mint,en,false,USD,2025-10-21T01:01:22.308Z
hi,binder,Firmament Sage,MID,Innistrad: Midnight Hunt,53,normal,uncommon,1,63370,9db186a1-3dc5-4ed2-8cd4-1e4f13094885,0.02,false,false,false,near_mint,en,false,USD,2025-10-21T01:01:22.308Z
hi,binder,Obsessive Astronomer,MID,Innistrad: Midnight Hunt,152,normal,uncommon,1,63235,4f6e0cb6-283b-448e-89c6-8b6e8e21e38b,0.07,false,false,false,near_mint,en,false,USD,2025-10-21T01:01:22.308Z
hi,binder,Shady Traveler // Stalking Predator,MID,Innistrad: Midnight Hunt,291,normal,common,1,63395,b1463082-62bb-4aa6-8763-b865ef1fdb68,0.04,false,false,false,near_mint,en,false,USD,2025-10-21T01:01:22.308Z
hi,binder,Overwhelmed Archivist // Archive Haunt,MID,Innistrad: Midnight Hunt,68,normal,uncommon,1,63329,832288fd-8031-4c2b-ad3e-b1ec9f94d379,0.05,false,false,false,near_mint,en,false,USD,2025-10-21T01:01:22.308Z
hi,binder,Tavern Ruffian // Tavern Smasher,MID,Innistrad: Midnight Hunt,296,normal,common,1,63339,8ca358b8-dee7-462d-aee1-f2e271d38370,0.05,false,false,false,near_mint,en,false,USD,2025-10-21T01:01:22.308Z
hi,binder,Cephalopod Sentry,ONE,Phyrexia: All Will Be One,198,normal,uncommon,1,78482,30c22eb9-5056-4c0b-a5d8-41e09161eb40,0.07,false,false,false,near_mint,en,false,USD,2025-10-21T01:01:22.308Z
hi,binder,Ambulatory Edifice,ONE,Phyrexia: All Will Be One,79,normal,uncommon,1,78522,43c9005c-0574-4b75-8dbf-0a6641c3ae33,0.04,false,false,false,near_mint,en,false,USD,2025-10-21T01:01:22.308Z
hi,binder,Lattice-Blade Mantis,ONE,Phyrexia: All Will Be One,173,normal,common,1,78958,f7427def-c4b2-475a-8dc9-7e89409d9abb,0.04,false,false,false,near_mint,en,false,USD,2025-10-21T01:01:22.308Z
hi,binder,Branchblight Stalker,ONE,Phyrexia: All Will Be One,160,normal,common,1,78919,e5290a4c-1f98-4e97-a407-f951e386b8b0,0.08,false,false,false,near_mint,en,false,USD,2025-10-21T01:01:22.308Z
hi,binder,Meldweb Strider,ONE,Phyrexia: All Will Be One,60,normal,common,1,78834,c5efd9b5-05e5-440f-b28c-658e461cf644,0.03,false,false,false,near_mint,en,false,USD,2025-10-21T01:01:22.308Z
hi,binder,Copper Longlegs,ONE,Phyrexia: All Will Be One,165,normal,common,1,78963,f8855fbf-4f1e-4c44-9653-bbbfc3f2fafd,0.08,false,false,false,near_mint,en,false,USD,2025-10-21T01:01:22.308Z
hi,binder,Gitaxian Raptor,ONE,Phyrexia: All Will Be One,53,normal,common,1,78538,4f5e95f8-c04d-405f-bba4-e83a8f6bf463,0.02,false,false,false,near_mint,en,false,USD,2025-10-21T01:01:22.308Z
hi,binder,Dune Mover,ONE,Phyrexia: All Will Be One,226,normal,common,1,78460,29d2c689-af37-433a-a012-e8d384702811,0.03,false,false,false,near_mint,en,false,USD,2025-10-21T01:01:22.308Z
hi,binder,Swooping Lookout,ONE,Phyrexia: All Will Be One,35,normal,uncommon,1,78796,b62c740d-260d-4dfa-b6b3-9a1527538f89,0.05,false,false,false,near_mint,en,false,USD,2025-10-21T01:01:22.308Z
hi,binder,Against All Odds,ONE,Phyrexia: All Will Be One,1,normal,uncommon,1,78512,3cd8dd4e-6892-49d7-8fae-97d04f9f6c84,0.09,false,false,false,near_mint,en,false,USD,2025-10-21T01:01:22.308Z
hi,binder,Plague Nurse,ONE,Phyrexia: All Will Be One,179,normal,common,1,78576,5e7eef9e-68ae-4743-ad89-64f6fafbe365,0.05,false,false,false,near_mint,en,false,USD,2025-10-21T01:01:22.308Z
hi,binder,Carnivorous Canopy,ONE,Phyrexia: All Will Be One,162,normal,common,1,78647,7b43ba43-f7ae-4e00-b797-2360c3ccd839,0.09,false,false,false,near_mint,en,false,USD,2025-10-21T01:01:22.308Z
hi,binder,Tinker's Tote,LCI,The Lost Caverns of Ixalan,40,normal,common,1,88641,8321857e-7977-46dd-8357-d732312e5261,0.03,false,false,false,near_mint,en,false,USD,2025-10-21T01:01:22.308Z
hi,binder,Oltec Archaeologists,LCI,The Lost Caverns of Ixalan,27,normal,common,2,88508,57c21561-2213-4524-89a6-30a305843e5a,0.04,false,false,false,near_mint,en,false,USD,2025-10-21T01:01:22.308Z
hi,binder,Oltec Cloud Guard,LCI,The Lost Caverns of Ixalan,28,normal,common,2,88224,02d68a38-2e0b-401b-b67d-a55e2af5b18d,0.03,false,false,false,near_mint,en,false,USD,2025-10-21T01:01:22.308Z
hi,binder,Kinjalli's Dawnrunner,LCI,The Lost Caverns of Ixalan,19,normal,uncommon,3,89057,fc4c527c-6963-47f4-bcad-841d06bb2211,0.03,false,false,false,near_mint,en,false,USD,2025-10-21T01:01:22.308Z
hi,binder,Glimpse the Core,LCI,The Lost Caverns of Ixalan,186,normal,uncommon,3,88952,de7d6aed-3dc8-417d-a190-1660cfc8ee4a,0.14,false,false,false,near_mint,en,false,USD,2025-10-21T01:01:22.308Z
hi,binder,Visage of Dread // Dread Osseosaur,LCI,The Lost Caverns of Ixalan,129,normal,uncommon,2,88422,3d4b61c6-3e88-49f5-9e16-aa8a59653327,0.07,false,false,false,near_mint,en,false,USD,2025-10-21T01:01:22.308Z
hi,binder,Cankerbloom,ONE,Phyrexia: All Will Be One,294,normal,uncommon,1,78372,02272f89-dd8e-4a07-8bd4-b33ad4e12888,0.13,false,false,false,near_mint,en,false,USD,2025-10-21T01:01:22.308Z
hi,binder,Ichorplate Golem,ONE,Phyrexia: All Will Be One,230,normal,uncommon,1,78920,e555abb1-ffd4-4143-9be8-ec8a758f5c2a,0.07,false,false,false,near_mint,en,false,USD,2025-10-21T01:01:22.308Z
hi,binder,Surgical Skullbomb,ONE,Phyrexia: All Will Be One,243,normal,common,1,78723,98c2b2af-739f-413c-8c36-da6f78df0acb,0.03,false,false,false,near_mint,en,false,USD,2025-10-21T01:01:22.308Z
hi,binder,Contagious Vorrac,ONE,Phyrexia: All Will Be One,164,normal,common,1,78425,18af2c85-e58f-4043-99d3-e90121348aca,0.07,false,false,false,near_mint,en,false,USD,2025-10-21T01:01:22.308Z
hi,binder,Pestilent Syphoner,ONE,Phyrexia: All Will Be One,103,normal,common,1,78706,947a1e44-3485-4e24-a34d-6c318584743c,0.11,false,false,false,near_mint,en,false,USD,2025-10-21T01:01:22.308Z
hi,binder,Urabrask's Anointer,ONE,Phyrexia: All Will Be One,293,normal,uncommon,1,78872,d419a3d0-c1ee-4c7a-a88c-a6a8b1f7ab6e,0.06,false,false,false,near_mint,en,false,USD,2025-10-21T01:01:22.308Z
hi,binder,Evolving Adaptive,ONE,Phyrexia: All Will Be One,167,normal,uncommon,1,78407,13366c60-1200-4ad2-bbf4-77596121fcd2,0.04,false,false,false,near_mint,en,false,USD,2025-10-21T01:01:22.308Z
hi,binder,Cinderslash Ravager,ONE,Phyrexia: All Will Be One,200,normal,uncommon,1,78935,eee24300-fff8-4405-9629-9f62b4a839ef,0.02,false,false,false,near_mint,en,false,USD,2025-10-21T01:01:22.308Z
hi,binder,Quicksilver Fisher,ONE,Phyrexia: All Will Be One,66,normal,common,1,78807,bad0e96a-b4cc-4439-aab9-731a1036145d,0.02,false,false,false,near_mint,en,false,USD,2025-10-21T01:01:22.308Z
hi,binder,Skyscythe Engulfer,ONE,Phyrexia: All Will Be One,183,normal,common,1,78880,d7898399-3c52-402c-9cd7-baad2cb7f00e,0.05,false,false,false,near_mint,en,false,USD,2025-10-21T01:01:22.308Z
hi,binder,Titanic Growth,ONE,Phyrexia: All Will Be One,187,normal,common,1,78491,3583ea03-525f-4c70-9d7e-ccc6002ee9e1,0.07,false,false,false,near_mint,en,false,USD,2025-10-21T01:01:22.308Z
hi,binder,Glorifier of Suffering,LCI,The Lost Caverns of Ixalan,15,normal,common,2,88602,7580ad36-7362-4dee-9511-d119173b70e8,0.04,false,false,false,near_mint,en,false,USD,2025-10-21T01:01:22.308Z
hi,binder,Oaken Siren,LCI,The Lost Caverns of Ixalan,66,normal,common,3,88938,d7731ef5-da74-4436-8ee7-01c065cbefae,0.04,false,false,false,near_mint,en,false,USD,2025-10-21T01:01:22.308Z
hi,binder,Pirate Hat,LCI,The Lost Caverns of Ixalan,70,normal,common,2,88737,9d11e3d4-769d-47aa-8d3a-ce1ac60b68b8,0.06,false,false,false,near_mint,en,false,USD,2025-10-21T01:01:22.308Z
hi,binder,Brackish Blunder,LCI,The Lost Caverns of Ixalan,46,normal,common,3,88954,dea3d0f4-76f5-416f-93ba-8b003b967816,0.04,false,false,false,near_mint,en,false,USD,2025-10-21T01:01:22.308Z
hi,binder,Tendril of the Mycotyrant,LCI,The Lost Caverns of Ixalan,215,normal,uncommon,2,88818,afa464fe-978f-43de-ac35-79be4b12f0d9,0.07,false,false,false,near_mint,en,false,USD,2025-10-21T01:01:22.308Z
hi,binder,Explorer's Cache,LCI,The Lost Caverns of Ixalan,184,normal,uncommon,2,88658,86b36214-9c7e-4a24-93d4-17b2d00cbc51,0.06,false,false,false,near_mint,en,false,USD,2025-10-21T01:01:22.308Z
hi,binder,Benalish Infantry,WTH,Weatherlight,8,normal,common,1,37289,e8472303-b8ee-402b-a9ea-49abe2e01152,0.11,false,false,false,near_mint,en,false,USD,2025-10-21T01:01:22.308Z
hi,binder,Oil-Gorger Troll,ONE,Phyrexia: All Will Be One,177,normal,common,1,78641,78493579-1fad-4664-96d7-195bf59ceef2,0.02,false,false,false,near_mint,en,false,USD,2025-10-21T01:01:22.308Z
hi,binder,Glistener Seer,ONE,Phyrexia: All Will Be One,54,normal,common,1,78825,c22aaaec-bad5-43e9-8e92-9c4bde95fcfd,0.06,false,false,false,near_mint,en,false,USD,2025-10-21T01:01:22.308Z
hi,binder,Maze Skullbomb,ONE,Phyrexia: All Will Be One,231,normal,common,1,78403,1073aee2-aea6-473d-97c6-248778d79d80,0.02,false,false,false,near_mint,en,false,USD,2025-10-21T01:01:22.308Z
hi,binder,Maze's Mantle,ONE,Phyrexia: All Will Be One,174,normal,common,1,78811,bc79106b-9aa2-4add-b9ca-e3c7aafd9821,0.03,false,false,false,near_mint,en,false,USD,2025-10-21T01:01:22.308Z
hi,binder,Thran War Machine,ULG,Urza's Legacy,134,normal,uncommon,1,35386,5908714a-be91-4279-b87e-e2bc09dbaaba,0.13,false,false,false,near_mint,en,false,USD,2025-10-21T01:01:22.308Z
hi,binder,Viral Spawning,ONE,Phyrexia: All Will Be One,194,normal,uncommon,1,78677,85ad30a1-3ecc-42ca-afe8-85df5bad9196,0.05,false,false,false,near_mint,en,false,USD,2025-10-21T01:01:22.308Z
hi,binder,Iceberg Cancrix,MH1,Modern Horizons,54,normal,common,1,44880,d84b1444-a609-4c23-935d-fa25aef16179,0.08,false,false,false,near_mint,en,false,USD,2025-10-21T01:01:22.308Z
hi,binder,Arcum's Astrolabe,MH1,Modern Horizons,220,normal,common,1,44714,c2462fdf-a594-47d0-8e10-b55901e350d9,0.11,false,false,false,near_mint,en,false,USD,2025-10-21T01:01:22.308Z
hi,binder,Bellowing Elk,MH1,Modern Horizons,157,normal,common,1,44777,cec6cf54-79ff-44e8-af83-786fd72867dd,0.08,false,false,false,near_mint,en,false,USD,2025-10-21T01:01:22.308Z
hi,binder,Wall of One Thousand Cuts,MH1,Modern Horizons,36,normal,common,1,44898,f4e5388a-1c1e-4809-99d0-bbdd93436c5e,0.05,false,false,false,near_mint,en,false,USD,2025-10-21T01:01:22.308Z
hi,binder,Eyekite,MH1,Modern Horizons,49,normal,common,1,44885,49f7bda8-949a-42aa-9254-f39b791cb9a8,0.04,false,false,false,near_mint,en,false,USD,2025-10-21T01:01:22.308Z
hi,binder,Norn's Wellspring,ONE,Phyrexia: All Will Be One,24,normal,rare,1,78936,eeebc0ab-89fb-47d5-a20f-8f1fe5e3c149,0.17,false,false,false,near_mint,en,false,USD,2025-10-21T01:01:22.308Z
hi,binder,Thrummingbird,EOC,Edge of Eternities Commander,80,normal,uncommon,1,107350,f10db847-6598-49a5-8f10-67afd5187d32,0.17,false,false,false,near_mint,en,false,USD,2025-10-21T01:01:22.308Z
hi,binder,Myr Convert,ONE,Phyrexia: All Will Be One,234,normal,uncommon,1,78731,9df0adcf-7ad0-4d70-8dcd-28f69471495b,0.1,false,false,false,near_mint,en,false,USD,2025-10-21T01:01:22.308Z
hi,binder,Necrogen Rotpriest,ONE,Phyrexia: All Will Be One,212,normal,uncommon,1,78681,87519b36-1d95-4020-a61d-6afb75555e3e,0.09,false,false,false,near_mint,en,false,USD,2025-10-21T01:01:22.308Z
hi,binder,Flensing Raptor,ONE,Phyrexia: All Will Be One,12,normal,common,1,78408,134aecf0-dc48-4fb3-8c8b-4e5272077856,0.05,false,false,false,near_mint,en,false,USD,2025-10-21T01:01:22.308Z
hi,binder,Sinew Dancer,ONE,Phyrexia: All Will Be One,32,normal,common,1,78929,ebad4fcc-4f78-48dc-b236-c78c22edc1e9,0.03,false,false,false,near_mint,en,false,USD,2025-10-21T01:01:22.308Z
hi,binder,Cutthroat Centurion,ONE,Phyrexia: All Will Be One,89,normal,common,1,78788,b3890961-d636-4ccc-9c42-2088a8531c9b,0.03,false,false,false,near_mint,en,false,USD,2025-10-21T01:01:22.308Z
hi,binder,Voidwing Hybrid,ONE,Phyrexia: All Will Be One,221,normal,uncommon,1,78685,8a48705f-bd8a-43f1-b1fe-14a5c9a83ccd,0.13,false,false,false,near_mint,en,false,USD,2025-10-21T01:01:22.308Z
hi,binder,Cankerbloom,ONE,Phyrexia: All Will Be One,161,normal,uncommon,1,78684,89b39293-6f57-4294-85fc-c718bdbb4d40,0.24,false,false,false,near_mint,en,false,USD,2025-10-21T01:01:22.308Z
hi,binder,Necrogen Communion,ONE,Phyrexia: All Will Be One,99,normal,uncommon,1,78605,6ac8cd7c-992f-4953-b5bf-42e5a9ff09ad,0.13,false,false,false,near_mint,en,false,USD,2025-10-21T01:01:22.308Z
hi,binder,Ominous Seas,IKO,Ikoria: Lair of Behemoths,61,normal,uncommon,1,50016,ce8965f2-756a-4461-a643-db024a11c2de,0.93,false,false,false,near_mint,en,false,USD,2025-10-21T01:01:22.308Z
hi,binder,Bloated Contaminator,ONE,Phyrexia: All Will Be One,159,normal,rare,1,78517,411bda96-6c65-475d-9850-0a9b3eefa553,1.47,false,false,false,near_mint,en,false,USD,2025-10-21T01:01:22.308Z
hi,binder,"Rocco, Cabaretti Caterer",SNC,Streets of New Capenna,332,normal,uncommon,1,67604,0cbc93cb-8df4-446f-b99f-21238355ad64,0.06,false,false,false,near_mint,en,false,USD,2025-10-21T01:01:22.308Z
hi,binder,Plummet,MID,Innistrad: Midnight Hunt,193,normal,common,1,63243,5469e696-bbf1-43e3-9c25-fe089b36caed,0.03,false,false,false,near_mint,en,false,USD,2025-10-21T01:01:22.308Z
hi,binder,Font of Progress,ONE,Phyrexia: All Will Be One,51,normal,uncommon,1,78453,272c9888-ef13-4d47-a4bc-f5239b357a1b,0.05,false,false,false,near_mint,en,false,USD,2025-10-21T01:01:22.308Z
hi,binder,Aspirant's Ascent,ONE,Phyrexia: All Will Be One,40,normal,common,1,78557,57551332-e2a4-4e6a-9bd8-e3a9baafcd17,0.03,false,false,false,near_mint,en,false,USD,2025-10-21T01:01:22.308Z
hi,binder,Icehide Golem,MH1,Modern Horizons,224,normal,uncommon,1,44710,b2671c36-96fa-49e3-90dc-52820b2c8a62,0.15,false,false,false,near_mint,en,false,USD,2025-10-21T01:01:22.308Z
hi,binder,First Sliver's Chosen,MH1,Modern Horizons,9,normal,uncommon,1,44925,7f5c4368-4f2e-4f5f-8944-8b0d49ab3e38,0.25,false,false,false,near_mint,en,false,USD,2025-10-21T01:01:22.308Z
hi,binder,Ingenious Infiltrator,MH1,Modern Horizons,204,normal,uncommon,1,44730,919cd266-b796-4a1c-937f-76b565c82495,1.24,false,false,false,near_mint,en,false,USD,2025-10-21T01:01:22.308Z
hi,binder,Malamet Battle Glyph,LCI,The Lost Caverns of Ixalan,198,normal,uncommon,3,88337,2259f959-ca97-4df9-8d50-0532090fb967,0.05,false,false,false,near_mint,en,false,USD,2025-10-21T01:01:22.308Z
hi,binder,Kaslem's Stonetree // Kaslem's Strider,LCI,The Lost Caverns of Ixalan,197,normal,common,2,88613,78b1b412-228a-4e05-a4b3-8159ebf54dc6,0.04,false,false,false,near_mint,en,false,USD,2025-10-21T01:01:22.308Z
hi,binder,Spelunking,LCI,The Lost Caverns of Ixalan,213,normal,uncommon,1,88924,d3be4257-2316-4a2e-b347-f71c0368a947,2.74,false,false,false,near_mint,en,false,USD,2025-10-21T01:01:22.308Z
hi,binder,Shipwreck Sentry,LCI,The Lost Caverns of Ixalan,75,normal,common,3,88634,814803bc-72cd-46db-b957-4322f2a7b28a,0.03,false,false,false,near_mint,en,false,USD,2025-10-21T01:01:22.308Z
hi,binder,Waylaying Pirates,LCI,The Lost Caverns of Ixalan,85,normal,common,2,88958,ded2bb06-7163-47fe-bede-9c192c9b8952,0.06,false,false,false,near_mint,en,false,USD,2025-10-21T01:01:22.308Z
hi,binder,Unlucky Drop,LCI,The Lost Caverns of Ixalan,82,normal,common,3,88607,76ebb2df-8891-434e-9cd0-f25b848cb754,0.03,false,false,false,near_mint,en,false,USD,2025-10-21T01:01:22.308Z
hi,binder,Out of Air,LCI,The Lost Caverns of Ixalan,69,normal,common,3,88871,c263db55-fcac-4b49-b626-7c8092accfcd,0.05,false,false,false,near_mint,en,false,USD,2025-10-21T01:01:22.308Z
hi,binder,Blightbelly Rat,ONE,Phyrexia: All Will Be One,85,normal,common,1,78701,9255cd01-a611-4fec-b9ec-b271687740ba,0.14,false,false,false,near_mint,en,false,USD,2025-10-21T01:01:22.308Z
hi,binder,Buy Your Silence,SNC,Streets of New Capenna,6,normal,common,1,67875,8c9ac05f-f47c-4569-a06e-793d28cbb936,0.05,false,false,false,near_mint,en,false,USD,2025-10-21T01:01:22.308Z
hi,binder,Veil of Assimilation,ONE,Phyrexia: All Will Be One,37,normal,uncommon,1,78442,1f9d8d87-e32f-4ad9-8d72-d1b88cd14510,0.06,false,false,false,near_mint,en,false,USD,2025-10-21T01:01:22.308Z
hi,binder,Plated Onslaught,ONE,Phyrexia: All Will Be One,29,normal,uncommon,1,78527,472a635a-a581-4c00-89d6-464f30887944,0.03,false,false,false,near_mint,en,false,USD,2025-10-21T01:01:22.308Z
hi,binder,Security Bypass,SNC,Streets of New Capenna,59,normal,common,1,67780,5c155be9-8432-4e35-b586-96b6339d27ae,0.09,false,false,false,near_mint,en,false,USD,2025-10-21T01:01:22.308Z
hi,binder,Mayhem Patrol,SNC,Streets of New Capenna,114,normal,common,2,67745,50162cdd-ba30-48df-93ff-197c7f4a2913,0.1,false,false,false,near_mint,en,false,USD,2025-10-21T01:01:22.308Z
hi,binder,Freelance Muscle,SNC,Streets of New Capenna,147,normal,uncommon,1,67766,570f7c90-109b-4d6d-8205-d158753719e8,0.09,false,false,false,near_mint,en,false,USD,2025-10-21T01:01:22.308Z
hi,binder,Sleep with the Fishes,SNC,Streets of New Capenna,61,normal,uncommon,1,67698,3742a0fb-4b86-49d6-b6fb-bd6a42fa1bcb,0.08,false,false,false,near_mint,en,false,USD,2025-10-21T01:01:22.308Z
hi,binder,Pyre-Sledge Arsonist,SNC,Streets of New Capenna,118,normal,uncommon,2,67689,33c5fd3e-3799-4535-8c33-9c567f4f5709,0.11,false,false,false,near_mint,en,false,USD,2025-10-21T01:01:22.308Z
hi,binder,Civic Gardener,SNC,Streets of New Capenna,140,normal,common,2,68085,f58d39d7-62bf-43c8-97b3-0f9069af0e29,0.1,false,false,false,near_mint,en,false,USD,2025-10-21T01:01:22.308Z
hi,binder,Maestros Initiate,SNC,Streets of New Capenna,86,normal,common,2,68034,db94f2a9-53be-449e-8240-77f013cdd7e3,0.05,false,false,false,near_mint,en,false,USD,2025-10-21T01:01:22.308Z
hi,binder,Raffine's Informant,SNC,Streets of New Capenna,26,normal,common,1,67742,4e64ff87-2099-4360-94f6-164277b7b514,0.1,false,false,false,near_mint,en,false,USD,2025-10-21T01:01:22.308Z
hi,binder,Cutthroat Contender,SNC,Streets of New Capenna,73,normal,common,1,67810,6b23b3e4-58cf-4b5d-bdcb-410a403b4987,0.03,false,false,false,near_mint,en,false,USD,2025-10-21T01:01:22.308Z
hi,binder,Jetmir's Fixer,SNC,Streets of New Capenna,194,normal,common,1,67712,3e5aa701-28e8-47fa-8c26-4da2f943f582,0.04,false,false,false,near_mint,en,false,USD,2025-10-21T01:01:22.308Z
hi,binder,For the Family,SNC,Streets of New Capenna,146,normal,common,1,67592,052be93c-1970-4d05-a3d1-e87a6e51c423,0.05,false,false,false,near_mint,en,false,USD,2025-10-21T01:01:22.308Z
hi,binder,Angelfire Ignition,INR,Innistrad Remastered,229,normal,rare,1,102648,84ec79d8-c8de-46be-9d82-5e6bd5de9cad,0.62,false,false,false,near_mint,en,false,USD,2025-10-21T01:01:22.308Z
hi,binder,Erratic Mutation,TSR,Time Spiral Remastered,67,normal,common,1,57605,3ac93762-9377-49c3-9593-6d02bfb66903,0.02,false,false,false,near_mint,en,false,USD,2025-10-21T01:01:22.308Z
hi,binder,Corpulent Corpse,TSR,Time Spiral Remastered,104,normal,common,1,57849,c8680e7c-f180-45b9-9af6-a8e93037b851,0.05,false,false,false,near_mint,en,false,USD,2025-10-21T01:01:22.308Z
hi,binder,Citanul Woodreaders,TSR,Time Spiral Remastered,199,normal,common,1,57804,b0cd9af6-3729-4c9c-9669-a2800a693b39,0.04,false,false,false,near_mint,en,false,USD,2025-10-21T01:01:22.308Z
hi,binder,Children of Korlis,TSR,Time Spiral Remastered,14,normal,common,1,57540,1a6cbece-f9d8-4c40-b72b-dfdb86430ff2,0.29,false,false,false,near_mint,en,false,USD,2025-10-21T01:01:22.308Z
hi,binder,Whitemane Lion,DMR,Dominaria Remastered,35,normal,common,3,78061,a358def9-65a0-4741-896c-b2a8c8947768,0.14,false,false,false,near_mint,en,false,USD,2025-10-21T01:01:22.308Z
hi,binder,Errant Ephemeron,TSR,Time Spiral Remastered,66,normal,common,1,57598,3779a76a-0171-4714-9713-a65dc173a33f,0.03,false,false,false,near_mint,en,false,USD,2025-10-21T01:01:22.308Z
hi,binder,Blade of the Sixth Pride,TSR,Time Spiral Remastered,9,normal,common,1,57886,d8b1b493-2dec-4816-a427-4813a00ca3e9,0.07,false,false,false,near_mint,en,false,USD,2025-10-21T01:01:22.308Z
hi,binder,Molten Slagheap,TSR,Time Spiral Remastered,282,normal,uncommon,1,57637,4d952491-3a33-42af-9748-d2cb9c5a2f76,0.1,false,false,false,near_mint,en,false,USD,2025-10-21T01:01:22.308Z
hi,binder,Llanowar Mentor,TSR,Time Spiral Remastered,216,normal,uncommon,1,57899,e0f894e7-adf7-4fe5-811a-8e2d8c8a88d6,0.14,false,false,false,near_mint,en,false,USD,2025-10-21T01:01:22.308Z
hi,binder,Greater Gargadon,2X2,Double Masters 2022,111,normal,rare,1,70318,76bf6bf0-4821-41eb-bacc-32e9a2d47845,0.27,false,false,false,near_mint,en,false,USD,2025-10-21T01:01:22.308Z
hi,binder,Infested Fleshcutter,ONE,Phyrexia: All Will Be One,17,normal,uncommon,1,78736,9f03d6bf-cbba-4ad7-8cec-065a47f03dbe,0.09,false,false,false,near_mint,en,false,USD,2025-10-21T01:01:22.308Z
hi,binder,Riveteers Initiate,SNC,Streets of New Capenna,120,normal,common,1,68051,e2e65a50-d2bc-43a0-a9d4-0e846d170f78,0.03,false,false,false,near_mint,en,false,USD,2025-10-21T01:01:22.308Z
hi,binder,Capenna Express,SNC,Streets of New Capenna,139,normal,common,2,67961,b5530b04-f086-4d09-97e9-eda45f8b1f7b,0.1,false,false,false,near_mint,en,false,USD,2025-10-21T01:01:22.308Z
hi,binder,Dapper Shieldmate,SNC,Streets of New Capenna,9,normal,common,1,68025,d6ce9c33-4ab3-43c9-b6bc-ee2d40d8f9b6,0.05,false,false,false,near_mint,en,false,USD,2025-10-21T01:01:22.308Z
hi,binder,Caldaia Strongarm,SNC,Streets of New Capenna,138,normal,common,1,67769,58b431d2-33c1-49d8-b45d-690c174bb456,0.02,false,false,false,near_mint,en,false,USD,2025-10-21T01:01:22.308Z
hi,binder,Luxurious Libation,SNC,Streets of New Capenna,152,normal,uncommon,1,67956,b3e0e818-db6a-453a-a1f0-a7fade6509d3,0.04,false,false,false,near_mint,en,false,USD,2025-10-21T01:01:22.308Z
hi,binder,Courier's Briefcase,SNC,Streets of New Capenna,142,normal,uncommon,1,67679,2f375674-7ae2-4430-b1f3-c26fa5b201d1,0.04,false,false,false,near_mint,en,false,USD,2025-10-21T01:01:22.308Z
hi,binder,Sinew Dancer,ONE,Phyrexia: All Will Be One,286,normal,common,2,78640,7836bd5e-9df3-4f24-adce-ca7028fea78f,0.07,false,false,false,near_mint,en,false,USD,2025-10-21T01:01:22.308Z
hi,binder,Chimney Rabble,ONE,Phyrexia: All Will Be One,126,normal,common,2,78553,5668699d-8df8-426b-a04a-99cfe55e570b,0.02,false,false,false,near_mint,en,false,USD,2025-10-21T01:01:22.308Z
hi,binder,Chromatic Orrery,M21,Core Set 2021,228,normal,mythic,1,50770,3af78d76-ad5c-44ba-880d-b834bcde5398,35.28,false,false,false,near_mint,en,false,USD,2025-10-21T01:02:31.076Z
hi,binder,"Zar Ojanen, Scion of Efrava",DMU,Dominaria United,326,normal,uncommon,1,71654,a15e0c8b-3609-4a59-8e9b-bf2ce93d775f,0.07,false,false,false,near_mint,en,false,USD,2025-10-21T01:12:17.608Z
hi,binder,Plains,SNC,Streets of New Capenna,263,normal,common,1,67935,aa6f0743-c433-4348-bcef-20cfe7b28293,0.07,false,false,false,near_mint,en,false,USD,2025-10-21T01:19:59.120Z
hi,binder,Island,SNC,Streets of New Capenna,264,normal,common,1,67678,2ef2c956-cf03-462c-8981-ae80edfc0c5a,0.06,false,false,false,near_mint,en,false,USD,2025-10-21T01:19:59.120Z
hi,binder,Plains,SNC,Streets of New Capenna,272,normal,common,2,68061,e882099c-63cd-42f0-b160-35e6922106b1,0.28,false,false,false,near_mint,en,false,USD,2025-10-21T01:19:59.120Z
hi,binder,Snow-Covered Forest,MH1,Modern Horizons,254,normal,common,1,44680,1c59fc48-704b-4187-b9d3-2a2cff6dd54b,0.7,false,false,false,near_mint,en,false,USD,2025-10-21T01:19:59.120Z
hi,binder,Forest,ONE,Phyrexia: All Will Be One,266,normal,common,1,78225,4fce7045-4572-4e9e-8853-2a5dcfc989ac,0.19,false,false,false,near_mint,en,false,USD,2025-10-21T01:19:59.120Z
hi,binder,Island,ONE,Phyrexia: All Will Be One,268,normal,common,1,78242,ac97baa8-5e57-45b6-9c64-cb9ce4806294,0.64,false,false,false,near_mint,en,false,USD,2025-10-21T01:19:59.120Z
hi,binder,Swamp,ONE,Phyrexia: All Will Be One,264,normal,common,1,78234,736a0484-e091-4178-92c5-c517b0e92f3d,0.14,false,false,false,near_mint,en,false,USD,2025-10-21T01:19:59.120Z
hi,binder,Island,FDN,Foundations,274,normal,common,1,100191,17e2b637-72b1-4457-aaba-66d51107be4c,0.07,false,false,false,near_mint,en,false,USD,2025-10-21T01:19:59.120Z
hi,binder,Plains,EOE,Edge of Eternities,268,normal,common,2,107115,a26fd28e-d053-48b3-ab4c-2dc6fd33fa64,0.18,false,false,false,near_mint,en,false,USD,2025-10-21T01:19:59.120Z
hi,binder,Forest,EOE,Edge of Eternities,276,normal,common,1,107048,673141ec-826f-4132-8282-d499990495a7,0.13,false,false,false,near_mint,en,false,USD,2025-10-21T01:19:59.120Z
hi,binder,Forest,EOE,Edge of Eternities,275,normal,common,1,107213,fb62605c-a58e-4e53-8336-b2bee316b5a6,0.11,false,false,false,near_mint,en,false,USD,2025-10-21T01:19:59.120Z
hi,binder,Island,DMU,Dominaria United,267,normal,common,1,71499,64e7580a-92bd-4b50-84fc-ee42e47c9014,0.07,false,false,false,near_mint,en,false,USD,2025-10-21T01:19:59.120Z
hi,binder,"Jaya, Fiery Negotiator Emblem",TDMU,Dominaria United Tokens,26,normal,common,1,71318,243a5830-d7a0-46c9-98c0-4d1dfc3ebc8c,0.26,false,false,false,near_mint,en,false,USD,2025-10-21T01:19:59.120Z
hi,binder,Soldier,TDMU,Dominaria United Tokens,4,normal,common,1,71599,8c4b0257-2ca5-4015-9d63-d7cf6e87ab9d,0.11,false,false,false,near_mint,en,false,USD,2025-10-21T01:19:59.120Z
hi,binder,Harpy,TTHS,Theros Tokens,6,normal,common,1,15409,26b24bbe-f5bc-44d3-b716-6612d39b07bc,0.24,false,false,false,near_mint,en,false,USD,2025-10-21T01:19:59.120Z
hi,binder,Gold,TBNG,Born of the Gods Tokens,10,normal,common,1,14785,f8b8298e-5ce6-4ff6-9563-fcd158ce841e,0.29,false,false,false,near_mint,en,false,USD,2025-10-21T01:19:59.120Z
hi,binder,Tyvar Kell Emblem,TKHM,Kaldheim Tokens,22,normal,common,1,56874,53162f62-5327-4f2d-8f34-e90de2a1c818,0.6,false,false,false,near_mint,en,false,USD,2025-10-21T01:19:59.120Z
hi,binder,Lander,TEOE,Edge of Eternities Tokens,5,normal,common,2,107761,ba3b3b34-0ffa-41a4-8529-7b9d2946a1ac,,false,false,false,near_mint,en,false,USD,2025-10-21T01:19:59.120Z
hi,binder,Poison Counter,TBLC,Bloomburrow Commander Tokens,41,normal,common,1,96351,7afb0ba4-9a1b-4cd5-8d0f-2f697c6d3ab1,0.19,false,false,false,near_mint,en,false,USD,2025-10-21T01:19:59.120Z
hi,binder,Griffin,TTSR,Time Spiral Remastered Tokens,1,normal,common,1,57581,2e7a7388-3f80-41c0-a042-d6b8ef3cf291,0.23,false,false,false,near_mint,en,false,USD,2025-10-21T01:19:59.120Z
hi,binder,Ninja,TFDN,Foundations Tokens,12,normal,common,1,101579,aeec04b1-475c-4e55-b72f-327ea5258146,,false,false,false,near_mint,en,false,USD,2025-10-21T01:19:59.120Z
hi,binder,Rogue,TOTC,Outlaws of Thunder Junction Commander Tokens,9,normal,common,1,93536,245c0d1e-7bf5-4115-b018-cbeaccdfaf77,0.07,false,false,false,near_mint,en,false,USD,2025-10-21T01:19:59.120Z
hi,binder,Wizard,TCLB,Battle for Baldur's Gate Tokens,30,normal,common,1,69647,c53eb7d1-9c36-4184-b411-ebe65aa64230,0.09,false,false,false,near_mint,en,false,USD,2025-10-21T01:19:59.120Z
hi,binder,Treasure,TREX,Jurassic World Collection Tokens,2,normal,common,2,88212,2e28240d-3306-42d7-aa7a-0af0a07f345d,0.2,false,false,false,near_mint,en,false,USD,2025-10-21T01:19:59.120Z
hi,binder,Golem,TLCI,The Lost Caverns of Ixalan Tokens,13,normal,common,1,88393,33a88096-dcfd-4acb-a092-b51507edd13e,0.12,false,false,false,near_mint,en,false,USD,2025-10-21T01:19:59.120Z
hi,binder,Phyrexian Mite,TONE,Phyrexia: All Will Be One Tokens,11,normal,common,1,79057,96ec91a9-659a-455f-98e0-cd30b6c6c2a4,0.11,false,false,false,near_mint,en,false,USD,2025-10-21T01:19:59.120Z
hi,binder,Intrepid Rabbit,TBLB,Bloomburrow Tokens,2,normal,common,1,96254,3b1cd58d-c0bc-48e5-b6fa-fb222fba77ab,0.16,false,false,false,near_mint,en,false,USD,2025-10-21T01:19:59.120Z
hi,binder,Spirit,TMH3,Modern Horizons 3 Tokens,8,normal,common,1,95212,a0aa2f5e-9809-4e97-b9b2-9c9a322a8e21,,false,false,false,near_mint,en,false,USD,2025-10-21T01:19:59.120Z
hi,binder,Eldrazi Spawn,TMH3,Modern Horizons 3 Tokens,2,normal,common,1,95166,0645cf05-4660-4a6e-b789-7e0f6b7660c0,,false,false,false,near_mint,en,false,USD,2025-10-21T01:19:59.120Z
hi,binder,Forest,ONE,Phyrexia: All Will Be One,271,normal,common,2,78244,b6ec4ded-7c8d-416a-9a12-3e5d6c91ac93,0.56,false,false,false,near_mint,en,false,USD,2025-10-21T01:19:59.120Z
hi,binder,Rebel,TONE,Phyrexia: All Will Be One Tokens,5,normal,common,2,79061,a41eb9df-d8b4-4697-a759-886faf16754d,0.1,false,false,false,near_mint,en,false,USD,2025-10-21T01:19:59.120Z
hi,binder,Island,EOE,Edge of Eternities,269,normal,common,2,107124,aaa212be-1db5-4493-86c8-c01d29348e31,0.12,false,false,false,near_mint,en,false,USD,2025-10-21T01:19:59.120Z
hi,binder,Island,EOE,Edge of Eternities,270,normal,common,5,106987,2fb9ecfd-8025-48c0-a306-b4deebde2949,0.19,false,false,false,near_mint,en,false,USD,2025-10-21T01:19:59.120Z
hi,binder,Plains,EOE,Edge of Eternities,267,normal,common,2,107188,df31f72c-076e-4d8e-9975-6d6281ab71f6,0.08,false,false,false,near_mint,en,false,USD,2025-10-21T01:19:59.120Z
hi,binder,Lander,TEOE,Edge of Eternities Tokens,8,normal,common,3,107081,85ef1950-219f-401b-8ff5-914f9aaec122,,false,false,false,near_mint,en,false,USD,2025-10-21T01:19:59.120Z
hi,binder,Phyrexian Goblin,TFDN,Foundations Tokens,31,normal,common,2,101466,01e437a1-6d74-4006-8598-06284444c837,,false,false,false,near_mint,en,false,USD,2025-10-21T01:19:59.120Z
hi,binder,Robot,TEOE,Edge of Eternities Tokens,10,normal,common,2,107769,c46f9a07-005c-44b7-8057-b2f00b274dd6,,false,false,false,near_mint,en,false,USD,2025-10-21T01:19:59.120Z
hi,binder,Lander,TEOE,Edge of Eternities Tokens,7,normal,common,5,107768,c1d0baf8-db86-4a98-84fa-43aa32e0980f,,false,false,false,near_mint,en,false,USD,2025-10-21T01:19:59.120Z
hi,binder,Lander,TEOE,Edge of Eternities Tokens,4,normal,common,4,107755,b25a7de0-0d5d-4b7a-a1bf-7483fa51392a,,false,false,false,near_mint,en,false,USD,2025-10-21T01:19:59.120Z
hi,binder,Lander,TEOE,Edge of Eternities Tokens,6,normal,common,3,107715,49164e15-252a-46e2-8c5a-66e41e071072,,false,false,false,near_mint,en,false,USD,2025-10-21T01:19:59.120Z
hi,binder,Kavaron Harrier,EOE,Edge of Eternities,139,normal,uncommon,1,107383,1da2a740-e4ff-4661-ba57-39b15c58e26e,0.06,false,false,false,near_mint,en,false,USD,2025-10-21T01:26:31.539Z
hi,binder,Radiant Strike,EOE,Edge of Eternities,29,normal,common,2,107484,8c38e4cb-918b-4493-872b-66c90dcfd339,0.06,false,false,false,near_mint,en,false,USD,2025-10-21T01:26:31.539Z
hi,binder,Meltstrider's Gear,EOE,Edge of Eternities,198,normal,common,2,107775,d75629cb-91e2-46fa-9c80-6feb29e1ceb8,0.03,false,false,false,near_mint,en,false,USD,2025-10-21T01:26:31.539Z
hi,binder,Seedship Agrarian,EOE,Edge of Eternities,204,normal,uncommon,1,107706,2fc7946d-37b0-4dc8-9daa-8d2204d8e4d2,0.08,false,false,false,near_mint,en,false,USD,2025-10-21T01:26:31.539Z
hi,binder,Divert Disaster,EOE,Edge of Eternities,55,normal,common,1,107770,c5f7d2fe-628b-4493-8281-0e5f91ce5d61,0.07,false,false,false,near_mint,en,false,USD,2025-10-21T01:26:31.539Z
hi,binder,Sami's Curiosity,EOE,Edge of Eternities,203,normal,common,2,107460,703ad0f3-bd05-42b0-85fb-0cd37807dc91,0.1,false,false,false,near_mint,en,false,USD,2025-10-21T01:26:31.539Z
hi,binder,Starbreach Whale,EOE,Edge of Eternities,77,normal,common,1,107085,8a1a0476-7145-4493-97e5-4fc05c85e476,0.04,false,false,false,near_mint,en,false,USD,2025-10-21T01:26:31.539Z
hi,binder,Starport Security,EOE,Edge of Eternities,39,normal,common,2,107244,238cb1db-6c41-4fe1-bc34-340048dfde18,0.08,false,false,false,near_mint,en,false,USD,2025-10-21T01:26:31.539Z
hi,binder,Germinating Wurm,EOE,Edge of Eternities,187,normal,common,1,107792,fcde173a-6314-4904-bddd-68b2ab1e4867,0.06,false,false,false,near_mint,en,false,USD,2025-10-21T01:26:31.539Z
hi,binder,Mechan Assembler,EOE,Edge of Eternities,63,normal,uncommon,1,107416,3fd46726-095e-4eb2-a804-eeeb988eee1d,0.12,false,false,false,near_mint,en,false,USD,2025-10-21T01:26:31.539Z
hi,binder,Larval Scoutlander,EOE,Edge of Eternities,194,normal,uncommon,1,107555,d6083f43-58dc-46fc-aeff-347b1080417b,0.09,false,false,false,near_mint,en,false,USD,2025-10-21T01:26:31.539Z
hi,binder,Wurmwall Sweeper,EOE,Edge of Eternities,249,normal,common,1,107105,9ace282a-5901-4d36-ad21-17eb88bc5138,0.02,false,false,false,near_mint,en,false,USD,2025-10-21T01:26:31.539Z
hi,binder,Pulsar Squadron Ace,EOE,Edge of Eternities,28,normal,uncommon,1,107485,8d989cdc-cbd7-4b71-9589-59618597ac8a,0.05,false,false,false,near_mint,en,false,USD,2025-10-21T01:26:31.539Z
hi,binder,Mental Modulation,EOE,Edge of Eternities,67,normal,common,3,107693,0f2d12fc-38a0-42e6-9caa-7c18bfcf0011,0.03,false,false,false,near_mint,en,false,USD,2025-10-21T01:26:31.539Z
hi,binder,Luxknight Breacher,EOE,Edge of Eternities,26,normal,common,3,107537,c1236731-0d33-4705-8077-3cf58acf9a39,0.07,false,false,false,near_mint,en,false,USD,2025-10-21T01:26:31.539Z
hi,binder,Sinister Cryologist,EOE,Edge of Eternities,75,normal,common,5,107783,e8fbe740-05ec-4ced-bb9d-3084c8c2b631,0.04,false,false,false,near_mint,en,false,USD,2025-10-21T01:26:31.539Z
hi,binder,Swarm Culler,EOE,Edge of Eternities,119,normal,common,1,107700,2a8f583c-88b6-4797-b93e-3086845fc326,0.03,false,false,false,near_mint,en,false,USD,2025-10-21T01:26:31.539Z
hi,binder,Dauntless Scrapbot,EOE,Edge of Eternities,237,normal,uncommon,1,107374,0efe5342-42b7-4f49-b4b4-d77055508c4d,0.14,false,false,false,near_mint,en,false,USD,2025-10-21T01:26:31.539Z
hi,binder,Blade of the Swarm,EOE,Edge of Eternities,90,normal,uncommon,2,107604,b157330a-2652-4ed9-b8fa-8e72b4eda15c,0.09,false,false,false,near_mint,en,false,USD,2025-10-21T01:26:31.539Z
hi,binder,Pull Through the Weft,EOE,Edge of Eternities,202,normal,uncommon,1,107601,a70d0877-1a1e-436b-bf8c-0ff6df9efc6a,0.06,false,false,false,near_mint,en,false,USD,2025-10-21T01:26:31.539Z
hi,binder,"Sami, Ship's Engineer",EOE,Edge of Eternities,225,normal,uncommon,1,106764,75c38cc9-07de-46d4-8195-f04b2b7e0fee,0.07,false,false,false,near_mint,en,false,USD,2025-10-21T01:26:31.539Z
hi,binder,Dockworker Drone,EOE,Edge of Eternities,11,normal,common,2,107784,eeff069f-427b-42ad-afb1-36f0e547fb74,0.07,false,false,false,near_mint,en,false,USD,2025-10-21T01:26:31.539Z
hi,binder,Zealous Display,EOE,Edge of Eternities,45,normal,common,2,107787,f5973fd3-d6bc-48f1-8a44-57d2a6dda228,0.07,false,false,false,near_mint,en,false,USD,2025-10-21T01:26:31.539Z
hi,binder,Rescue Skiff,EOE,Edge of Eternities,32,normal,uncommon,2,107459,6fe86bfb-c67d-4df9-88c9-f083091f4cda,0.1,false,false,false,near_mint,en,false,USD,2025-10-21T01:26:31.539Z
hi,binder,Close Encounter,EOE,Edge of Eternities,176,normal,uncommon,1,107513,a8a77351-9115-470f-8141-222c1916b337,0.09,false,false,false,near_mint,en,false,USD,2025-10-21T01:26:31.539Z
hi,binder,Shattered Wings,EOE,Edge of Eternities,206,normal,common,3,107142,bbece737-bd4f-4dc8-bf5c-f77930246ab1,0.06,false,false,false,near_mint,en,false,USD,2025-10-21T01:26:31.539Z
hi,binder,Chrome Companion,EOE,Edge of Eternities,236,normal,common,1,107088,8ef269a0-1cb9-4901-81e6-43db3ae3756c,0.05,false,false,false,near_mint,en,false,USD,2025-10-21T01:26:31.539Z
hi,binder,Emergency Eject,EOE,Edge of Eternities,14,normal,uncommon,2,107216,fc98b2d4-86fc-4c47-b2a7-1f3c89463607,0.2,false,false,false,near_mint,en,false,USD,2025-10-21T01:26:31.539Z
hi,binder,Steelswarm Operator,EOE,Edge of Eternities,80,normal,uncommon,2,107544,ca468b86-f31a-4cd7-a574-eb984bc4bc3e,0.2,false,false,false,near_mint,en,false,USD,2025-10-21T01:26:31.539Z
hi,binder,Vaultguard Trooper,EOE,Edge of Eternities,166,normal,uncommon,1,107709,36afe3b1-43a2-47b4-bc0a-24efb1e2e5a0,0.03,false,false,false,near_mint,en,false,USD,2025-10-21T01:26:31.539Z
hi,binder,Cloudsculpt Technician,EOE,Edge of Eternities,49,normal,common,3,107718,51077a54-15cf-4088-8e84-088d72e8e861,0.04,false,false,false,near_mint,en,false,USD,2025-10-21T01:26:31.539Z
hi,binder,Brightspear Zealot,EOE,Edge of Eternities,8,normal,common,1,107782,e7f7541a-5910-4f33-8c1d-3507ce3a426e,0.04,false,false,false,near_mint,en,false,USD,2025-10-21T01:26:31.539Z
hi,binder,"Syr Vondam, the Lucent",EOE,Edge of Eternities,232,normal,uncommon,1,107198,ea954205-5ff5-493b-bf30-6212042c2bc9,0.09,false,false,false,near_mint,en,false,USD,2025-10-21T01:26:31.539Z
hi,binder,"Ragost, Deft Gastronaut",EOE,Edge of Eternities,224,normal,rare,1,106939,011374c3-f69d-4573-8c32-5bd0fe083d6a,0.53,false,false,false,near_mint,en,false,USD,2025-10-21T01:26:31.539Z
hi,binder,"Mm'menon, Uthros Exile",EOE,Edge of Eternities,221,normal,uncommon,1,107597,5546c044-5826-48c3-9d28-866f3c3c5f2c,0.09,false,false,false,near_mint,en,false,USD,2025-10-21T01:26:31.539Z
hi,binder,"Tannuk, Memorial Ensign",EOE,Edge of Eternities,233,normal,uncommon,2,106779,52498b7b-0389-4e7b-b29f-7ac86aab9229,0.41,false,false,false,near_mint,en,false,USD,2025-10-21T01:26:31.539Z
hi,binder,"Haliya, Guided by Light",EOE,Edge of Eternities,19,normal,rare,2,107055,6f7c63ae-5df3-410f-8643-b8c69133ca9d,2.92,false,false,false,near_mint,en,false,USD,2025-10-21T01:26:31.539Z
hi,binder,"Karumonix, the Rat King",ONE,Phyrexia: All Will Be One,98,normal,rare,1,78943,f16e282d-8941-46c7-a974-c05b6f73c964,0.58,false,false,false,near_mint,en,false,USD,2025-10-21T01:26:31.539Z
hi,binder,"Anthousa, Setessan Hero",THS,Theros,149,normal,rare,1,15515,ca89e4d4-185d-4a08-b7af-03f6eff38ba3,0.13,false,false,false,near_mint,en,false,USD,2025-10-21T01:26:31.539Z
hi,binder,"Mowu, Loyal Companion",J25,Foundations Jumpstart,79,normal,uncommon,1,100699,790377ad-2b1b-48b7-8ca1-49d56a907162,0.13,false,false,false,near_mint,en,false,USD,2025-10-21T01:26:31.539Z
hi,binder,"Geth, Thane of Contracts",ONE,Phyrexia: All Will Be One,306,normal,rare,1,78822,c0957749-7539-4aa4-b89c-61c0e8ad0c55,0.16,false,false,false,near_mint,en,false,USD,2025-10-21T01:26:31.539Z
hi,binder,"Fortune, Loyal Steed",OTJ,Outlaws of Thunder Junction,12,normal,rare,1,93033,069294a8-e65a-47af-942f-7e99d18658f2,0.18,false,false,false,near_mint,en,false,USD,2025-10-21T01:26:31.539Z
hi,binder,"Raff, Weatherlight Stalwart",DMU,Dominaria United,212,normal,uncommon,1,71766,cc0cba4c-d9f0-421f-acf4-ab1adcd59c80,0.07,false,false,false,near_mint,en,false,USD,2025-10-21T01:26:31.539Z
hi,binder,"Rootha, Mercurial Artist",STX,Strixhaven: School of Mages,227,normal,uncommon,1,58267,acb8f24d-8d1d-48aa-a534-238e969a474c,0.08,false,false,false,near_mint,en,false,USD,2025-10-21T01:26:31.539Z
hi,binder,"Marchesa, Dealer of Death",OTJ,Outlaws of Thunder Junction,220,normal,rare,1,93412,ee29b59c-d57c-4a03-bae7-e9dfa57d6bb1,0.08,false,false,false,near_mint,en,false,USD,2025-10-21T01:26:31.539Z
hi,binder,"Dina, Soul Steeper",STX,Strixhaven: School of Mages,178,normal,uncommon,1,58240,9cd2b567-0cf7-4441-b3ce-e31141dd91c8,0.14,false,false,false,near_mint,en,false,USD,2025-10-21T01:26:31.539Z
hi,binder,"Rydia, Summoner of Mist",FIN,Final Fantasy,239,normal,uncommon,2,106724,99450143-6ab5-463d-9e04-e8e6703a8b92,0.18,false,false,false,near_mint,en,false,USD,2025-10-21T01:26:31.539Z
hi,binder,"Malcator, Purity Overseer",ONE,Phyrexia: All Will Be One,320,normal,rare,1,78851,cb2960de-b1ee-4ac3-bf34-835e7edb6582,0.18,false,false,false,near_mint,en,false,USD,2025-10-21T01:26:31.539Z
hi,binder,"Malcolm, Alluring Scoundrel",LCI,The Lost Caverns of Ixalan,293,normal,rare,2,88824,b3ed6341-59f4-44f3-99c9-80f636fa484d,0.56,false,false,false,near_mint,en,false,USD,2025-10-21T01:26:31.539Z
hi,binder,"Jor Kadeen, First Goldwarden",ONE,Phyrexia: All Will Be One,203,normal,rare,1,78249,e7e4d8f7-874d-4b2a-ad23-afab479784ea,0.14,false,false,false,near_mint,en,false,USD,2025-10-21T01:26:31.539Z
hi,binder,"Nicanzil, Current Conductor",LCI,The Lost Caverns of Ixalan,236,normal,uncommon,3,88532,5e6f4aba-3500-4fb7-ab78-02f63c03778a,0.05,false,false,false,near_mint,en,false,USD,2025-10-21T01:26:31.539Z
hi,binder,"Itzquinth, Firstborn of Gishath",LCI,The Lost Caverns of Ixalan,331,normal,uncommon,1,88448,44f2aa6b-a092-4348-a24f-5edf46544eb7,0.11,false,false,false,near_mint,en,false,USD,2025-10-21T01:26:31.539Z
hi,binder,Galactic Wayfarer,EOE,Edge of Eternities,185,normal,common,2,107078,85b898d2-050f-49a2-87af-07d54d105336,0.02,false,false,false,near_mint,en,false,USD,2025-10-21T01:26:31.539Z
hi,binder,Lost in Space,EOE,Edge of Eternities,62,normal,common,3,107733,6d9d7979-97af-4c85-86f5-1b3704f74e8b,0.05,false,false,false,near_mint,en,false,USD,2025-10-21T01:26:31.539Z
hi,binder,Exosuit Savior,EOE,Edge of Eternities,16,normal,common,4,107741,826c0455-a6ce-43ad-bd5c-0a5df169da90,0.06,false,false,false,near_mint,en,false,USD,2025-10-21T01:26:31.539Z
hi,binder,Illvoi Operative,EOE,Edge of Eternities,61,normal,common,3,107773,d0ae9fc7-1802-4806-9996-1f1f458ff6a7,0.05,false,false,false,near_mint,en,false,USD,2025-10-21T01:26:31.539Z
hi,binder,Gravpack Monoist,EOE,Edge of Eternities,104,normal,common,2,107701,2a968f01-36ef-4cf6-b1db-630c9cde2064,0.02,false,false,false,near_mint,en,false,USD,2025-10-21T01:26:31.539Z
hi,binder,Weftblade Enhancer,EOE,Edge of Eternities,44,normal,common,2,107745,8d72b00c-5043-4630-949a-fc17eeb962bc,0.03,false,false,false,near_mint,en,false,USD,2025-10-21T01:26:31.539Z
hi,binder,Cryoshatter,EOE,Edge of Eternities,53,normal,common,2,107738,7b62b1e2-9e43-4a66-a647-7e5de2871f2a,0.05,false,false,false,near_mint,en,false,USD,2025-10-21T01:26:31.539Z
hi,binder,Skystinger,EOE,Edge of Eternities,207,normal,common,2,107777,dfea9941-3675-4c0f-bc4d-981c28deed36,0.07,false,false,false,near_mint,en,false,USD,2025-10-21T01:26:31.539Z
hi,binder,Illvoi Infiltrator,EOE,Edge of Eternities,59,normal,uncommon,2,107702,2db4ed41-0426-4d7f-bb43-e43392bed83b,0.04,false,false,false,near_mint,en,false,USD,2025-10-21T01:26:31.539Z
hi,binder,Biosynthic Burst,EOE,Edge of Eternities,173,normal,common,5,107732,6d73a4a8-5d52-4c12-a96a-45cd202bcc62,0.13,false,false,false,near_mint,en,false,USD,2025-10-21T01:26:31.539Z
hi,binder,Nebula Dragon,EOE,Edge of Eternities,147,normal,common,2,107692,0ee509dd-9fba-4b6d-a9d4-cc8bf5822ddd,0.08,false,false,false,near_mint,en,false,USD,2025-10-21T01:26:31.539Z
hi,binder,Broodguard Elite,EOE,Edge of Eternities,175,normal,uncommon,1,106945,08b1d019-65ab-4dea-9076-041fd6338a35,0.05,false,false,false,near_mint,en,false,USD,2025-10-21T01:29:27.808Z
hi,binder,Red Tiger Mechan,EOE,Edge of Eternities,154,normal,common,2,107139,b7b2fa48-cd2d-42ea-afd8-8cbd7a1bcdab,0.1,false,false,false,near_mint,en,false,USD,2025-10-21T01:29:27.808Z
hi,binder,Uthros Psionicist,EOE,Edge of Eternities,84,normal,uncommon,1,107566,e23cc5fd-afe4-480c-8858-ed80a082584e,0.06,false,false,false,near_mint,en,false,USD,2025-10-21T01:29:27.808Z
hi,binder,Galvanizing Sawship,EOE,Edge of Eternities,136,normal,uncommon,1,107273,5bbce9fb-401f-4e78-acd5-9d3b506687fd,0.02,false,false,false,near_mint,en,false,USD,2025-10-21T01:29:27.808Z
hi,binder,Mightform Harmonizer,EOE,Edge of Eternities,200,normal,rare,1,107352,f32302f1-b54f-4489-9d0b-9b771e59da06,1.41,false,false,false,near_mint,en,false,USD,2025-10-21T01:29:27.808Z
hi,binder,Thawbringer,EOE,Edge of Eternities,211,normal,common,2,107691,0b7f934f-8eb4-408b-a55f-245ec5cc4a8a,0.04,false,false,false,near_mint,en,false,USD,2025-10-21T01:29:27.808Z
hi,binder,Gigastorm Titan,EOE,Edge of Eternities,57,normal,uncommon,2,107603,abc83e0a-0ae5-4087-a751-058a1ba6a920,0.1,false,false,false,near_mint,en,false,USD,2025-10-21T01:29:27.808Z
hi,binder,Lashwhip Predator,EOE,Edge of Eternities,195,normal,uncommon,1,107593,24553e98-29a9-47e3-91c7-9add708d9ad1,0.05,false,false,false,near_mint,en,false,USD,2025-10-21T01:29:27.808Z
hi,binder,Flight-Deck Coordinator,EOE,Edge of Eternities,17,normal,common,1,107743,88cc6328-a035-4f74-b786-390e5c7c324c,0.06,false,false,false,near_mint,en,false,USD,2025-10-21T01:29:27.808Z
hi,binder,Intrepid Tenderfoot,EOE,Edge of Eternities,193,normal,common,1,107740,809df0ea-deff-47b9-83df-cc1f360d377e,0.02,false,false,false,near_mint,en,false,USD,2025-10-21T01:29:27.808Z
hi,binder,Monoist Circuit-Feeder,EOE,Edge of Eternities,110,normal,uncommon,1,107492,957ae7aa-98d6-402a-9b20-e3e5b7e8dfe3,0.04,false,false,false,near_mint,en,false,USD,2025-10-21T01:29:27.808Z
hi,binder,Dawnstrike Vanguard,EOE,Edge of Eternities,10,normal,uncommon,1,107723,5a041722-9483-469f-9c17-7f0253b0db50,0.04,false,false,false,near_mint,en,false,USD,2025-10-21T01:29:27.808Z
hi,binder,Scour for Scrap,EOE,Edge of Eternities,73,normal,uncommon,1,107719,517d1b00-7ec4-489a-ac52-657da24a6379,0.19,false,false,false,near_mint,en,false,USD,2025-10-21T01:29:27.808Z
hi,binder,Desculpting Blast,EOE,Edge of Eternities,54,normal,uncommon,1,107464,77fdbf32-b5f4-4346-846d-d8e0e53e6e53,0.07,false,false,false,near_mint,en,false,USD,2025-10-21T01:29:27.808Z
hi,binder,Virulent Silencer,EOE,Edge of Eternities,248,normal,uncommon,2,107009,4120fcfc-3547-4774-a15d-b9cccac04e76,0.24,false,false,false,near_mint,en,false,USD,2025-10-21T01:29:27.808Z
hi,binder,Seedship Impact,EOE,Edge of Eternities,205,normal,uncommon,2,107169,d060d95f-f33a-4fc0-b002-c394d4cd82ce,0.15,false,false,false,near_mint,en,false,USD,2025-10-21T01:29:27.808Z
hi,binder,Pinnacle Kill-Ship,EOE,Edge of Eternities,244,normal,common,2,107533,bf784de8-5ae2-4c07-92bb-a5b7f593b773,0.15,false,false,false,near_mint,en,false,USD,2025-10-21T01:29:27.808Z
hi,binder,Nanoform Sentinel,EOE,Edge of Eternities,71,normal,common,1,107711,3eeae8c3-7939-4c79-92f0-fbdb9c1b71d3,0.04,false,false,false,near_mint,en,false,USD,2025-10-21T01:29:27.808Z
hi,binder,Cerebral Download,EOE,Edge of Eternities,48,normal,uncommon,1,107429,4d3b5d73-694c-4f9a-8b4f-d8d8c58c8d65,0.06,false,false,false,near_mint,en,false,USD,2025-10-21T01:29:27.808Z
hi,binder,Tapestry Warden,EOE,Edge of Eternities,209,normal,uncommon,1,107068,7cbbab6c-43ae-4e50-97ce-532a3316591a,0.13,false,false,false,near_mint,en,false,USD,2025-10-21T01:29:27.808Z
hi,binder,Timeline Culler,EOE,Edge of Eternities,121,normal,uncommon,1,106991,33410410-72f2-49c4-9e63-a72202cd075a,0.34,false,false,false,near_mint,en,false,USD,2025-10-21T01:29:27.808Z
hi,binder,Thaumaton Torpedo,EOE,Edge of Eternities,246,normal,common,1,107695,1817f1b5-960a-435c-bdec-8cc8cbcb3358,0.03,false,false,false,near_mint,en,false,USD,2025-10-21T01:29:27.808Z
hi,binder,Mechanozoa,EOE,Edge of Eternities,66,normal,common,2,106948,0cb8d8ce-329a-4a97-b3d8-796703ebcb37,0.1,false,false,false,near_mint,en,false,USD,2025-10-21T01:29:27.808Z
hi,binder,Eumidian Terrabotanist,EOE,Edge of Eternities,180,normal,uncommon,1,107729,64fb2981-86ed-478a-89cd-c6bb078a5bc7,0.09,false,false,false,near_mint,en,false,USD,2025-10-21T01:29:27.808Z
hi,binder,Dual-Sun Adepts,EOE,Edge of Eternities,12,normal,uncommon,1,107771,c7e8c830-77ae-437f-8e28-ce61c5fde6b6,0.04,false,false,false,near_mint,en,false,USD,2025-10-21T01:29:27.808Z
hi,binder,Debris Field Crusher,EOE,Edge of Eternities,131,normal,uncommon,1,107197,ea713f35-6442-4388-8839-2714374fb4b6,0.03,false,false,false,near_mint,en,false,USD,2025-10-21T01:29:27.808Z
hi,binder,Biotech Specialist,EOE,Edge of Eternities,214,normal,rare,1,106956,127c221f-94e7-4a0e-a7a6-79ef399862d3,0.23,false,false,false,near_mint,en,false,USD,2025-10-21T01:29:27.808Z
hi,binder,Pinnacle Emissary,EOE,Edge of Eternities,223,normal,rare,1,107410,3c922347-f05f-40a4-bbee-6bc02a1e0de5,2.54,false,false,false,near_mint,en,false,USD,2025-10-21T01:29:27.808Z
hi,binder,Bioengineered Future,EOE,Edge of Eternities,172,normal,rare,1,107472,800ee479-c1dc-4dd0-9b98-436c78997958,0.2,false,false,false,near_mint,en,false,USD,2025-10-21T01:29:27.808Z
hi,binder,Pinnacle Starcage,EOE,Edge of Eternities,27,normal,rare,1,107519,b1f40c4c-a955-4d9c-8225-251fa4159124,0.25,false,false,false,near_mint,en,false,USD,2025-10-21T01:29:27.808Z
hi,binder,Codecracker Hound,EOE,Edge of Eternities,50,normal,uncommon,1,107598,6723b891-6013-4ec6-b439-2233d270dc48,0.04,false,false,false,near_mint,en,false,USD,2025-10-21T01:29:27.808Z
hi,binder,Edge Rover,EOE,Edge of Eternities,179,normal,uncommon,2,107489,90741ec9-6893-42d4-b510-8664666094e3,0.15,false,false,false,near_mint,en,false,USD,2025-10-21T01:29:27.808Z
hi,binder,Uthros Scanship,EOE,Edge of Eternities,85,normal,uncommon,1,107384,1f93887f-35c5-472f-83d0-54227b3bd1d2,0.03,false,false,false,near_mint,en,false,USD,2025-10-21T01:29:27.808Z
hi,binder,Selfcraft Mechan,EOE,Edge of Eternities,74,normal,common,2,107724,5b2de056-5c27-44d6-871d-909411bd52dd,0.08,false,false,false,near_mint,en,false,USD,2025-10-21T01:29:27.808Z
hi,binder,Drix Fatemaker,EOE,Edge of Eternities,178,normal,common,2,107381,1beb7566-305e-4091-bdc4-cf4c789ac05a,0.14,false,false,false,near_mint,en,false,USD,2025-10-21T01:29:27.808Z
hi,binder,Virus Beetle,EOE,Edge of Eternities,124,normal,common,1,107570,e96c986c-684c-4546-a9c9-b6b903bda101,0.04,false,false,false,near_mint,en,false,USD,2025-10-21T01:29:27.808Z
hi,binder,Station Monitor,EOE,Edge of Eternities,230,normal,uncommon,1,107529,ba9f6d16-ee3e-4fbb-b78a-6292188eb61f,0.05,false,false,false,near_mint,en,false,USD,2025-10-21T01:29:27.808Z
hi,binder,Reroute Systems,EOE,Edge of Eternities,31,normal,uncommon,1,107409,3bbdba38-2b99-4226-98e3-6d2580345d6d,0.08,false,false,false,near_mint,en,false,USD,2025-10-21T01:29:27.808Z
hi,binder,Focus Fire,EOE,Edge of Eternities,18,normal,common,2,107515,a9ddfcbc-0f84-4315-aaa3-ca54ff64d7de,0.03,false,false,false,near_mint,en,false,USD,2025-10-21T01:29:27.808Z
hi,binder,Mechan Shieldmate,EOE,Edge of Eternities,65,normal,common,3,107736,745b2119-4d9f-431f-89b9-10ad48b6dc47,0.04,false,false,false,near_mint,en,false,USD,2025-10-21T01:29:27.808Z
hi,binder,Auxiliary Boosters,EOE,Edge of Eternities,5,normal,common,5,107714,43706295-afd6-442c-8828-8cf978152701,0.06,false,false,false,near_mint,en,false,USD,2025-10-21T01:29:27.808Z
hi,binder,Oreplate Pangolin,EOE,Edge of Eternities,150,normal,common,2,107747,90209957-95db-4b59-979a-316d14ef876c,0.03,false,false,false,near_mint,en,false,USD,2025-10-21T01:29:27.808Z
hi,binder,Molecular Modifier,EOE,Edge of Eternities,146,normal,uncommon,2,107739,7b80b9c9-a871-4c04-b8be-feb81a900591,0.05,false,false,false,near_mint,en,false,USD,2025-10-21T01:29:27.808Z
hi,binder,Zookeeper Mechan,EOE,Edge of Eternities,170,normal,common,3,107744,8d5cd0be-4337-4aba-a4f6-5adab7735a73,0.13,false,false,false,near_mint,en,false,USD,2025-10-21T01:29:27.808Z
hi,binder,Diplomatic Relations,EOE,Edge of Eternities,177,normal,common,3,107778,e0a104c5-61fb-4733-97ab-a31a15a49443,0.04,false,false,false,near_mint,en,false,USD,2025-10-21T01:29:27.808Z
hi,binder,Brinebarrow Intruder,KHM,Kaldheim,49,normal,common,2,56972,89960a74-9e17-4e30-874a-4286dd4c917d,0.13,false,false,false,near_mint,en,false,USD,2025-10-21T01:33:58.014Z
hi,binder,Return Upon the Tide,KHM,Kaldheim,106,normal,uncommon,2,56854,470601b0-9598-487f-bb14-4bfec7ca6d61,0.07,false,false,false,near_mint,en,false,USD,2025-10-21T01:33:58.014Z
hi,binder,Scorn Effigy,KHM,Kaldheim,246,normal,common,1,56870,4fa13084-3e68-49f4-8cc9-6d02286fd150,0.09,false,false,false,near_mint,en,false,USD,2025-10-21T01:33:58.014Z
hi,binder,Grim Draugr,KHM,Kaldheim,96,normal,common,2,56875,54340c59-03a9-4d9d-bd27-9aed337ce75a,0.06,false,false,false,near_mint,en,false,USD,2025-10-21T01:33:58.014Z
hi,binder,"Maja, Bretagard Protector",KHM,Kaldheim,327,normal,uncommon,1,57061,b8832509-497d-4253-bbb1-92adfb69368f,0.2,false,false,false,near_mint,en,false,USD,2025-10-21T01:33:58.014Z
hi,binder,Nessian Hornbeetle,FDN,Foundations,229,normal,uncommon,1,100395,3d4d93de-85c6-4653-8ddd-d8bf21516d44,0.05,false,false,false,near_mint,en,false,USD,2025-10-21T01:33:58.014Z
hi,binder,Glowspore Shaman,RVR,Ravnica Remastered,184,normal,common,1,89844,a7978a10-795a-414a-a824-b65f7ba543bc,0.04,false,false,false,near_mint,en,false,USD,2025-10-21T01:33:58.014Z
hi,binder,Decisive Denial,STX,Strixhaven: School of Mages,177,normal,uncommon,1,58279,b2e9d132-95f7-4ee7-9c91-be19e4ad7a5d,0.22,false,false,false,near_mint,en,false,USD,2025-10-21T01:33:58.014Z
hi,binder,Divide by Zero,STX,Strixhaven: School of Mages,41,normal,uncommon,1,58015,1958d96e-ec44-48ab-80b1-5b01a24ac7b8,0.08,false,false,false,near_mint,en,false,USD,2025-10-21T01:33:58.014Z
hi,binder,Frostboil Snarl,DRC,Aetherdrift Commander,158,normal,rare,1,103143,85ca1a50-7627-4a6e-aaf7-83761abc31b9,0.13,false,false,false,near_mint,en,false,USD,2025-10-21T01:33:58.014Z
hi,binder,Greenwood Sentinel,M20,Core Set 2020,174,normal,common,1,45287,e9a1a70d-c146-453e-84c4-71cae4e0afaa,0.05,false,false,false,near_mint,en,false,USD,2025-10-21T01:33:58.014Z
hi,binder,Jungle Delver,XLN,Ixalan,195,normal,common,1,3817,be0e3547-d8cb-4b68-a396-8c8fbc3b2b1c,0.05,false,false,false,near_mint,en,false,USD,2025-10-21T01:33:58.014Z
hi,binder,Stony Strength,RNA,Ravnica Allegiance,143,normal,common,1,43722,8bbab274-69dd-44a9-9310-a15779c35cad,0.07,false,false,false,near_mint,en,false,USD,2025-10-21T01:33:58.014Z
hi,binder,Kazandu Nectarpot,ZNR,Zendikar Rising,306,normal,common,1,54616,796b5899-97e5-4682-aac8-51378f0c904e,0.12,false,false,false,near_mint,en,false,USD,2025-10-21T01:33:58.014Z
hi,binder,Thornado,MH1,Modern Horizons,184,normal,common,1,44750,eadffd6b-d707-4fc5-a600-44eb9124b195,0.03,false,false,false,near_mint,en,false,USD,2025-10-21T01:33:58.014Z
hi,binder,Majestic Metamorphosis,SNC,Streets of New Capenna,48,normal,common,2,67976,bcaebea6-9e3f-4ac7-abe1-5445912f5b44,0.05,false,false,false,near_mint,en,false,USD,2025-10-21T01:33:58.014Z
hi,binder,Nightveil Sprite,MKC,Murders at Karlov Manor Commander,113,normal,uncommon,1,90428,82f806fe-3970-4ae2-b232-d99002d46062,0.05,false,false,false,near_mint,en,false,USD,2025-10-21T01:33:58.014Z
hi,binder,Opt,TDC,Tarkir: Dragonstorm Commander,158,normal,common,1,104914,bbc99a51-1501-4525-a3cc-f48249b64bed,0.08,false,false,false,near_mint,en,false,USD,2025-10-21T01:33:58.014Z
hi,binder,Winged Words,M20,Core Set 2020,80,normal,common,2,45381,ff765065-b160-49b6-99ac-cd695bd0d903,0.13,false,false,false,near_mint,en,false,USD,2025-10-21T01:33:58.014Z
hi,binder,Tide Skimmer,M21,Core Set 2021,79,normal,uncommon,3,51037,dee1d595-a998-4652-931f-a1a72446f3a6,0.04,false,false,false,near_mint,en,false,USD,2025-10-21T01:33:58.014Z
hi,binder,Gaea's Might,DMU,Dominaria United,164,normal,common,1,71594,89c46e9c-ae7c-466c-bb11-4f4d01ea7a63,0.06,false,false,false,near_mint,en,false,USD,2025-10-21T01:33:58.014Z
hi,binder,Raiding Party,FEM,Fallen Empires,64,normal,uncommon,1,40252,907a3396-706b-4ca2-9973-bca758986032,0.18,false,false,false,near_mint,en,false,USD,2025-10-21T01:33:58.014Z
hi,binder,Vodalian Knights,FEM,Fallen Empires,29,normal,rare,1,40326,68d97e1b-2526-4740-b354-f158734d1f72,0.84,false,false,false,near_mint,en,false,USD,2025-10-21T01:33:58.014Z
hi,binder,Goblin Grenade,FEM,Fallen Empires,56c,normal,common,1,40268,1befdfc7-a1e3-4a2a-ad68-7d0fee170f3f,0.44,false,false,false,near_mint,en,false,USD,2025-10-21T01:33:58.014Z
hi,binder,Order of the Ebon Hand,FEM,Fallen Empires,42a,normal,common,1,40293,9e51f5d8-a7cc-4720-8af5-e002bcfd78a0,0.2,false,false,false,near_mint,en,false,USD,2025-10-21T01:33:58.014Z
hi,binder,Tidal Flats,FEM,Fallen Empires,27a,normal,common,1,40330,2e820f3f-434e-4d09-91b9-0ebd6966b393,0.18,false,false,false,near_mint,en,false,USD,2025-10-21T01:33:58.014Z
hi,binder,Vodalian Soldiers,6ED,Classic Sixth Edition,104,normal,common,1,35273,f8fae146-a0dd-4622-ab11-f00b372f8221,0.02,false,false,false,near_mint,en,false,USD,2025-10-21T01:33:58.014Z
hi,binder,The Three Seasons,KHM,Kaldheim,231,normal,uncommon,1,56857,48ce03b3-ec7c-46df-b89a-55405f3b5245,0.08,false,false,false,near_mint,en,false,USD,2025-10-21T01:33:58.014Z
hi,binder,Thornmantle Striker,KHM,Kaldheim,387,normal,uncommon,1,56876,544b6477-cefa-40e2-a96a-72794c7eb815,0.1,false,false,false,near_mint,en,false,USD,2025-10-21T01:33:58.014Z
hi,binder,Deathknell Berserker,KHM,Kaldheim,83,normal,common,1,57164,f9f2029f-ffda-4374-9a78-79866ac23fca,0.04,false,false,false,near_mint,en,false,USD,2025-10-21T01:33:58.014Z
hi,binder,Tergrid's Shadow,KHM,Kaldheim,113,normal,uncommon,2,56839,417f71d2-d7da-4279-8847-d27c67e9ea9d,0.06,false,false,false,near_mint,en,false,USD,2025-10-21T01:33:58.014Z
hi,binder,Giant Ox,KHM,Kaldheim,11,normal,common,2,57170,fc71d8ca-c613-4534-bc9d-bc1e13202a2c,0.09,false,false,false,near_mint,en,false,USD,2025-10-21T01:33:58.014Z
hi,binder,Blood Researcher,STX,Strixhaven: School of Mages,166,normal,common,5,58067,3e35e9ba-a10e-4926-a7a6-3a65efc2a730,0.08,false,false,false,near_mint,en,false,USD,2025-10-21T01:33:58.014Z
hi,binder,Leech Fanatic,STX,Strixhaven: School of Mages,75,normal,common,1,58049,307f9fe7-241b-4eb6-a059-be5384b4a1b6,0.04,false,false,false,near_mint,en,false,USD,2025-10-21T01:33:58.014Z
hi,binder,Springmane Cervin,STX,Strixhaven: School of Mages,144,normal,common,1,58391,f5b0eac4-0262-4eed-97d4-0f2e6f06c8e1,0.06,false,false,false,near_mint,en,false,USD,2025-10-21T01:33:58.014Z
hi,binder,Scurrid Colony,STX,Strixhaven: School of Mages,142,normal,common,2,58319,c9c0a096-870d-443c-92d3-f7ec1f362616,0.1,false,false,false,near_mint,en,false,USD,2025-10-21T01:33:58.014Z
hi,binder,Fractal Summoning,STX,Strixhaven: School of Mages,187,normal,common,1,58322,cc3f1f7e-eb19-49c1-a1ee-93b85ac8815c,0.06,false,false,false,near_mint,en,false,USD,2025-10-21T01:33:58.014Z
hi,binder,Skyway Sniper,M21,Core Set 2021,206,normal,uncommon,1,50717,1776f5b4-1292-460f-9719-e1b603cee46c,0.07,false,false,false,near_mint,en,false,USD,2025-10-21T01:33:58.014Z
hi,binder,Essence Scatter,DMU,Dominaria United,49,normal,common,1,71714,b7ad4441-e300-4267-bedb-4ae6a64f59cd,0.04,false,false,false,near_mint,en,false,USD,2025-10-21T01:33:58.014Z
hi,binder,Reaper of the Wilds,DDM,Duel Decks: Jace vs. Vraska,63,normal,rare,1,14687,016d333a-6a04-42ff-ba65-b3a5d251893e,0.19,false,false,false,near_mint,en,false,USD,2025-10-21T01:33:58.014Z
hi,binder,Jungle Hollow,FDN,Foundations,263,normal,common,1,101224,dc758e14-d370-45e4-bbc5-938fb4d21127,0.07,false,false,false,near_mint,en,false,USD,2025-10-21T01:33:58.014Z
hi,binder,Pearl of Wisdom,BLB,Bloomburrow,64,normal,common,2,95625,13cb9575-1138-4f99-8e90-0eaf00bdf4a1,0.14,false,false,false,near_mint,en,false,USD,2025-10-21T01:33:58.014Z
hi,binder,Treetop Sentries,BLB,Bloomburrow,201,normal,common,2,95974,e16d4d6e-1fe5-4ff6-9877-8c849a24f5e0,0.13,false,false,false,near_mint,en,false,USD,2025-10-21T01:33:58.014Z
hi,binder,Head of the Homestead,BLB,Bloomburrow,216,normal,common,3,95762,2fc20157-edd3-484d-8864-925c071c0551,0.14,false,false,false,near_mint,en,false,USD,2025-10-21T01:33:58.014Z
hi,binder,Ravine Raider,BLB,Bloomburrow,106,normal,common,2,96370,874510be-7ecd-4eff-abad-b9594eb4821a,0.09,false,false,false,near_mint,en,false,USD,2025-10-21T01:33:58.014Z
hi,binder,Turn to Slag,M21,Core Set 2021,168,normal,common,1,50767,38c18541-e95e-4ae0-be18-3bfcafa24ca2,0.04,false,false,false,near_mint,en,false,USD,2025-10-21T01:33:58.014Z
hi,binder,Wall of Runes,M21,Core Set 2021,85,normal,common,1,50841,6ac0f66a-213f-463e-8ebb-35ff5940ea06,0.04,false,false,false,near_mint,en,false,USD,2025-10-21T01:33:58.014Z
hi,binder,Setessan Training,M21,Core Set 2021,205,normal,common,1,50722,1947f64a-5ca0-4dda-8bbd-8472e72ecf18,0.07,false,false,false,near_mint,en,false,USD,2025-10-21T01:33:58.014Z
hi,binder,Gale Swooper,M21,Core Set 2021,20,normal,common,1,51007,d2e3b99c-e48e-4f4d-ba7a-e9218137b432,0.05,false,false,false,near_mint,en,false,USD,2025-10-21T01:33:58.014Z
hi,binder,Vinereap Mentor,BLB,Bloomburrow,238,normal,uncommon,1,95902,29b615ba-45c4-42a1-8525-1535f0b55300,0.24,false,false,false,near_mint,en,false,USD,2025-10-21T01:33:58.014Z
hi,binder,Professor of Zoomancy,STX,Strixhaven: School of Mages,140,normal,common,3,58185,8347f2e8-ef70-4879-860a-12f7cab25902,0.07,false,false,false,near_mint,en,false,USD,2025-10-21T01:33:58.014Z
hi,binder,Dragon's Approach,STX,Strixhaven: School of Mages,97,normal,common,2,57991,0cb504a0-1dfb-49d0-84c3-7bd318d55481,1.57,false,false,false,near_mint,en,false,USD,2025-10-21T01:33:58.014Z
hi,binder,Elfhame Wurm,DMU,Dominaria United,161,normal,common,1,71842,ef2dc99b-083d-473e-b352-e8264353e85b,0.04,false,false,false,near_mint,en,false,USD,2025-10-21T01:33:58.014Z
hi,binder,Vodalian Mindsinger,DMU,Dominaria United,76,normal,rare,1,71311,211a9db2-8b5f-419d-8032-ac2a571dbb53,0.13,false,false,false,near_mint,en,false,USD,2025-10-21T01:33:58.014Z
hi,binder,Warhost's Frenzy,DMU,Dominaria United,151,normal,uncommon,1,71674,a83d571b-ad91-43f5-8498-115cede4867d,0.08,false,false,false,near_mint,en,false,USD,2025-10-21T01:33:58.014Z
hi,binder,Scout the Wilderness,DMU,Dominaria United,176,normal,common,2,71474,5ccd67d4-1a22-4378-804d-6e2c93dc4938,0.03,false,false,false,near_mint,en,false,USD,2025-10-21T01:33:58.014Z
hi,binder,Blight Pile,TDC,Tarkir: Dragonstorm Commander,174,normal,uncommon,1,104837,9dd5bcec-b766-41cd-8809-eeec7e31b39c,0.11,false,false,false,near_mint,en,false,USD,2025-10-21T01:33:58.014Z
hi,binder,Walking Bulwark,TDC,Tarkir: Dragonstorm Commander,334,normal,uncommon,1,104543,33e94caa-30cb-4f38-b240-7893dd2dc94d,0.08,false,false,false,near_mint,en,false,USD,2025-10-21T01:33:58.014Z
hi,binder,Coral Colony,DMU,Dominaria United,45,normal,uncommon,1,71638,9c0e3882-1f97-48eb-b9e3-2f9683ff5897,0.07,false,false,false,near_mint,en,false,USD,2025-10-21T01:33:58.014Z
hi,binder,Battershield Warrior,KHM,Kaldheim,2,normal,uncommon,1,57168,fb79dc85-f85a-4846-9ac3-c75c64ea9c0a,0.03,false,false,false,near_mint,en,false,USD,2025-10-21T01:33:58.014Z
hi,binder,Underdark Basilisk,AFR,Adventures in the Forgotten Realms,334,normal,common,1,60337,96116efa-b580-4764-aba5-09cb8ce24806,0.07,false,false,false,near_mint,en,false,USD,2025-10-21T01:33:58.014Z
hi,binder,Tear Asunder,EOC,Edge of Eternities Commander,109,normal,uncommon,1,107189,e408c673-4a1f-45db-827a-75c501e1b3d6,0.25,false,false,false,near_mint,en,false,USD,2025-10-21T01:33:58.014Z
hi,binder,Throw from the Saddle,OTJ,Outlaws of Thunder Junction,185,normal,common,1,93225,775874cc-4b78-4904-9c97-431c2e400c64,0.05,false,false,false,near_mint,en,false,USD,2025-10-21T01:33:58.014Z
hi,binder,Agent of Horizons,THS,Theros,148,normal,common,1,15516,cc08576f-1d48-4db4-9bb9-e039f75c98b8,0.03,false,false,false,near_mint,en,false,USD,2025-10-21T01:33:58.014Z
hi,binder,Setessan Griffin,THS,Theros,30,normal,common,2,15634,35d2ae77-b16c-4a01-84ce-5c78be5a54d8,0.06,false,false,false,near_mint,en,false,USD,2025-10-21T01:33:58.014Z
hi,binder,Staunch-Hearted Warrior,UMA,Ultimate Masters,185,normal,common,3,43329,c754202d-adc9-4d02-b1b3-ec253f7e637a,0.02,false,false,false,near_mint,en,false,USD,2025-10-21T01:33:58.014Z
hi,binder,Rumbling Baloth,M14,Magic 2014,193,normal,common,2,15858,d8610ff1-064b-4c75-a8df-d3b076370d1e,0.11,false,false,false,near_mint,en,false,USD,2025-10-21T01:33:58.014Z
hi,binder,Centaur Battlemaster,2X2,Double Masters 2022,140,normal,uncommon,2,70520,d190aac9-9ac8-4b54-9f51-d7d1561dc743,0.04,false,false,false,near_mint,en,false,USD,2025-10-21T01:33:58.014Z
hi,binder,Priest of the Haunted Edge,KHM,Kaldheim,104,normal,common,4,56746,0cde0f4d-5acc-4a25-a3d6-c6b9b734360c,0.04,false,false,false,near_mint,en,false,USD,2025-10-21T01:33:58.014Z
hi,binder,Elvish Mystic,CMM,Commander Masters,284,normal,common,2,84500,75918859-c93f-41b4-9ad0-a4a96c389f0d,0.4,false,false,false,near_mint,en,false,USD,2025-10-21T01:33:58.014Z
hi,binder,Chronicler of Heroes,2X2,Double Masters 2022,193,normal,common,4,70317,76a60ba3-208c-41c9-a40a-46d3586acdfd,0.02,false,false,false,near_mint,en,false,USD,2025-10-21T01:33:58.014Z
hi,binder,Giant Growth,FDN,Foundations,223,normal,common,2,101073,bd0bf74e-14c1-4428-88d8-2181a080b5d0,0.05,false,false,false,near_mint,en,false,USD,2025-10-21T01:33:58.014Z
hi,binder,Guardians of Meletis,ORI,Magic Origins,228,normal,common,2,10714,2ff39de2-d071-4568-baac-25b505a2da56,0.06,false,false,false,near_mint,en,false,USD,2025-10-21T01:33:58.014Z
hi,binder,Aerial Guide,HOU,Hour of Devastation,29,normal,common,2,4646,b744c138-9b9e-47f6-9d56-feb6a78ce377,0.04,false,false,false,near_mint,en,false,USD,2025-10-21T01:38:32.364Z
hi,binder,Replicating Ring,MOC,March of the Machine Commander,372,normal,uncommon,1,82043,f1e6e3a2-5145-4898-990e-150e090f5206,0.89,false,false,false,near_mint,en,false,USD,2025-10-21T01:38:32.364Z
hi,binder,Raven Wings,KHM,Kaldheim,243,normal,common,1,56902,60916ebe-6d84-4873-bd91-351bbe219c57,0.05,false,false,false,near_mint,en,false,USD,2025-10-21T01:38:32.364Z
hi,binder,Balduvian Atrocity,DMU,Dominaria United,79,normal,uncommon,1,71373,365333c4-59a0-4365-b242-a67b6224c1b8,0.03,false,false,false,near_mint,en,false,USD,2025-10-21T01:38:32.364Z
hi,binder,Phyrexian Missionary,DMU,Dominaria United,27,normal,uncommon,1,71566,7f22fcfa-a5f0-4fae-b578-cdfd7d46a4c8,0.08,false,false,false,near_mint,en,false,USD,2025-10-21T01:38:32.364Z
hi,binder,Battle-Rage Blessing,DMU,Dominaria United,80,normal,common,1,71558,7cfc631b-49d1-4f1c-adac-5b07a2ccd06f,0.1,false,false,false,near_mint,en,false,USD,2025-10-21T01:38:32.364Z
hi,binder,Deathbloom Gardener,DMU,Dominaria United,159,normal,common,1,71592,88dee3d1-0496-40ea-b208-7362a932f531,0.06,false,false,false,near_mint,en,false,USD,2025-10-21T01:38:32.364Z
hi,binder,Coalition Warbrute,DMU,Dominaria United,118,normal,common,1,71447,554c422f-2a1b-47c0-9358-42b85cdbb84e,0.04,false,false,false,near_mint,en,false,USD,2025-10-21T01:38:32.364Z
hi,binder,Serum Visionary,MH3,Modern Horizons 3,69,normal,common,1,94330,08a587f5-5910-405e-8982-c889dbbc7f98,0.04,false,false,false,near_mint,en,false,USD,2025-10-21T01:38:32.364Z
hi,binder,Eldrazi Repurposer,MH3,Modern Horizons 3,150,normal,common,1,94846,37f79ba7-7b65-4387-b498-f770816ce8dd,0.23,false,false,false,near_mint,en,false,USD,2025-10-21T01:38:32.364Z
hi,binder,Shattered Landscape,TDC,Tarkir: Dragonstorm Commander,390,normal,common,1,105062,f8373e5a-94bb-4aa0-bd09-13a01e0cb02a,0.16,false,false,false,near_mint,en,false,USD,2025-10-21T01:38:32.364Z
hi,binder,Snapping Voidcraw,MH3,Modern Horizons 3,204,normal,common,1,94870,9185371c-2dde-48ad-ab27-08be04b3c522,0.03,false,false,false,near_mint,en,false,USD,2025-10-21T01:38:32.364Z
hi,binder,Cursed Wombat,MH3,Modern Horizons 3,181,normal,uncommon,1,94792,a09a8de1-98b3-49e0-82f6-d90f1048de44,0.07,false,false,false,near_mint,en,false,USD,2025-10-21T01:38:32.364Z
hi,binder,Revitalizing Repast // Old-Growth Grove,MH3,Modern Horizons 3,256,normal,uncommon,1,94324,03522b6b-31ec-4126-8885-5dbb2248688b,0.79,false,false,false,near_mint,en,false,USD,2025-10-21T01:38:32.364Z
hi,binder,Kappa Cannoneer,EOC,Edge of Eternities Commander,74,normal,rare,1,107303,99cd996f-be74-4dbb-9460-6d650cedfca6,0.33,false,false,false,near_mint,en,false,USD,2025-10-21T01:38:32.364Z
hi,binder,Bloodstained Mire,MH3,Modern Horizons 3,216,normal,rare,1,91762,579743fe-f71e-4cb2-8629-d6b02ed1591d,13.55,false,false,false,near_mint,en,false,USD,2025-10-21T01:38:32.364Z
hi,binder,Hunt for Specimens,STX,Strixhaven: School of Mages,73,normal,common,3,58215,8ff0f47f-75cb-42b0-ba4d-78522cad9861,0.28,false,false,false,near_mint,en,false,USD,2025-10-21T01:38:32.364Z
hi,binder,Relic Sloth,STX,Strixhaven: School of Mages,223,normal,common,2,58302,c1cb483f-c567-4cfd-9fe8-1503e7b40542,0.04,false,false,false,near_mint,en,false,USD,2025-10-21T01:38:32.364Z
hi,binder,Infuse with Vitality,STX,Strixhaven: School of Mages,194,normal,common,2,58186,840600a9-3e78-48a6-b75b-860446b82c1b,0.07,false,false,false,near_mint,en,false,USD,2025-10-21T01:38:32.364Z
hi,binder,Mage Duel,STX,Strixhaven: School of Mages,137,normal,common,1,58222,92325638-0321-4409-8910-2287c64c182e,0.06,false,false,false,near_mint,en,false,USD,2025-10-21T01:38:32.364Z
hi,binder,Bury in Books,STX,Strixhaven: School of Mages,39,normal,common,1,58266,ac2a2cf5-80cf-4c06-8b04-bc04a5460de5,0.03,false,false,false,near_mint,en,false,USD,2025-10-21T01:38:32.364Z
hi,binder,Elemental Summoning,STX,Strixhaven: School of Mages,183,normal,common,1,58369,ea51991c-1589-4c62-965b-5ae8d233520b,0.05,false,false,false,near_mint,en,false,USD,2025-10-21T01:38:32.364Z
hi,binder,Thunderous Orator,STX,Strixhaven: School of Mages,35,normal,uncommon,1,58377,ef3b2961-559f-42b1-be13-ff3d03e62809,0.08,false,false,false,near_mint,en,false,USD,2025-10-21T01:38:32.364Z
hi,binder,Elite Spellbinder,STX,Strixhaven: School of Mages,17,normal,rare,1,58241,9d3a7998-ccac-45ad-a4e9-3a2cb057f63b,0.22,false,false,false,near_mint,en,false,USD,2025-10-21T01:38:32.364Z
hi,binder,Rush of Inspiration // Crackling Falls,MH3,Modern Horizons 3,257,normal,uncommon,1,94497,70a25a3a-c12a-49d3-8a91-a108dfa9d3c5,0.11,false,false,false,near_mint,en,false,USD,2025-10-21T01:38:32.364Z
hi,binder,Titans' Vanguard,MH3,Modern Horizons 3,206,normal,uncommon,1,94829,fb3ea14e-44ac-4f69-bfea-cb6bf1bfbd74,0.04,false,false,false,near_mint,en,false,USD,2025-10-21T01:38:32.364Z
hi,binder,Cartouche of Knowledge,AKH,Amonkhet,45,normal,common,1,5640,d806458e-81cd-4413-bba0-14d957bece79,0.07,false,false,false,near_mint,en,false,USD,2025-10-21T01:38:32.364Z
hi,binder,Gust of Wind,IKO,Ikoria: Lair of Behemoths,54,normal,common,1,50023,faabea92-d8cf-4591-b528-3e597d56b31f,0.08,false,false,false,near_mint,en,false,USD,2025-10-21T01:38:32.364Z
hi,binder,Owl Familiar,CLU,Ravnica: Clue Edition,90,normal,common,1,91038,8b33923b-1b79-43ab-9a9d-49c05887bce7,0.15,false,false,false,near_mint,en,false,USD,2025-10-21T01:38:32.364Z
hi,binder,Shorecomber Crab,J25,Foundations Jumpstart,356,normal,common,1,101385,fad0fd59-6511-4508-89fd-4287f59db1a2,0.09,false,false,false,near_mint,en,false,USD,2025-10-21T01:38:32.364Z
hi,binder,Trial of Knowledge,AKH,Amonkhet,73,normal,uncommon,1,5612,89020c72-4cda-4634-8475-6d16a02236f1,0.05,false,false,false,near_mint,en,false,USD,2025-10-21T01:38:32.364Z
hi,binder,Warden of Evos Isle,CMR,Commander Legends,106,normal,uncommon,2,55720,6bfc5cef-aa9b-45d4-a9c3-4b157e4ed193,0.11,false,false,false,near_mint,en,false,USD,2025-10-21T01:38:32.364Z
hi,binder,Signature Slam,MH3,Modern Horizons 3,168,normal,uncommon,1,94478,634e05c9-96da-467a-870d-3af68da53071,0.11,false,false,false,near_mint,en,false,USD,2025-10-21T01:38:32.364Z
hi,binder,Tempest Harvester,MH3,Modern Horizons 3,73,normal,common,1,94475,62a3fc3f-f5cd-45f1-a3d5-d90c9dd4f6c7,0.05,false,false,false,near_mint,en,false,USD,2025-10-21T01:38:32.364Z
hi,binder,Warped Tusker,MH3,Modern Horizons 3,16,normal,common,1,94845,2b5f3a1a-8514-4598-be3d-c3be719f6951,0.03,false,false,false,near_mint,en,false,USD,2025-10-21T01:38:32.364Z
hi,binder,Volatile Stormdrake,MH3,Modern Horizons 3,79,normal,rare,1,94397,2e6e3232-8bb8-4504-9597-dfdfc6d634bd,0.39,false,false,false,near_mint,en,false,USD,2025-10-21T01:38:32.364Z
hi,binder,Flare of Denial,MH3,Modern Horizons 3,62,normal,rare,1,94232,71a98efb-9b0a-496b-ac21-8d70527ea544,4.13,false,false,false,near_mint,en,false,USD,2025-10-21T01:38:32.364Z
hi,binder,Cranial Ram,MH3,Modern Horizons 3,180,normal,common,1,94474,62993aa2-4804-43cc-910a-c51e794f8508,0.04,false,false,false,near_mint,en,false,USD,2025-10-21T01:38:32.364Z
hi,binder,Seething Landscape,MH3,Modern Horizons 3,225,normal,common,1,94751,661fc907-7003-45c6-820c-9616e9a71c30,0.15,false,false,false,near_mint,en,false,USD,2025-10-21T01:38:32.364Z
hi,binder,Malevolent Rumble,MH3,Modern Horizons 3,161,normal,common,1,94878,a178cfe8-f9fa-4255-88d0-54a0bed079f5,0.49,false,false,false,near_mint,en,false,USD,2025-10-21T01:38:32.364Z
hi,binder,Cephalid Coliseum,TDC,Tarkir: Dragonstorm Commander,349,normal,uncommon,1,104428,03b9c9ed-fb6f-4f8d-bb1d-7999dec4245c,0.18,false,false,false,near_mint,en,false,USD,2025-10-21T01:38:32.364Z
hi,binder,Barbarian Ring,MH3,Modern Horizons 3,299,normal,uncommon,1,94603,c184406c-b22c-4b9b-9d3a-3e7b17efd8a0,0.1,false,false,false,near_mint,en,false,USD,2025-10-21T01:38:32.364Z
hi,binder,Tamiyo Meets the Story Circle,MH3,Modern Horizons 3,72,normal,uncommon,1,94670,ee66a06e-a461-46af-a318-550bc35de5d0,0.08,false,false,false,near_mint,en,false,USD,2025-10-21T01:38:32.364Z
hi,binder,Stormcaller of Keranos,BNG,Born of the Gods,112,normal,uncommon,1,14848,d397bdc3-a866-45be-8740-185d9ccf29c4,0.02,false,false,false,near_mint,en,false,USD,2025-10-21T01:38:32.364Z
hi,binder,Glaring Fleshraker,MH3,Modern Horizons 3,7,normal,uncommon,1,94515,80c2a3c7-1486-4ff9-88ec-79ec67a437f8,0.95,false,false,false,near_mint,en,false,USD,2025-10-21T01:38:32.364Z
hi,binder,Bountiful Landscape,TDC,Tarkir: Dragonstorm Commander,342,normal,common,1,105048,f1c99617-6e38-4af7-a064-6db9a5e2cc6a,0.15,false,false,false,near_mint,en,false,USD,2025-10-21T01:38:32.364Z
hi,binder,Starlight Snare,FDN,Foundations,514,normal,common,2,101549,74fb19b2-4f6c-4cbd-8756-a7eb5c7c9ef6,0.2,false,false,false,near_mint,en,false,USD,2025-10-21T01:38:32.364Z
hi,binder,"Skoa, Embermage",MH3,Modern Horizons 3,138,normal,common,3,94621,cf34b0f8-a68a-428f-9f2c-9556229367ec,0.04,false,false,false,near_mint,en,false,USD,2025-10-21T01:38:32.364Z
hi,binder,Cache Grab,BLB,Bloomburrow,167,normal,common,2,95842,dfd977dc-a7c3-4d0a-aca7-b25bd154e963,0.15,false,false,false,near_mint,en,false,USD,2025-10-21T01:40:57.736Z
hi,binder,Sudden Storm,BNG,Born of the Gods,53,normal,common,1,14907,6beffc33-58fd-4364-b87b-d4573ecaf4bd,0.03,false,false,false,near_mint,en,false,USD,2025-10-21T01:40:57.736Z
hi,binder,Prescient Chimera,THS,Theros,59,normal,common,1,15605,f9342aba-e3aa-4210-ad72-e609c7c027b8,0.02,false,false,false,near_mint,en,false,USD,2025-10-21T01:40:57.736Z
hi,binder,Annul,THS,Theros,38,normal,common,1,15626,5e71b6ad-4b81-4277-8512-0a3f2266cd23,0.2,false,false,false,near_mint,en,false,USD,2025-10-21T01:40:57.736Z
hi,binder,Dissolve,IMA,Iconic Masters,51,normal,common,1,3574,b4fb87ab-8595-459a-a5f2-087296d9b120,0.21,false,false,false,near_mint,en,false,USD,2025-10-21T01:40:57.736Z
hi,binder,Aqueous Form,CMR,Commander Legends,56,normal,common,1,56189,c859f7cb-ac12-490e-b769-6f019791f2a5,0.28,false,false,false,near_mint,en,false,USD,2025-10-21T01:40:57.736Z
hi,binder,Omenspeaker,CMR,Commander Legends,83,normal,common,1,55579,1b635abe-ad7e-44b8-b3fe-6e365db87c29,0.03,false,false,false,near_mint,en,false,USD,2025-10-21T01:40:57.736Z
hi,binder,Otterball Antics,BLB,Bloomburrow,63,normal,uncommon,2,95913,3ff83ff7-e428-4ccc-8341-f223dab76bd1,0.15,false,false,false,near_mint,en,false,USD,2025-10-21T01:40:57.736Z
hi,binder,Wizard's Retort,DOM,Dominaria,75,normal,uncommon,1,2201,bae30b7d-9306-46ef-adea-c4057f59c9c1,0.21,false,false,false,near_mint,en,false,USD,2025-10-21T01:40:57.736Z
hi,binder,Eroded Canyon,OTJ,Outlaws of Thunder Junction,256,normal,common,1,93177,5c9d080f-28d7-41d6-a4e0-5b3e3a5ed770,0.12,false,false,false,near_mint,en,false,USD,2025-10-21T01:40:57.736Z
hi,binder,Stall for Time,DMU,Dominaria United,34,normal,common,1,71856,f346defa-ee4a-404e-8154-0e33ebe9102c,0.05,false,false,false,near_mint,en,false,USD,2025-10-21T01:40:57.736Z
hi,binder,Skemfar Avenger,KHM,Kaldheim,109,normal,rare,1,57166,fad2c6d4-03dd-4dab-861c-77c55bda0db7,0.2,false,false,false,near_mint,en,false,USD,2025-10-21T01:40:57.736Z
hi,binder,Breakneck Berserker,KHM,Kaldheim,124,normal,common,1,57102,d6eb23c9-6061-4ad1-a8f3-2c791c49f352,0.07,false,false,false,near_mint,en,false,USD,2025-10-21T01:40:57.736Z
hi,binder,Jaspera Sentinel,KHM,Kaldheim,178,normal,common,1,56770,1a68615d-9808-479d-aa80-50651246954e,0.14,false,false,false,near_mint,en,false,USD,2025-10-21T01:40:57.736Z
hi,binder,Grizzled Outrider,KHM,Kaldheim,173,normal,common,1,56859,4a1d4473-5317-4bdd-9cb9-93670acf52e9,0.09,false,false,false,near_mint,en,false,USD,2025-10-21T01:40:57.736Z
hi,binder,Master Skald,KHM,Kaldheim,19,normal,common,2,56919,6b269e27-8e17-4bf2-b28a-a83ecc7d22c0,0.04,false,false,false,near_mint,en,false,USD,2025-10-21T01:40:57.736Z
hi,binder,Karfell Harbinger,KHM,Kaldheim,65,normal,common,1,56858,4911016c-b92a-47cc-9553-b424d7be196a,0.04,false,false,false,near_mint,en,false,USD,2025-10-21T01:40:57.736Z
hi,binder,Gift of the Viper,MH3,Modern Horizons 3,156,normal,common,1,94840,17fa0b62-d474-4dc7-9631-9d0a9d99e5e2,0.27,false,false,false,near_mint,en,false,USD,2025-10-21T01:40:57.736Z
hi,binder,Evanescent Intellect,BNG,Born of the Gods,38,normal,common,1,14922,d38cfe97-77b3-4423-95ac-88eb850cf854,0.06,false,false,false,near_mint,en,false,USD,2025-10-21T01:40:57.736Z
hi,binder,Disciple of Phenax,THS,Theros,84,normal,common,1,15580,81c1137c-1cbd-4918-9d1c-a9d2bd88562e,0.06,false,false,false,near_mint,en,false,USD,2025-10-21T01:40:57.736Z
hi,binder,Loathsome Catoblepas,THS,Theros,95,normal,common,1,15569,4a8cff2f-ba52-4d22-83e8-13c56368f1df,0.04,false,false,false,near_mint,en,false,USD,2025-10-21T01:40:57.736Z
hi,binder,Eye Gouge,BNG,Born of the Gods,67,normal,common,1,14893,94d4eb34-0529-48a0-ac52-b57cead7b651,0.02,false,false,false,near_mint,en,false,USD,2025-10-21T01:40:57.736Z
hi,binder,Nullify,BNG,Born of the Gods,45,normal,common,1,14915,a940d859-3fb1-4946-8277-b7c503605b1e,0.05,false,false,false,near_mint,en,false,USD,2025-10-21T01:40:57.736Z
hi,binder,Traveling Philosopher,THS,Theros,34,normal,common,1,15630,edad0276-45d1-45e5-a6b1-1cd2a99b4f2c,0.06,false,false,false,near_mint,en,false,USD,2025-10-21T01:40:57.736Z
hi,binder,Ornitharch,BNG,Born of the Gods,23,normal,uncommon,1,14937,f95a0bf4-10c7-4afa-8cf6-e31196cc2bd5,0.09,false,false,false,near_mint,en,false,USD,2025-10-21T01:40:57.736Z
hi,binder,Silent Artisan,THS,Theros,31,normal,common,1,15633,dce5647d-1546-4eff-a2a2-9e9ef26db533,0.05,false,false,false,near_mint,en,false,USD,2025-10-21T01:40:57.736Z
hi,binder,Air Elemental,W17,Welcome Deck 2017,7,normal,uncommon,1,5862,d8ecd6f4-d48f-4427-9ca4-bf414283a583,0.03,false,false,false,near_mint,en,false,USD,2025-10-21T01:40:57.736Z
hi,binder,Faerie Seer,J25,Foundations Jumpstart,106,normal,common,1,101326,f0b96dc7-d046-4b64-b3a8-8bf5ac7c8f9b,0.31,false,false,false,near_mint,en,false,USD,2025-10-21T01:40:57.736Z
hi,binder,Witch Enchanter // Witch-Blessed Meadow,MH3,Modern Horizons 3,239,normal,uncommon,1,94472,62061e7c-cf19-4f03-b8fa-2bdba62d6b0b,4.09,false,false,false,near_mint,en,false,USD,2025-10-21T01:40:57.736Z
hi,binder,Duskshell Crawler,CLU,Ravnica: Clue Edition,161,normal,common,1,91280,eb39a0c0-668f-4881-957a-3d09c50beaf4,0.19,false,false,false,near_mint,en,false,USD,2025-10-21T01:40:57.736Z
hi,binder,Deepwood Denizen,MH2,Modern Horizons 2,155,normal,common,1,59490,333f02f7-3b8a-41e3-9ae5-2151539e64ad,0.03,false,false,false,near_mint,en,false,USD,2025-10-21T01:40:57.736Z
hi,binder,Aggressive Instinct,GS1,Global Series Jiang Yanggu & Mu Yanling,34,normal,common,1,1333,40ab4bcf-e6b9-4368-97d5-56862713a66a,0.15,false,false,false,near_mint,en,false,USD,2025-10-21T01:40:57.736Z
hi,binder,Saurian Symbiote,J25,Foundations Jumpstart,23,normal,common,1,101011,b32224ef-cfd4-42ef-857a-24386590c360,0.06,false,false,false,near_mint,en,false,USD,2025-10-21T01:40:57.736Z
hi,binder,Oran-Rief Ooze,ZNR,Zendikar Rising,198,normal,rare,1,54838,fd2ad967-dd77-4c3a-b53c-2929ecf7750f,0.15,false,false,false,near_mint,en,false,USD,2025-10-21T01:40:57.736Z
hi,binder,Caught in the Crossfire,OTJ,Outlaws of Thunder Junction,117,normal,uncommon,1,93127,3a2fd0c4-509e-49c2-ad57-f772efcbc207,0.07,false,false,false,near_mint,en,false,USD,2025-10-21T01:40:57.736Z
hi,binder,Shoot the Sheriff,OTJ,Outlaws of Thunder Junction,106,normal,uncommon,1,93063,180d6528-c524-4bb8-8a72-b3775cd2c177,0.69,false,false,false,near_mint,en,false,USD,2025-10-21T01:40:57.736Z
hi,binder,Slick Sequence,OTJ,Outlaws of Thunder Junction,233,normal,uncommon,1,93329,beb1c974-0d35-4e9f-a310-44eb2af64494,0.1,false,false,false,near_mint,en,false,USD,2025-10-21T01:40:57.736Z
hi,binder,Outcaster Greenblade,OTJ,Outlaws of Thunder Junction,172,normal,uncommon,1,93344,c9458f0f-5593-4ac9-934c-e215ef8093a7,0.12,false,false,false,near_mint,en,false,USD,2025-10-21T01:40:57.736Z
hi,binder,Trained Arynx,OTJ,Outlaws of Thunder Junction,36,normal,common,1,93415,ef32a5f8-f69d-47dc-a800-4f0ddf4eada5,0.04,false,false,false,near_mint,en,false,USD,2025-10-21T01:40:57.736Z
hi,binder,Nezumi Linkbreaker,OTJ,Outlaws of Thunder Junction,96,normal,common,1,93207,6dd0095b-6136-4368-94cb-4c82621aaf37,0.09,false,false,false,near_mint,en,false,USD,2025-10-21T01:40:57.736Z
hi,binder,Voracious Varmint,OTJ,Outlaws of Thunder Junction,188,normal,common,1,93279,99b74fa3-c1d7-4780-977d-f2d6663a529a,0.05,false,false,false,near_mint,en,false,USD,2025-10-21T01:40:57.736Z
hi,binder,Run Ashore,KHM,Kaldheim,74,normal,common,1,56949,7eed5a2d-d7a4-4f64-a96b-04c5d4206c5a,0.03,false,false,false,near_mint,en,false,USD,2025-10-21T01:40:57.736Z
hi,binder,Strategic Planning,KHM,Kaldheim,77,normal,common,1,56797,29306305-cb71-4fef-bf86-f5deb4e7e561,0.06,false,false,false,near_mint,en,false,USD,2025-10-21T01:40:57.736Z
hi,binder,Elderleaf Mentor,KHM,Kaldheim,165,normal,common,1,56897,5e8bded3-46c3-474f-9d09-978df8705ad1,0.05,false,false,false,near_mint,en,false,USD,2025-10-21T01:40:57.736Z
hi,binder,Glittering Frost,KHM,Kaldheim,171,normal,common,1,57080,c60fbc33-6198-4661-967e-cc94f2788e4a,0.06,false,false,false,near_mint,en,false,USD,2025-10-21T01:40:57.736Z
hi,binder,Blessing of Frost,KHM,Kaldheim,161,normal,rare,1,56841,42f01f4d-491e-4f25-a017-a0d9c437ac8c,0.16,false,false,false,near_mint,en,false,USD,2025-10-21T01:40:57.736Z
hi,binder,Skemfar Elderhall,KHM,Kaldheim,268,normal,uncommon,1,56958,82c2a0f7-0f53-4627-8be8-227fde331a69,0.13,false,false,false,near_mint,en,false,USD,2025-10-21T01:40:57.736Z
hi,binder,Deadly Recluse,CMM,Commander Masters,282,normal,common,2,84917,d432d17e-052b-4a81-bad8-14babf6e593f,0.08,false,false,false,near_mint,en,false,USD,2025-10-21T01:40:57.736Z
hi,binder,"Cynette, Jelly Drover",J25,Foundations Jumpstart,35,normal,uncommon,2,100786,8810b817-7349-468b-bcca-ba0843bbc852,0.25,false,false,false,near_mint,en,false,USD,2025-10-21T01:40:57.736Z
hi,binder,Bind the Monster,KHM,Kaldheim,48,normal,common,2,56740,080be8d1-e453-4250-b917-f0eb26644895,0.1,false,false,false,near_mint,en,false,USD,2025-10-21T01:40:57.736Z
hi,binder,Depart the Realm,KHM,Kaldheim,53,normal,common,2,56805,2ce0403d-76ed-4eb0-abdd-74ed28f96137,0.06,false,false,false,near_mint,en,false,USD,2025-10-21T01:40:57.736Z
hi,binder,Vengeful Reaper,KHM,Kaldheim,116,normal,uncommon,1,56960,854c99fd-71ba-40b7-98cf-b783f01a77b4,0.16,false,false,false,near_mint,en,false,USD,2025-10-21T01:43:20.175Z
hi,binder,Renegade Reaper,KHM,Kaldheim,386,normal,uncommon,1,57021,a5675655-dc9f-45ad-9cd0-ce28fba1f972,0.3,false,false,false,near_mint,en,false,USD,2025-10-21T01:43:20.175Z
hi,binder,Skyclave Pick-Axe,ZNR,Zendikar Rising,204,normal,uncommon,1,54662,9965a54b-8b22-418c-9a0d-bf154932f2e2,0.08,false,false,false,near_mint,en,false,USD,2025-10-21T01:43:20.175Z
hi,binder,Surtland Frostpyre,KHM,Kaldheim,271,normal,uncommon,1,56744,0b02149a-4a8f-4be9-9944-3d216248b549,0.08,false,false,false,near_mint,en,false,USD,2025-10-21T01:43:20.175Z
hi,binder,Abundant Harvest,CMM,Commander Masters,269,normal,common,1,84357,516e137a-d9d9-4ba7-89fb-e680ddb2c2d1,0.06,false,false,false,near_mint,en,false,USD,2025-10-21T01:43:20.175Z
hi,binder,Crushing Canopy,UMA,Ultimate Masters,161,normal,common,1,43350,84c2b20b-6255-450d-a848-f7aaf0d80721,0.05,false,false,false,near_mint,en,false,USD,2025-10-21T01:43:20.175Z
hi,binder,Verdant Haven,M15,Magic 2015,206,normal,common,1,13646,beec869b-fe2c-4f30-ae36-9ce5bdc555e1,0.06,false,false,false,near_mint,en,false,USD,2025-10-21T01:43:20.175Z
hi,binder,Cyclops of One-Eyed Pass,BNG,Born of the Gods,90,normal,common,1,14870,71a25c69-8e57-4a44-955a-da1541bbe0fe,0.03,false,false,false,near_mint,en,false,USD,2025-10-21T01:43:20.175Z
hi,binder,Unknown Shores,THS,Theros,229,normal,common,1,15435,fff118a5-765b-4ba1-8f12-ce6f24b2459b,0.06,false,false,false,near_mint,en,false,USD,2025-10-21T01:43:20.175Z
hi,binder,Artillery Blast,DMU,Dominaria United,6,normal,common,1,71251,0d4d7293-657f-48ac-931b-fb6a44128e6d,0.05,false,false,false,near_mint,en,false,USD,2025-10-21T01:43:20.175Z
hi,binder,Skyclave Squid,ZNR,Zendikar Rising,296,normal,common,1,54414,04833fcc-cef7-4152-8191-c552288c83e4,0.07,false,false,false,near_mint,en,false,USD,2025-10-21T01:43:20.175Z
hi,binder,Azorius Guildgate,RNA,Ravnica Allegiance,244,normal,common,1,43621,e52013ba-9b17-497b-a844-1e7eb5607019,0.05,false,false,false,near_mint,en,false,USD,2025-10-21T01:43:20.175Z
hi,binder,Akoum Hellhound,ZNR,Zendikar Rising,299,normal,common,1,54711,b5757230-08b8-4808-af61-d343f9748fb1,0.06,false,false,false,near_mint,en,false,USD,2025-10-21T01:43:20.175Z
hi,binder,Pheres-Band Centaurs,THS,Theros,171,normal,common,1,15493,2168fcf4-cf87-4ab8-9710-6ec672750a9a,0.02,false,false,false,near_mint,en,false,USD,2025-10-21T01:43:20.175Z
hi,binder,Ephara's Warden,THS,Theros,10,normal,common,1,15654,71f7f788-2795-46a7-82ae-270f1e9415ca,0.02,false,false,false,near_mint,en,false,USD,2025-10-21T01:43:20.175Z
hi,binder,Scholar of Athreos,THS,Theros,28,normal,common,1,15636,95a36e06-39f3-47d0-b6a9-43728afceb4a,0.07,false,false,false,near_mint,en,false,USD,2025-10-21T01:43:20.175Z
hi,binder,Skemfar Shadowsage,KHM,Kaldheim,110,normal,uncommon,1,57073,c204130f-0483-49ed-8512-03a74894702e,0.12,false,false,false,near_mint,en,false,USD,2025-10-21T01:43:20.175Z
hi,binder,Elderfang Ritualist,KHM,Kaldheim,385,normal,uncommon,1,56883,57348f93-8764-4b1a-b02e-4e7881337fa2,0.12,false,false,false,near_mint,en,false,USD,2025-10-21T01:43:20.175Z
hi,binder,Guardian Gladewalker,KHM,Kaldheim,174,normal,common,1,56885,587eed42-5111-4161-9af5-bf76556c542a,0.11,false,false,false,near_mint,en,false,USD,2025-10-21T01:43:20.175Z
hi,binder,Squash,KHM,Kaldheim,152,normal,common,1,57117,e0b99299-bf84-4654-a331-e4406768b33c,0.07,false,false,false,near_mint,en,false,USD,2025-10-21T01:43:20.175Z
hi,binder,Nylea's Emissary,THS,Theros,168,normal,uncommon,1,15496,2f133775-09b3-4df4-a97f-0df75809b724,0.09,false,false,false,near_mint,en,false,USD,2025-10-21T01:43:20.175Z
hi,binder,Setessan Starbreaker,BNG,Born of the Gods,139,normal,common,1,14821,03af8b3b-a897-43e2-a87d-833da93edc41,0.02,false,false,false,near_mint,en,false,USD,2025-10-21T01:43:20.175Z
hi,binder,Karametra's Acolyte,THS,Theros,160,normal,uncommon,1,15504,374a1b7c-ce11-4734-aff2-b0bd00857fad,0.31,false,false,false,near_mint,en,false,USD,2025-10-21T01:43:20.175Z
hi,binder,Fade into Antiquity,CN2,Conspiracy: Take the Crown,181,normal,common,1,7916,d74b6f74-9021-467a-974f-8b04ed1bac9a,0.04,false,false,false,near_mint,en,false,USD,2025-10-21T01:43:20.175Z
hi,binder,Crumb and Get It,BLB,Bloomburrow,8,normal,common,3,96259,3c7b3b25-d4b3-4451-9f5c-6eb369541175,0.16,false,false,false,near_mint,en,false,USD,2025-10-21T01:43:20.175Z
hi,binder,Borderland Minotaur,THS,Theros,114,normal,common,1,15550,9c7f6eb2-feae-4dc9-a009-0ad60f89a592,0.03,false,false,false,near_mint,en,false,USD,2025-10-21T01:43:20.175Z
hi,binder,Satyr Rambler,THS,Theros,139,normal,common,1,15525,fabccddd-c0ea-45a5-bebc-d8f858242a2a,0.04,false,false,false,near_mint,en,false,USD,2025-10-21T01:43:20.175Z
hi,binder,Bound in Gold,KHM,Kaldheim,5,normal,common,1,56738,074d526a-1eef-4045-bd38-f6d68c4bc4b9,0.04,false,false,false,near_mint,en,false,USD,2025-10-21T01:43:20.175Z
hi,binder,Hailstorm Valkyrie,KHM,Kaldheim,97,normal,uncommon,1,57022,a5a272b3-aaab-4c98-86a8-85c67a5f3d4d,0.07,false,false,false,near_mint,en,false,USD,2025-10-21T01:43:20.175Z
hi,binder,Karfell Kennel-Master,KHM,Kaldheim,101,normal,common,2,57156,f670c380-6faa-42ec-ab41-6be8137169b2,0.05,false,false,false,near_mint,en,false,USD,2025-10-21T01:43:20.175Z
hi,binder,Mystic Monastery,EOC,Edge of Eternities Commander,170,normal,uncommon,2,107305,9fd41ad5-6b36-482e-8305-bbc709668470,0.13,false,false,false,near_mint,en,false,USD,2025-10-21T01:58:40.841Z
hi,binder,Frantic Search,TDC,Tarkir: Dragonstorm Commander,153,normal,common,2,104847,a1c71f3e-16be-492a-8a3e-5911867270bd,0.54,false,false,false,near_mint,en,false,USD,2025-10-21T01:58:40.841Z
hi,binder,"Elsha, Threefold Master",TDC,Tarkir: Dragonstorm Commander,2,normal,mythic,1,104381,eee11606-5902-41d3-aec6-d6a3da01091b,1.3,false,false,false,near_mint,en,false,USD,2025-10-21T01:58:40.841Z
hi,binder,"Shiko and Narset, Unified",TDC,Tarkir: Dragonstorm Commander,7,normal,mythic,1,104298,5a42fc7d-52ac-4e95-9e04-8f8fa7f687c8,1.06,false,false,false,near_mint,en,false,USD,2025-10-21T01:58:40.841Z
hi,binder,"Veyran, Voice of Duality",TDC,Tarkir: Dragonstorm Commander,310,normal,mythic,1,104803,90197eca-271c-4047-90e0-00b2579a94f2,5.38,false,false,false,near_mint,en,false,USD,2025-10-21T01:58:40.841Z
hi,binder,Young Pyromancer,TDC,Tarkir: Dragonstorm Commander,95,normal,uncommon,1,104928,c0d74ecd-a595-4012-81b4-083264b40c94,0.18,false,false,false,near_mint,en,false,USD,2025-10-21T01:58:40.841Z
hi,binder,"Lier, Disciple of the Drowned",TDC,Tarkir: Dragonstorm Commander,157,normal,mythic,2,104908,b8b70585-e0ea-4cb4-9360-a8ab47626696,2.04,false,false,false,near_mint,en,false,USD,2025-10-21T01:58:40.841Z
hi,binder,Perilous Landscape,TDC,Tarkir: Dragonstorm Commander,383,normal,common,2,104684,61fc78e0-d0db-4ecb-a29a-f1a437d7987c,0.17,false,false,false,near_mint,en,false,USD,2025-10-21T01:58:40.841Z
hi,binder,Ghostly Prison,TDC,Tarkir: Dragonstorm Commander,116,normal,uncommon,1,104997,da3b83cb-f778-4096-9022-b1d6637354ff,5.78,false,false,false,near_mint,en,false,USD,2025-10-21T01:58:40.841Z
hi,binder,Curse of the Swine,TDC,Tarkir: Dragonstorm Commander,149,normal,rare,1,104610,4967955e-66ce-4df5-a9fa-305c3f8e2e25,0.12,false,false,false,near_mint,en,false,USD,2025-10-21T01:58:40.841Z
hi,binder,Velomachus Lorehold,TDC,Tarkir: Dragonstorm Commander,309,normal,mythic,1,104646,523d8fe6-1efd-4278-82fe-ea4517e6665c,0.21,false,false,false,near_mint,en,false,USD,2025-10-21T01:58:40.841Z
hi,binder,Goblin Electromancer,TDC,Tarkir: Dragonstorm Commander,99,normal,common,1,104923,bd9eca71-2430-4112-a23a-fba76ca2efb4,0.12,false,false,false,near_mint,en,false,USD,2025-10-21T01:58:40.841Z
hi,binder,Voracious Bibliophile,TDC,Tarkir: Dragonstorm Commander,23,normal,rare,1,104746,77d2c30b-3130-4d9d-bd3d-484fe6dc306d,0.44,false,false,false,near_mint,en,false,USD,2025-10-21T01:58:40.841Z
hi,binder,Magma Opus,TDC,Tarkir: Dragonstorm Commander,296,normal,mythic,1,104482,1e568e10-30e4-42ba-b364-f65c93f7da32,0.19,false,false,false,near_mint,en,false,USD,2025-10-21T01:58:40.841Z
hi,binder,Will of the Jeskai,TDC,Tarkir: Dragonstorm Commander,40,normal,rare,1,104972,d05bac1f-d455-4528-93b2-a94c29b5dc2c,6.23,false,false,false,near_mint,en,false,USD,2025-10-21T01:58:40.841Z
hi,binder,Compulsive Research,TDC,Tarkir: Dragonstorm Commander,147,normal,common,1,104849,a247ab59-7749-4d37-87f6-f90f44cd54f4,0.09,false,false,false,near_mint,en,false,USD,2025-10-21T01:58:40.841Z
hi,binder,Transcendent Dragon,TDC,Tarkir: Dragonstorm Commander,22,normal,rare,1,104564,3c9a4205-eda8-4858-9d46-2428058c94fc,0.71,false,false,false,near_mint,en,false,USD,2025-10-21T01:58:40.841Z
hi,binder,Adaptive Training Post,TDC,Tarkir: Dragonstorm Commander,18,normal,rare,1,104695,654a1564-0356-44ad-b1ab-8c1a556fc244,0.19,false,false,false,near_mint,en,false,USD,2025-10-21T01:58:40.841Z
hi,binder,Vanquish the Horde,TDC,Tarkir: Dragonstorm Commander,91,normal,rare,1,104880,ac6ba8a3-5f6e-4eab-af91-fd58f7ea2028,0.28,false,false,false,near_mint,en,false,USD,2025-10-21T01:58:40.841Z
hi,binder,Third Path Iconoclast,TDC,Tarkir: Dragonstorm Commander,307,normal,uncommon,1,104950,ca29f373-7051-4cbe-bda8-e711fda4f9bb,0.35,false,false,false,near_mint,en,false,USD,2025-10-21T01:58:40.841Z
hi,binder,Caldera Pyremaw,TDC,Tarkir: Dragonstorm Commander,33,normal,rare,1,105055,f5fab7a4-3612-4b79-b2f5-8a1e52ebe409,1.02,false,false,false,near_mint,en,false,USD,2025-10-21T01:58:40.841Z
hi,binder,Shivan Reef,EOC,Edge of Eternities Commander,179,normal,rare,1,107281,72bba14a-c813-49c8-bf73-f41e1bdc1099,0.35,false,false,false,near_mint,en,false,USD,2025-10-21T01:58:40.841Z
hi,binder,Baral and Kari Zev,TDC,Tarkir: Dragonstorm Commander,282,normal,rare,1,105021,e777c383-161f-4a80-acb3-2a5c9ed5e927,0.11,false,false,false,near_mint,en,false,USD,2025-10-21T01:58:40.841Z
hi,binder,Talisman of Progress,TDC,Tarkir: Dragonstorm Commander,333,normal,uncommon,1,104836,9d6a5ed4-54b3-4660-8d41-953336f2fe74,0.27,false,false,false,near_mint,en,false,USD,2025-10-21T01:58:40.841Z
hi,binder,Expressive Iteration,TDC,Tarkir: Dragonstorm Commander,288,normal,uncommon,1,104596,45e92d69-0684-4a57-8c1c-bbf742bd8a23,0.54,false,false,false,near_mint,en,false,USD,2025-10-21T01:58:40.841Z
hi,binder,Big Score,TDC,Tarkir: Dragonstorm Commander,206,normal,common,1,104927,c0b2deb2-b198-4d79-8cef-5b8a2577c992,0.74,false,false,false,near_mint,en,false,USD,2025-10-21T01:58:40.841Z
hi,binder,Haughty Djinn,TDC,Tarkir: Dragonstorm Commander,154,normal,rare,1,104795,8cabaf8a-5e19-4f26-be2b-7627b9c8e324,0.33,false,false,false,near_mint,en,false,USD,2025-10-21T01:58:40.841Z
hi,binder,Deep Analysis,TDC,Tarkir: Dragonstorm Commander,150,normal,common,3,104523,2d93b071-d303-4892-bac4-77a75eaa91a1,0.14,false,false,false,near_mint,en,false,USD,2025-10-21T01:58:40.841Z
hi,binder,Prismari Command,TDC,Tarkir: Dragonstorm Commander,299,normal,rare,1,104464,15e291f4-068a-441c-8b43-05055199aca4,0.23,false,false,false,near_mint,en,false,USD,2025-10-21T01:58:40.841Z
hi,binder,Manaform Hellkite,TDC,Tarkir: Dragonstorm Commander,224,normal,mythic,1,104824,99d9d5d3-28eb-4d76-bdd9-718c74df0fbf,0.22,false,false,false,near_mint,en,false,USD,2025-10-21T01:58:40.841Z
hi,binder,Guttersnipe,TDC,Tarkir: Dragonstorm Commander,217,normal,uncommon,1,105072,fd5be605-c7c3-4c0b-a68e-65452b27d3ce,0.19,false,false,false,near_mint,en,false,USD,2025-10-21T01:58:40.841Z
hi,binder,Whirlwind of Thought,TDC,Tarkir: Dragonstorm Commander,311,normal,rare,1,104703,67d032f9-4faf-42eb-86ba-3fadfea84a27,0.32,false,false,false,near_mint,en,false,USD,2025-10-21T01:58:40.841Z
hi,binder,Expansion // Explosion,TDC,Tarkir: Dragonstorm Commander,287,normal,rare,1,104697,65c091fa-00a8-4f20-8148-46db3fc3c67d,0.22,false,false,false,near_mint,en,false,USD,2025-10-21T01:58:40.841Z
hi,binder,Baral's Expertise,TDC,Tarkir: Dragonstorm Commander,146,normal,rare,1,104986,d5beecd5-4267-454d-87db-24d476e1f352,0.11,false,false,false,near_mint,en,false,USD,2025-10-21T01:58:40.841Z
hi,binder,Irrigated Farmland,EOC,Edge of Eternities Commander,162,normal,rare,1,107261,3cbc4f0a-6735-461c-ae7a-3c2ce342c4da,0.13,false,false,false,near_mint,en,false,USD,2025-10-21T01:58:40.841Z
hi,binder,"Mangara, the Diplomat",TDC,Tarkir: Dragonstorm Commander,124,normal,rare,1,104594,452b735c-791f-4843-9390-8803154cde62,0.77,false,false,false,near_mint,en,false,USD,2025-10-21T01:58:40.841Z
hi,binder,Aligned Heart,TDC,Tarkir: Dragonstorm Commander,12,normal,rare,1,104848,a235cbda-3dc3-4aed-a911-90f26c330157,0.38,false,false,false,near_mint,en,false,USD,2025-10-21T01:58:40.841Z
hi,binder,Prairie Stream,TDC,Tarkir: Dragonstorm Commander,384,normal,rare,1,105067,fa0af5ea-e9e1-4247-bde2-759c2653fc00,0.15,false,false,false,near_mint,en,false,USD,2025-10-21T01:58:40.841Z
hi,binder,Ancestral Vision,TDC,Tarkir: Dragonstorm Commander,144,normal,rare,1,104839,9ec075ba-db56-4dcf-b1dc-fe6270b7ab36,0.4,false,false,false,near_mint,en,false,USD,2025-10-21T01:58:40.841Z
hi,binder,Monastery Mentor,TDC,Tarkir: Dragonstorm Commander,125,normal,mythic,1,104495,2343e69d-f30e-4826-953c-fbf31c6079e6,0.7,false,false,false,near_mint,en,false,USD,2025-10-21T01:58:40.841Z
hi,binder,Archmage Emeritus,TDC,Tarkir: Dragonstorm Commander,145,normal,rare,1,104687,62f20d75-cfe5-427b-92d3-35c7e77db0d5,0.89,false,false,false,near_mint,en,false,USD,2025-10-21T01:58:40.841Z
hi,binder,Sublime Epiphany,TDC,Tarkir: Dragonstorm Commander,167,normal,rare,1,104450,0f7d3839-0bc3-402b-b9ea-c903f82d39da,0.15,false,false,false,near_mint,en,false,USD,2025-10-21T01:58:40.841Z
hi,binder,Transforming Flourish,TDC,Tarkir: Dragonstorm Commander,39,normal,rare,1,104805,914fdddb-cf66-4631-94e7-ce682a99fcf8,0.17,false,false,false,near_mint,en,false,USD,2025-10-21T01:58:40.841Z
hi,binder,Plains,TDM,Tarkir: Dragonstorm,278,normal,common,2,104350,b8c391f2-b340-43c7-89e6-afac5b70491f,0.09,false,false,false,near_mint,en,false,USD,2025-10-21T01:58:40.841Z
hi,binder,Plains,TDM,Tarkir: Dragonstorm,277,normal,common,2,104245,12cff32a-a365-43ee-a196-8ce32b3bb9fd,0.07,false,false,false,near_mint,en,false,USD,2025-10-21T01:58:40.841Z
hi,binder,Mountain,TDM,Tarkir: Dragonstorm,283,normal,common,3,104355,bfa10a88-12e0-4b79-80bb-6f4620277e20,0.07,false,false,false,near_mint,en,false,USD,2025-10-21T01:58:40.841Z
hi,binder,Island,TDM,Tarkir: Dragonstorm,279,normal,common,3,104252,1ff6acc9-581c-468f-894d-41f725da7f33,0.08,false,false,false,near_mint,en,false,USD,2025-10-21T01:58:40.841Z
hi,binder,Mountain,TDM,Tarkir: Dragonstorm,284,normal,common,2,104274,3df7c206-97b6-49d7-ba01-7a35fd8c61d9,0.07,false,false,false,near_mint,en,false,USD,2025-10-21T01:58:40.841Z
hi,binder,Island,TDM,Tarkir: Dragonstorm,280,normal,common,2,104247,15be7923-6efc-4650-b8d1-f61cb33ef81d,0.08,false,false,false,near_mint,en,false,USD,2025-10-21T01:58:40.841Z
hi,binder,Angler Turtle,CLB,Commander Legends: Battle for Baldur's Gate,713,normal,rare,1,69605,9c8d57fc-9695-45df-8b88-0048330608bd,0.18,false,false,false,near_mint,en,false,USD,2025-10-21T02:24:31.701Z
hi,binder,Thunderclap Wyvern,KHC,Kaldheim Commander,94,normal,uncommon,1,57239,7fc3c21f-99d5-48dc-b36e-8db597da44bf,0.28,false,false,false,near_mint,en,false,USD,2025-10-21T02:24:31.701Z
hi,binder,Sphinx's Revelation,RVR,Ravnica Remastered,228,normal,rare,1,89686,5579d2d6-b34b-44a2-8b72-9f18938a18a0,0.83,false,false,false,near_mint,en,false,USD,2025-10-21T02:24:31.701Z
hi,binder,Archon of Redemption,WWK,Worldwake,3,normal,rare,1,22188,1f7dfcf6-c41b-48d6-a3b4-4b4a7bed82eb,0.25,false,false,false,near_mint,en,false,USD,2025-10-21T02:24:31.701Z
hi,binder,Sphinx of Enlightenment,BLC,Bloomburrow Commander,175,normal,mythic,1,96242,3307e9c8-c4c1-480c-94a1-78332eaaac14,0.1,false,false,false,near_mint,en,false,USD,2025-10-21T02:24:31.701Z
hi,binder,Skycat Sovereign,IKO,Ikoria: Lair of Behemoths,207,normal,rare,1,49870,6209dbfd-b765-44c5-b3ad-94f6e0705926,0.23,false,false,false,near_mint,en,false,USD,2025-10-21T02:24:31.701Z
hi,binder,Soul Snare,MH2,Modern Horizons 2,266,normal,uncommon,1,59581,5da64eec-d8a9-4156-9d26-56f81e1ffc44,0.06,false,false,false,near_mint,en,false,USD,2025-10-21T02:24:31.701Z
hi,binder,Gravitational Shift,ROE,Rise of the Eldrazi,69,normal,rare,1,21898,bad32b9f-0aa4-4036-90e6-c087cffd52e7,1.33,false,false,false,near_mint,en,false,USD,2025-10-21T02:24:31.701Z
hi,binder,Bident of Thassa,M3C,Modern Horizons 3 Commander,177,normal,rare,1,94759,723fbd4f-3243-4d93-a563-180c3ae47d4d,0.33,false,false,false,near_mint,en,false,USD,2025-10-21T02:24:31.701Z
hi,binder,Diluvian Primordial,OTC,Outlaws of Thunder Junction Commander,96,normal,rare,1,93916,eb14cd77-d37e-4849-816f-cd36e2a37765,0.28,false,false,false,near_mint,en,false,USD,2025-10-21T02:24:31.701Z
hi,binder,Counterspell,DSC,Duskmourn: House of Horror Commander,114,normal,uncommon,2,99147,4f616706-ec97-4923-bb1e-11a69fbaa1f8,2.01,false,false,false,near_mint,en,false,USD,2025-10-21T02:24:31.701Z
hi,binder,Remorseful Cleric,VOC,Crimson Vow Commander,97,normal,rare,1,64650,defa1a8f-8a4d-45fc-90fb-8378b844dfdb,0.21,false,false,false,near_mint,en,false,USD,2025-10-21T02:24:31.701Z
hi,binder,Sharding Sphinx,MOC,March of the Machine Commander,235,normal,rare,1,81547,1d93d905-cc36-4a78-b07c-07f8bbf39a47,0.25,false,false,false,near_mint,en,false,USD,2025-10-21T02:24:31.701Z
hi,binder,Empyrean Eagle,FDN,Foundations,239,normal,uncommon,1,100533,577e99a7-4a55-4314-8f08-2ae0c33b85c7,0.1,false,false,false,near_mint,en,false,USD,2025-10-21T02:24:31.701Z
hi,binder,Aven Gagglemaster,M21,Core Set 2021,5,normal,uncommon,1,50986,c5b57247-81cc-44ec-b5a9-0702111a98a8,0.09,false,false,false,near_mint,en,false,USD,2025-10-21T02:24:31.701Z
hi,binder,Rally of Wings,WAR,War of the Spark,27,normal,uncommon,1,44377,f043642d-35fe-4ea9-a1d3-78ddfdddeaf4,0.16,false,false,false,near_mint,en,false,USD,2025-10-21T02:24:31.701Z
hi,binder,Absorb,DMR,Dominaria Remastered,186,normal,rare,1,77825,21892cbc-1af2-4ea1-8907-cec514b53004,0.35,false,false,false,near_mint,en,false,USD,2025-10-21T02:24:31.701Z
hi,binder,Migratory Route,MOC,March of the Machine Commander,336,normal,uncommon,1,82027,e8c8f35e-faa8-4537-b320-c84ebe8e71e4,0.15,false,false,false,near_mint,en,false,USD,2025-10-21T02:24:31.701Z
hi,binder,Sejiri Refuge,KHC,Kaldheim Commander,118,normal,uncommon,1,57254,b474bfdd-e0b2-4b96-b8eb-84ced9ac5a06,0.35,false,false,false,near_mint,en,false,USD,2025-10-21T02:24:31.701Z
hi,binder,Skyscanner,M21,Core Set 2021,238,normal,common,1,50994,cab69fbd-0179-4b02-adba-71d2a0eeea5c,0.07,false,false,false,near_mint,en,false,USD,2025-10-21T02:24:31.701Z
hi,binder,Inspired Sphinx,KHC,Kaldheim Commander,40,normal,mythic,1,56954,7f58d798-9b99-45a9-9015-f689145018a8,0.3,false,false,false,near_mint,en,false,USD,2025-10-21T02:24:31.701Z
hi,binder,Windreader Sphinx,M19,Core Set 2019,84,normal,rare,1,1228,a5964daa-2f9e-4a4b-a091-91e7adc3e9c3,0.22,false,false,false,near_mint,en,false,USD,2025-10-21T02:24:31.701Z
hi,binder,Commander's Sphere,DRC,Aetherdrift Commander,125,normal,common,1,102989,3adcc4c3-9305-4394-a64f-fd0fa107cbf9,0.2,false,false,false,near_mint,en,false,USD,2025-10-21T02:24:31.701Z
hi,binder,Cartographer's Hawk,CMM,Commander Masters,18,normal,uncommon,1,84070,12d0b07f-9823-45b7-89bb-0a2a71833d46,0.11,false,false,false,near_mint,en,false,USD,2025-10-21T02:24:31.701Z
hi,binder,Crush Contraband,NEC,Neon Dynasty Commander,82,normal,uncommon,1,66971,08c5cdbe-2142-4ddc-b9b5-35ca60eb9970,0.14,false,false,false,near_mint,en,false,USD,2025-10-21T02:24:31.701Z
hi,binder,Jubilant Skybonder,IKO,Ikoria: Lair of Behemoths,223,normal,uncommon,1,49854,7f8f2d69-fba9-40e5-8ef7-75e14ef4070a,0.12,false,false,false,near_mint,en,false,USD,2025-10-21T02:24:31.701Z
hi,binder,Negate,M20,Core Set 2020,69,normal,common,1,45392,33b83158-78b4-425e-8379-be3ef038295c,0.12,false,false,false,near_mint,en,false,USD,2025-10-21T02:24:31.701Z
hi,binder,Moorland Haunt,VOC,Crimson Vow Commander,175,normal,rare,1,64569,74deeeaa-95e9-42c9-89e3-e317ea63e216,0.14,false,false,false,near_mint,en,false,USD,2025-10-21T02:24:31.701Z
hi,binder,Condemn,RVR,Ravnica Remastered,14,normal,uncommon,1,89549,0c93201b-7664-4bfd-a462-f1c684ebedf6,0.13,false,false,false,near_mint,en,false,USD,2025-10-21T02:24:31.701Z
hi,binder,Aetherize,ZNC,Zendikar Rising Commander,23,normal,uncommon,1,55443,a022eacd-1cdd-42d7-8a4c-88e8a6527144,0.29,false,false,false,near_mint,en,false,USD,2025-10-21T02:24:31.701Z
hi,binder,Cleansing Nova,CMM,Commander Masters,817,normal,rare,1,84092,167d2e51-eb69-488c-a6b6-042a7b0e1744,2.29,false,false,false,near_mint,en,false,USD,2025-10-21T02:24:31.701Z
hi,binder,Tranquil Cove,NEO,Kamigawa: Neon Dynasty,280,normal,common,1,66885,68f822b7-efc5-42c8-93ea-7dd17b4c3e7a,0.06,false,false,false,near_mint,en,false,USD,2025-10-21T02:24:31.701Z
hi,binder,Kangee's Lieutenant,CMR,Commander Legends,26,normal,uncommon,1,55809,a0f431b3-6f4e-40a5-b9d1-f2c67b70544d,0.09,false,false,false,near_mint,en,false,USD,2025-10-21T02:24:31.701Z
hi,binder,Hedron Archive,BLC,Bloomburrow Commander,275,normal,uncommon,1,96206,228ce785-033c-4973-89c7-4616a5b9c9d2,0.16,false,false,false,near_mint,en,false,USD,2025-10-21T02:24:31.701Z
hi,binder,"Kangee, Sky Warden",CMR,Commander Legends,283,normal,uncommon,1,55797,99988f41-99b4-4423-be5f-9dc4ec7d813b,0.2,false,false,false,near_mint,en,false,USD,2025-10-21T02:24:31.701Z
hi,binder,Gideon Jura,CMM,Commander Masters,822,normal,mythic,1,84928,d608df31-bcc6-4fec-89f1-5cefe5c2ec99,0.21,false,false,false,near_mint,en,false,USD,2025-10-21T02:24:31.701Z
hi,binder,Pilgrim's Eye,CMM,Commander Masters,402,normal,common,1,84319,48bfc25b-f73c-431c-b173-adcd65c5d491,0.09,false,false,false,near_mint,en,false,USD,2025-10-21T02:24:31.701Z
hi,binder,Banishing Light,FDN,Foundations,138,normal,common,1,101613,e38dc3b3-1629-491b-8afd-0e7a9a857713,0.05,false,false,false,near_mint,en,false,USD,2025-10-21T02:24:31.701Z
hi,binder,Meandering River,KHC,Kaldheim Commander,114,normal,common,1,57276,e283db9e-6a51-4b28-9f6c-0c040a9d6d8c,0.08,false,false,false,near_mint,en,false,USD,2025-10-21T02:24:31.701Z
hi,binder,Storm Herd,KHC,Kaldheim Commander,33,normal,rare,1,57200,2345331c-a14f-4b4b-a9a4-88c5beb48242,0.46,false,false,false,near_mint,en,false,USD,2025-10-21T02:24:31.701Z
hi,binder,"Isperia, Supreme Judge",SCD,Starter Commander Decks,4,etched,mythic,1,74576,de3278de-a045-4290-b05f-3b19e7055091,0.3,false,false,false,near_mint,en,false,USD,2025-10-21T02:24:31.701Z
hi,binder,Sky Diamond,VOC,Crimson Vow Commander,167,normal,common,1,64498,115d7ea5-9e15-4b0f-83ce-e99228b49cd3,0.24,false,false,false,near_mint,en,false,USD,2025-10-21T02:24:31.701Z
hi,binder,Coastal Tower,8ED,Eighth Edition,323,normal,uncommon,1,30213,9513c206-b578-4973-93cc-077e5a6658b0,0.33,false,false,false,near_mint,en,false,USD,2025-10-21T02:24:31.701Z
hi,binder,Plains,CMM,Commander Masters,787,normal,common,7,84377,54b1c00c-c292-44c7-a6c9-0dcdb00581aa,0.14,false,false,false,near_mint,en,false,USD,2025-10-21T02:24:31.701Z
hi,binder,Island,CMM,Commander Masters,790,normal,common,7,83992,03438868-e177-46af-9ae8-edc4a991f18c,0.13,false,false,false,near_mint,en,false,USD,2025-10-21T02:24:31.701Z
hi,binder,Island,CLU,Ravnica: Clue Edition,258,normal,common,8,90788,373b4f66-a815-413e-9b9b-663b3a49d3eb,0.1,false,false,false,near_mint,en,false,USD,2025-10-21T02:24:31.701Z
hi,binder,Plains,CLU,Ravnica: Clue Edition,254,normal,common,8,90980,785c94fe-1c75-46d9-a59a-2d84ac531e7d,0.11,false,false,false,near_mint,en,false,USD,2025-10-21T02:24:31.701Z
hi,binder,Ajani's Pridemate,FDN,Foundations,293,normal,uncommon,1,101180,d4cfb9bc-4273-4e5f-a7ac-2006a8345a4e,0.22,false,false,false,near_mint,en,false,USD,2025-10-21T02:56:21.291Z
hi,binder,Archmage's Charm,OTP,Breaking News,8,normal,rare,1,93143,44fe86de-c131-41b2-a06a-827b4d374a6d,0.56,false,false,false,near_mint,en,false,USD,2025-10-21T02:56:21.291Z
hi,binder,Artisan's Sorrow,THS,Theros,151,normal,uncommon,1,15513,b4f38f7e-2369-48c9-9121-4b13c29ea869,0.05,false,false,false,near_mint,en,false,USD,2025-10-21T02:56:21.291Z
hi,binder,Disenchant,TMP,Tempest,16,normal,common,1,36983,8a65e678-dcb9-4c6c-9a30-8332030dead6,0.16,false,false,false,near_mint,en,false,USD,2025-10-21T02:56:21.291Z
hi,binder,Forest,FIN,Final Fantasy,306,normal,common,1,105707,be72862d-d71e-4b18-98a6-59019399f631,0.28,false,false,false,near_mint,en,false,USD,2025-10-21T02:56:21.291Z
hi,binder,Forest,FIN,Final Fantasy,308,normal,common,1,105710,c52038c8-5bba-4d8e-845f-30af44300acc,0.21,false,false,false,near_mint,en,false,USD,2025-10-21T02:56:21.291Z
hi,binder,Forest,FDN,Foundations,291,normal,common,1,100169,117ab60a-b888-4585-b0c6-769d387069f7,0.46,false,false,false,near_mint,en,false,USD,2025-10-21T02:56:21.291Z
hi,binder,Forest,ACR,Assassin's Creed,109,normal,common,1,95472,b8a081ef-a2d4-4989-8b06-721f8b2c9798,0.25,false,false,false,near_mint,en,false,USD,2025-10-21T02:56:21.291Z
hi,binder,Forest,PIP,Fallout,326,normal,common,1,92063,3a1e5ef3-790d-4f45-a264-157448bab2e8,0.2,false,false,false,near_mint,en,false,USD,2025-10-21T02:56:21.291Z
hi,binder,Forest,DMR,Dominaria Remastered,411,normal,common,2,78174,eae0bd2b-6875-4823-b596-f5c7c0a0809e,0.23,false,false,false,near_mint,en,false,USD,2025-10-21T02:56:21.291Z
hi,binder,Forest,DMU,Dominaria United,281,normal,common,1,71826,e8e9959a-b422-4906-8d35-8b05c5dd6de1,1.0,false,false,false,near_mint,en,false,USD,2025-10-21T02:56:21.291Z
hi,binder,Forest,SNC,Streets of New Capenna,280,normal,common,2,68002,c726424a-3336-4e15-9055-4a26371df361,0.32,false,false,false,near_mint,en,false,USD,2025-10-21T02:56:21.291Z
hi,binder,Forest,NEO,Kamigawa: Neon Dynasty,301,normal,common,1,66490,acc778ae-a2d0-493f-963d-e946bd7cacd9,1.52,false,false,false,near_mint,en,false,USD,2025-10-21T02:56:21.291Z
hi,binder,Forest,VOW,Innistrad: Crimson Vow,276,normal,common,2,64445,e4c83b60-3d49-4fdc-a6b7-06d1a0c4a126,0.3,false,false,false,near_mint,en,false,USD,2025-10-21T02:56:21.291Z
hi,binder,Forest,ZNR,Zendikar Rising,279,normal,common,1,54460,184a9654-ce17-4378-b52b-fb6efbbf042f,0.18,false,false,false,near_mint,en,false,USD,2025-10-21T02:56:21.291Z
hi,binder,Forest,THB,Theros Beyond Death,254,normal,common,1,46808,32af9f41-89e2-4e7a-9fec-fffe79cae077,0.95,false,false,false,near_mint,en,false,USD,2025-10-21T02:56:21.291Z
hi,binder,Forest,AKH,Amonkhet,254,normal,common,1,5431,2c2fc9f7-21af-4416-abf5-6fcb4f543680,0.17,false,false,false,near_mint,en,false,USD,2025-10-21T02:56:21.291Z
hi,binder,Forest,BFZ,Battle for Zendikar,273,normal,common,1,10055,3f7f206a-7b5e-4fd5-8c9e-d665ac3f7dea,0.21,false,false,false,near_mint,en,false,USD,2025-10-21T02:56:21.291Z
hi,binder,Forest,9ED,Ninth Edition,350,normal,common,1,28013,e797e006-7379-45c2-a4b7-d0ef133379df,0.29,false,false,false,near_mint,en,false,USD,2025-10-21T02:56:21.291Z
hi,binder,Honor,EOE,Edge of Eternities,21,normal,uncommon,1,107551,d0b4e925-1d59-41a1-bc06-9982695d778f,0.15,false,false,false,near_mint,en,false,USD,2025-10-21T02:56:21.291Z
hi,binder,"Kemba, Kha Enduring",ONE,Phyrexia: All Will Be One,330,normal,rare,1,78426,192ccc7f-ffb1-4f78-8cf0-a220df612be7,0.22,false,false,false,near_mint,en,false,USD,2025-10-21T02:56:21.291Z
hi,binder,Natural End,M20,Core Set 2020,183,normal,common,1,45278,84dcd314-f4d2-461e-a66e-7b1d8f141879,0.04,false,false,false,near_mint,en,false,USD,2025-10-21T02:56:21.291Z
hi,binder,Plains,DFT,Aetherdrift,279,normal,common,1,102381,a1cf2f81-3041-4349-9b37-f215c4e38c5b,0.09,false,false,false,near_mint,en,false,USD,2025-10-21T02:56:21.291Z
hi,binder,Plains,BLB,Bloomburrow,263,normal,common,2,95815,ab53b300-38b2-436c-834c-b0162dd3b757,0.4,false,false,false,near_mint,en,false,USD,2025-10-21T02:56:21.291Z
hi,binder,Plains,WOE,Wilds of Eldraine,262,normal,common,2,85720,c9cd4d57-8c51-4fcf-8a9f-5d6a61c33e3d,0.26,false,false,false,near_mint,en,false,USD,2025-10-21T02:56:21.291Z
hi,binder,Plains,NEO,Kamigawa: Neon Dynasty,294,normal,common,1,66488,7a76d8ee-28fc-49ac-951c-a4d29822f91e,1.96,false,false,false,near_mint,en,false,USD,2025-10-21T02:56:21.291Z
hi,binder,Plains,MID,Innistrad: Midnight Hunt,269,normal,common,1,63258,5acefadb-8b2f-4319-a5e9-1e8fd9ef3086,0.22,false,false,false,near_mint,en,false,USD,2025-10-21T02:56:21.291Z
hi,binder,Plains,M21,Core Set 2021,262,normal,common,1,50888,8a299a1e-1ce9-4668-a5f5-c587081acf6b,0.09,false,false,false,near_mint,en,false,USD,2025-10-21T02:56:21.291Z
hi,binder,Plains,THB,Theros Beyond Death,250,normal,common,1,46812,a9891b7b-fc52-470c-9f74-292ae665f378,0.91,false,false,false,near_mint,en,false,USD,2025-10-21T02:56:21.291Z
hi,binder,Plains,OTJ,Outlaws of Thunder Junction,277,normal,common,3,93687,6f501773-1b39-4a4c-9b45-a950385c9e82,0.07,false,false,false,near_mint,en,false,USD,2025-10-19T20:27:19.452Z
hi,binder,Plains,ORI,Magic Origins,256,normal,common,4,10686,ed4f7329-9c72-4369-8b66-2a89423e957d,0.07,false,false,false,near_mint,en,false,USD,2025-10-19T20:27:19.452Z
hi,binder,Plains,J22,Jumpstart 2022,100,normal,common,2,76572,9d4b8bde-412b-4d12-b296-7364c95e0510,0.12,false,false,false,near_mint,en,false,USD,2025-10-19T20:27:19.452Z
hi,binder,Plains,CMM,Commander Masters,437,normal,common,3,84416,614c9269-77c6-4cef-a987-8ef4c14fcebc,0.27,false,false,false,near_mint,en,false,USD,2025-10-19T20:27:19.452Z
hi,binder,Needletooth Pack,FDN,Foundations,108,normal,uncommon,1,100868,993c1679-e02b-44f2-b34e-12fd6b5142e9,0.06,false,false,false,near_mint,en,false,USD,2025-10-21T00:41:40.879Z
hi,binder,Felidar Savior,FDN,Foundations,12,normal,common,2,97191,cd092b14-d72f-4de0-8f19-1338661b9e3b,0.14,false,false,false,near_mint,en,false,USD,2025-10-21T00:41:40.879Z
hi,binder,Krosan Tusker,CMM,Commander Masters,302,normal,common,1,84023,0a368f72-cc88-4f32-aad4-22d92c4d032d,0.05,false,false,false,near_mint,en,false,USD,2025-10-21T01:01:22.308Z
hi,binder,Plains,EOE,Edge of Eternities,262,normal,common,2,106773,089ae01b-e042-4255-b0ee-17d8f416a8d9,1.03,false,false,false,near_mint,en,false,USD,2025-10-21T01:19:59.120Z
hi,binder,Forest,EOE,Edge of Eternities,266,normal,common,3,106786,8335b9f1-e726-423b-8ba7-6151448ab3fd,0.85,false,false,false,near_mint,en,false,USD,2025-10-21T01:19:59.120Z
hi,binder,Plains,ONE,Phyrexia: All Will Be One,262,normal,common,4,78226,50958c6e-9555-42ad-9bb3-2da9faa5cb52,0.25,false,false,false,near_mint,en,false,USD,2025-10-21T01:19:59.120Z
hi,binder,Forest,LCI,The Lost Caverns of Ixalan,291,normal,common,4,86327,8c13cafb-3078-4856-a5b0-c38aace8a34a,0.65,false,false,false,near_mint,en,false,USD,2025-10-21T01:19:59.120Z
hi,binder,Territorial Scythecat,ZNR,Zendikar Rising,310,normal,common,1,54756,cf4a4aba-3391-4259-9a5f-a163a45d943c,0.1,false,false,false,near_mint,en,false,USD,2025-10-21T01:33:58.014Z
hi,binder,Naturalize,M19,Core Set 2019,190,normal,common,1,1122,390c40ba-2464-44ae-8d67-93c72ab3c425,0.11,false,false,false,near_mint,en,false,USD,2025-10-21T01:33:58.014Z
hi,binder,Time to Feed,DDO,Duel Decks: Elspeth vs. Kiora,50,normal,common,1,11880,32561f72-bb4d-44b2-9c90-9d1041cf3699,0.15,false,false,false,near_mint,en,false,USD,2025-10-21T01:33:58.014Z
hi,binder,Warriors' Lesson,THS,Theros,184,normal,uncommon,1,15480,63f7e81a-6f9e-4cad-a911-fba7a431cd55,0.06,false,false,false,near_mint,en,false,USD,2025-10-21T01:33:58.014Z
hi,binder,Prowling Felidar,ZNR,Zendikar Rising,294,normal,common,2,54799,e8df0aed-dd2b-4f1e-8dfe-aec07462b1e1,0.12,false,false,false,near_mint,en,false,USD,2025-10-21T01:43:20.175Z
hi,binder,Dismantling Wave,TDC,Tarkir: Dragonstorm Commander,112,normal,rare,1,104844,a06bc946-8625-4a87-8695-ecf236df95bc,0.38,false,false,false,near_mint,en,false,USD,2025-10-21T01:58:40.841Z
hi,binder,Defiant Strike,STA,Strixhaven Mystical Archive,66,normal,uncommon,1,58425,447c7d1e-8bf9-4558-9480-6f0423f36b81,0.4,false,false,false,near_mint,en,false,USD,2025-10-21T20:40:24.067Z
hi,binder,Tegwyll's Scouring,WOC,Wilds of Eldraine Commander,16,normal,rare,1,85555,8c50b2f9-036d-424c-9661-5cb56b8cddfd,0.55,false,false,false,near_mint,en,false,USD,2025-10-21T20:42:19.642Z
hi,binder,Spellscorn Coven // Take It Back,WOE,Wilds of Eldraine,237,normal,uncommon,1,85554,8c112f62-6034-4636-a75b-4a45bc916a91,0.04,false,false,false,near_mint,en,false,USD,2025-10-21T20:42:19.642Z
hi,binder,Barrow Naughty,WOE,Wilds of Eldraine,81,normal,common,1,85464,67da5ad8-4de2-4bd4-8b95-f2657e1fdee5,0.03,false,false,false,near_mint,en,false,USD,2025-10-21T20:42:19.642Z
hi,binder,Faerie Snoop,MKM,Murders at Karlov Manor,203,normal,common,2,90707,20267dab-8898-4b44-8ef4-8a239967662c,0.1,false,false,false,near_mint,en,false,USD,2025-10-21T20:42:19.642Z
hi,binder,Nightshade Schemers,MOR,Morningtide,69,normal,uncommon,1,24956,af9a61cd-3a26-4142-83ce-9c41cdb16eb4,0.29,false,false,false,near_mint,en,false,USD,2025-10-21T20:42:19.642Z
hi,binder,Thieving Sprite,MMA,Modern Masters,101,normal,common,1,16208,244d864d-fc74-4147-aca6-d0498691b1a9,0.16,false,false,false,near_mint,en,false,USD,2025-10-21T20:42:19.642Z
hi,binder,Dreamspoiler Witches,MMA,Modern Masters,81,normal,common,1,16228,0e893376-f82b-49b5-b641-85d2458ae261,0.12,false,false,false,near_mint,en,false,USD,2025-10-21T20:42:19.642Z
hi,binder,Flitting Guerrilla,MOM,March of the Machine,105,normal,common,1,81407,9184bc57-0a16-4abf-a13a-6a03a175c28a,0.04,false,false,false,near_mint,en,false,USD,2025-10-21T20:42:19.642Z
hi,binder,Nightshade Stinger,LRW,Lorwyn,132,normal,common,1,25310,aa341824-bf3a-49ce-a8a0-ee53f537d626,0.16,false,false,false,near_mint,en,false,USD,2025-10-21T20:42:19.642Z
hi,binder,Nectar Faerie,LRW,Lorwyn,130,normal,uncommon,1,25312,d943b877-805d-4bc8-a3ae-abec00fa51a6,0.37,false,false,false,near_mint,en,false,USD,2025-10-21T20:42:19.642Z
hi,binder,Oona's Prowler,2X2,Double Masters 2022,85,normal,rare,1,70508,cd79780e-ddad-4ef4-a94d-ab191d118882,0.17,false,false,false,near_mint,en,false,USD,2025-10-21T20:42:19.642Z
hi,binder,"Wydwen, the Biting Gale",C20,Commander 2020,235,normal,rare,1,50183,62b8f8e9-a2b0-41c5-9fae-340f7caaeff9,0.2,false,false,false,near_mint,en,false,USD,2025-10-21T20:42:19.642Z
hi,binder,Puppeteer Clique,WOC,Wilds of Eldraine Commander,115,normal,rare,1,85715,c69c4c50-728d-4dc0-bd0c-282e178d0efa,0.49,false,false,false,near_mint,en,false,USD,2025-10-21T20:42:19.642Z
hi,binder,Feywild Visitor,CLB,Commander Legends: Battle for Baldur's Gate,70,normal,uncommon,1,69145,88e833a9-d82f-4942-a488-67d9c02817db,0.12,false,false,false,near_mint,en,false,USD,2025-10-21T20:42:19.642Z
hi,binder,Faerie Rogue,TWOC,Wilds of Eldraine Commander Tokens,11,normal,common,3,85192,d680c3f1-a3c0-4f38-8958-2402612c8dd1,0.22,false,false,false,near_mint,en,false,USD,2025-10-21T20:42:19.642Z
hi,binder,Faebloom Trick,FDN,Foundations,38,normal,uncommon,1,100148,0c3bee8f-f5be-4404-a696-c902637799c3,0.17,false,false,false,near_mint,en,false,USD,2025-10-21T20:42:19.642Z
hi,binder,Peppersmoke,MMA,Modern Masters,92,normal,common,2,16217,57f45251-e71e-4601-9b51-dbc08ab036c2,0.16,false,false,false,near_mint,en,false,USD,2025-10-21T20:42:19.642Z
hi,binder,Elemental,TEOC,Edge of Eternities Commander Tokens,7,normal,common,4,106947,0b0229d7-8635-4509-b141-12787af32855,,false,false,false,near_mint,en,false,USD,2025-10-21T20:42:19.642Z
hi,binder,Cat,TFDN,Foundations Tokens,1,normal,common,4,101490,2885d54c-9fb2-4f01-8937-54f8ac1ce5bc,,false,false,false,near_mint,en,false,USD,2025-10-21T20:42:19.642Z
hi,binder,"Nymris, Oona's Trickster",CMR,Commander Legends,608,etched,rare,1,55685,53f46923-2ffe-4bf8-8f19-ed3b60665426,0.42,false,false,false,near_mint,en,false,USD,2025-10-26T06:18:00.714Z
hi,binder,Glen Elendra Pranksters,LRW,Lorwyn,67,normal,uncommon,1,25375,2a71800f-3e67-4cfb-a3b1-8c073a91b909,0.25,false,false,false,near_mint,en,false,USD,2025-10-27T00:56:04.422Z
hi,binder,Unfathomable Truths,MH3,Modern Horizons 3,77,normal,common,2,94896,f95b8eb1-4dbb-4bb9-aa31-b7a12e3b4618,0.03,false,false,false,near_mint,en,false,USD,2025-10-19T20:06:17.348Z
hi,binder,Swamp,DFT,Aetherdrift,274,normal,common,1,103330,e969e168-e74c-4608-9fa0-a5660bf7fa02,0.25,false,false,false,near_mint,en,false,USD,2025-11-02T21:04:21.794Z
hi,binder,Island,BLB,Bloomburrow,266,normal,common,1,95743,106a5332-0104-4ec9-9e1f-806381ae4cad,0.24,false,false,false,near_mint,en,false,USD,2025-11-02T21:04:21.794Z
hi,binder,Island,BLB,Bloomburrow,268,normal,common,1,95772,408eb23f-13fa-4f98-b316-18e3057f9136,0.23,false,false,false,near_mint,en,false,USD,2025-11-02T21:04:21.794Z
hi,binder,Peregrine Drake,DMR,Dominaria Remastered,65,normal,common,3,77937,611c8fa2-b53f-483b-9efa-759ac59dc30f,0.24,false,false,false,near_mint,en,false,USD,2025-11-02T21:04:21.794Z
hi,binder,Island,DMU,Dominaria United,278,normal,common,1,71819,e67477a4-6878-4356-8037-807f41590ad1,1.19,false,false,false,near_mint,en,false,USD,2025-11-02T21:04:21.794Z
hi,binder,Swamp,DMU,Dominaria United,279,normal,common,1,71852,f1b8c9a6-62eb-436e-9277-e2b8075d482d,1.48,false,false,false,near_mint,en,false,USD,2025-11-02T21:04:21.794Z
hi,binder,Island,DSK,Duskmourn: House of Horror,273,normal,common,4,95595,40e3bf00-84cc-498c-b214-1052b4904d92,0.4,false,false,false,near_mint,en,false,USD,2025-11-02T21:04:21.794Z
hi,binder,Island,FIN,Final Fantasy,298,normal,common,2,105751,eeecf096-87dd-4dcb-953f-700445bf3f3a,0.27,false,false,false,near_mint,en,false,USD,2025-11-02T21:04:21.794Z
hi,binder,Island,FIN,Final Fantasy,299,normal,common,3,105587,347e00db-abcf-4053-aa27-4a5b42e1da55,0.18,false,false,false,near_mint,en,false,USD,2025-11-02T21:04:21.794Z
hi,binder,Swamp,FIN,Final Fantasy,300,normal,common,2,105758,f66094ef-059b-4511-aa6e-835906736de4,0.3,false,false,false,near_mint,en,false,USD,2025-11-02T21:04:21.794Z
hi,binder,Swamp,FIN,Final Fantasy,301,normal,common,3,105684,a7f56d20-16dc-4b7f-98bf-124817a83bae,0.21,false,false,false,near_mint,en,false,USD,2025-11-02T21:04:21.794Z
hi,binder,Swamp,FIN,Final Fantasy,302,normal,common,3,105546,08ec1e4f-e284-4216-a022-bd94c4dae02b,0.2,false,false,false,near_mint,en,false,USD,2025-11-02T21:04:21.794Z
hi,binder,Swamp,OTJ,Outlaws of Thunder Junction,274,normal,common,1,91801,3b383b16-8128-4d9e-a0d0-9b8ccc9ad6df,0.32,false,false,false,near_mint,en,false,USD,2025-11-02T21:04:21.794Z
hi,binder,Island,SNC,Streets of New Capenna,275,normal,common,1,67775,5aaba7cd-c1dc-49cf-8d63-8bb3594a6541,0.16,false,false,false,near_mint,en,false,USD,2025-11-02T21:04:21.794Z
hi,binder,Swamp,LCI,The Lost Caverns of Ixalan,289,normal,common,3,86329,a825ac86-d642-42fd-b6aa-94aa804907d9,0.38,false,false,false,near_mint,en,false,USD,2025-11-02T21:04:21.794Z
hi,binder,Swamp,WOE,Wilds of Eldraine,264,normal,common,1,85817,ee68f2cb-851b-4196-ac58-844d72628e6a,0.82,false,false,false,near_mint,en,false,USD,2025-11-02T21:04:21.794Z
hi,binder,Spirit,TTDM,Tarkir: Dragonstorm Tokens,8,normal,common,1,105147,997edcc4-6021-4443-9470-3fd7f7595cc6,,false,false,false,near_mint,en,false,USD,2025-11-03T02:18:25.410Z
hi,binder,Tranquil Cove,TDM,Tarkir: Dragonstorm,270,normal,common,1,104249,1c4efa6c-4f29-41cd-a728-bf0e479ace05,0.08,false,false,false,near_mint,en,false,USD,2025-11-03T02:18:25.410Z
hi,binder,United Battlefront,TDM,Tarkir: Dragonstorm,32,normal,rare,1,104370,dff398be-4ba4-4976-9acc-be99d2e07a61,0.26,false,false,false,near_mint,en,false,USD,2025-11-03T02:18:25.410Z
hi,binder,Runescale Stormbrood // Chilling Screech,TDM,Tarkir: Dragonstorm,316,normal,uncommon,1,104733,72e8f916-5a01-4918-bcb5-7fd69fe32785,0.23,false,false,false,near_mint,en,false,USD,2025-11-03T02:18:25.410Z
hi,binder,Effortless Master,TDM,Tarkir: Dragonstorm,181,normal,uncommon,1,104441,0ae03ca5-cd4b-42b7-8cd5-3f7e753b4147,0.06,false,false,false,near_mint,en,false,USD,2025-11-03T02:18:25.410Z
hi,binder,Channeled Dragonfire,TDM,Tarkir: Dragonstorm,102,normal,uncommon,1,104499,24204881-690c-4043-8771-20cb93385072,0.05,false,false,false,near_mint,en,false,USD,2025-11-03T02:18:25.410Z
hi,binder,Kin-Tree Severance,TDM,Tarkir: Dragonstorm,200,normal,uncommon,1,104896,b577e246-3377-42aa-856e-b9fa89f3603a,0.07,false,false,false,near_mint,en,false,USD,2025-11-03T02:18:25.410Z
hi,binder,Sultai Devotee,TDM,Tarkir: Dragonstorm,160,normal,common,1,104358,c32487e9-f3ac-472e-b6ea-81bd9254770c,0.03,false,false,false,near_mint,en,false,USD,2025-11-03T02:18:25.410Z
hi,binder,Delta Bloodflies,TDM,Tarkir: Dragonstorm,77,normal,common,1,104457,119bb72d-aed9-47dc-9285-7bc836cc3776,0.04,false,false,false,near_mint,en,false,USD,2025-11-03T02:18:25.410Z
hi,binder,Narset's Rebuke,TDM,Tarkir: Dragonstorm,114,normal,common,1,104640,5098bd73-d51c-4db4-bf06-fd4854089d37,0.02,false,false,false,near_mint,en,false,USD,2025-11-03T02:18:25.410Z
hi,binder,Coordinated Maneuver,TDM,Tarkir: Dragonstorm,6,normal,common,1,104941,c6569487-53c5-4b91-877d-e4e31bfa90c0,0.06,false,false,false,near_mint,en,false,USD,2025-11-03T02:18:25.410Z
hi,binder,Swiftwater Cliffs,TDM,Tarkir: Dragonstorm,268,normal,common,1,104361,ca53fb19-b8ca-485b-af1a-5117ae54bfe3,0.05,false,false,false,near_mint,en,false,USD,2025-11-03T02:18:25.410Z
hi,binder,Jeskai Revelation,TDM,Tarkir: Dragonstorm,196,normal,mythic,1,104565,3cac0ad3-5107-4ed6-a688-d44bbd65e407,0.61,false,false,false,near_mint,en,false,USD,2025-11-03T02:18:25.410Z
hi,binder,Whirlwing Stormbrood // Dynamic Soar,TDM,Tarkir: Dragonstorm,234,normal,uncommon,1,104656,56a25eb1-bdb8-4f86-8d9a-3055ad1b2a13,0.06,false,false,false,near_mint,en,false,USD,2025-11-03T02:18:25.410Z
hi,binder,Zurgo's Vanguard,TDM,Tarkir: Dragonstorm,133,normal,uncommon,1,104846,a1aa3501-5738-4063-a7f4-51d2600b0041,0.1,false,false,false,near_mint,en,false,USD,2025-11-03T02:18:25.410Z
hi,binder,Gurmag Rakshasa,TDM,Tarkir: Dragonstorm,81,normal,uncommon,1,105173,f05ad909-8860-473b-9a30-a322f7670b32,0.06,false,false,false,near_mint,en,false,USD,2025-11-03T02:18:25.410Z
hi,binder,Jade-Cast Sentinel,TDM,Tarkir: Dragonstorm,243,normal,common,2,104293,516ce5fa-bd00-429b-ba22-b38c7dd9306c,0.08,false,false,false,near_mint,en,false,USD,2025-11-03T02:18:25.410Z
hi,binder,Aggressive Negotiations,TDM,Tarkir: Dragonstorm,70,normal,common,1,105146,993ade84-031f-4a3e-bd68-55f61b559248,0.03,false,false,false,near_mint,en,false,USD,2025-11-03T02:18:25.410Z
hi,binder,Dirgur Island Dragon // Skimming Strike,TDM,Tarkir: Dragonstorm,40,normal,common,1,104342,b1d21a9a-6b0c-4fbc-a427-81be885d326b,0.03,false,false,false,near_mint,en,false,USD,2025-11-03T02:18:25.410Z
hi,binder,Undergrowth Leopard,TDM,Tarkir: Dragonstorm,165,normal,common,1,104307,67ab8f9a-b17c-452f-b4ef-a3f91909e3de,0.05,false,false,false,near_mint,en,false,USD,2025-11-03T02:18:25.410Z
hi,binder,Seize Opportunity,TDM,Tarkir: Dragonstorm,119,normal,common,1,104391,f7818d28-b9a5-4341-9adc-666070b8878d,0.03,false,false,false,near_mint,en,false,USD,2025-11-03T02:18:25.410Z
hi,binder,Riling Dawnbreaker // Signaling Roar,TDM,Tarkir: Dragonstorm,21,normal,common,1,104532,312f7072-3bf8-449f-bfb7-93727ef26c66,0.03,false,false,false,near_mint,en,false,USD,2025-11-03T02:18:25.410Z
hi,binder,Wind-Scarred Crag,TDM,Tarkir: Dragonstorm,271,normal,common,1,104286,4912e4d0-b16a-4aa6-a583-3430d26bd591,0.09,false,false,false,near_mint,en,false,USD,2025-11-03T02:18:25.410Z
hi,binder,Formation Breaker,TDM,Tarkir: Dragonstorm,143,normal,uncommon,1,105136,67ab8e8f-3ef6-4339-8c66-68c5aca4867a,0.08,false,false,false,near_mint,en,false,USD,2025-11-03T02:18:25.410Z
hi,binder,Flamehold Grappler,TDM,Tarkir: Dragonstorm,185,normal,rare,1,104958,cc8443a6-282f-4218-9dc8-144b5570d891,0.18,false,false,false,near_mint,en,false,USD,2025-11-03T02:18:25.410Z
hi,binder,Shocking Sharpshooter,TDM,Tarkir: Dragonstorm,121,normal,uncommon,1,104618,4a10342d-ca04-4d1e-bca9-79f531951a16,0.13,false,false,false,near_mint,en,false,USD,2025-11-03T02:18:25.410Z
hi,binder,Armament Dragon,TDM,Tarkir: Dragonstorm,168,normal,uncommon,1,104469,17f61c01-0a41-4fa1-ac34-ffa83baad989,0.05,false,false,false,near_mint,en,false,USD,2025-11-03T02:18:25.410Z
hi,binder,Veteran Ice Climber,TDM,Tarkir: Dragonstorm,64,normal,uncommon,1,105162,bcccfd7b-2846-4552-a89a-2b868bc9ab20,0.07,false,false,false,near_mint,en,false,USD,2025-11-03T02:18:25.410Z
hi,binder,Kishla Skimmer,TDM,Tarkir: Dragonstorm,201,normal,uncommon,1,104899,b5f1acb0-d73e-4814-8158-3645daf5c4cc,0.12,false,false,false,near_mint,en,false,USD,2025-11-03T02:18:25.410Z
hi,binder,Stormshriek Feral // Flush Out,TDM,Tarkir: Dragonstorm,124,normal,common,1,104447,0ec92c44-7cf0-48a5-a3ca-bc633496d887,0.08,false,false,false,near_mint,en,false,USD,2025-11-03T02:18:25.410Z
hi,binder,Sagu Pummeler,TDM,Tarkir: Dragonstorm,156,normal,common,1,105169,def9cb5b-4062-481e-b682-3a30443c2e56,0.02,false,false,false,near_mint,en,false,USD,2025-11-03T02:18:25.410Z
hi,binder,Worthy Cost,TDM,Tarkir: Dragonstorm,99,normal,common,1,104883,adc18edc-01d8-4a7e-a87b-a854e50aa75e,0.08,false,false,false,near_mint,en,false,USD,2025-11-03T02:18:25.410Z
hi,binder,Molten Exhale,TDM,Tarkir: Dragonstorm,113,normal,common,1,104440,0ab95aab-a4bf-4131-83a0-2c138b6f20c3,0.05,false,false,false,near_mint,en,false,USD,2025-11-03T02:18:25.410Z
hi,binder,Arashin Sunshield,TDM,Tarkir: Dragonstorm,3,normal,common,1,105168,dd7102d8-90b3-45a1-b66d-dcca469b1fb6,0.06,false,false,false,near_mint,en,false,USD,2025-11-03T02:18:25.410Z
hi,binder,Temur Devotee,TDM,Tarkir: Dragonstorm,61,normal,common,1,104333,a2ef698e-5466-43bd-985d-020f2e5d8205,0.01,false,false,false,near_mint,en,false,USD,2025-11-03T02:18:25.410Z
hi,binder,Sandskitter Outrider,TDM,Tarkir: Dragonstorm,89,normal,common,2,105122,1c4bfebe-f10f-44bd-9368-33e273ba5a55,0.02,false,false,false,near_mint,en,false,USD,2025-11-03T02:18:25.410Z
hi,binder,Riverwalk Technique,TDM,Tarkir: Dragonstorm,54,normal,common,2,105118,043c25d5-13ee-4cab-98d5-fb89db9cf6e3,0.02,false,false,false,near_mint,en,false,USD,2025-11-03T02:18:25.410Z
hi,binder,Watcher of the Wayside,TDM,Tarkir: Dragonstorm,249,normal,common,2,104262,2dcafdac-a293-4adc-a540-3b3f469cf6f3,0.04,false,false,false,near_mint,en,false,USD,2025-11-03T02:18:25.410Z
hi,binder,Warrior,TTDM,Tarkir: Dragonstorm Tokens,13,normal,common,2,104765,7edc0515-a130-45a7-aa09-0e23bba41587,,false,false,false,near_mint,en,false,USD,2025-11-03T02:18:25.410Z
hi,binder,Sneaky Snacker,MH3,Modern Horizons 3,205,normal,common,2,94837,0e3aedae-e4bb-48e3-9f8b-bea0430df306,0.2,false,false,false,near_mint,en,false,USD,2025-10-19T20:16:38.915Z
hi,binder,Stingblade Assassin,WOE,Wilds of Eldraine,109,normal,common,2,85674,b71b7dd9-6a1d-4c71-873b-782a0a2e7d1d,0.07,false,false,false,near_mint,en,false,USD,2025-10-21T00:34:36.170Z
hi,binder,Vanquisher's Banner,LCC,The Lost Caverns of Ixalan Commander,316,normal,rare,1,89016,efa6944e-b5e2-4584-ae37-f5b59a8ec75e,3.02,false,false,false,near_mint,en,false,USD,2025-11-09T07:29:10.873Z
hi,binder,Relentless X-ATM092,FIN,Final Fantasy,268,normal,uncommon,4,106671,e09ee4c9-85ef-4d1e-864b-d659b8e8f51d,0.07,false,false,false,near_mint,en,false,USD,2025-11-18T07:06:17.389Z
hi,binder,"Terra, Magical Adept // Esper Terra",FIN,Final Fantasy,245,normal,mythic,1,105766,fbd447aa-588d-4c4d-925e-a7d3bdf6a65c,2.73,false,false,false,near_mint,en,false,USD,2025-11-18T07:06:17.389Z
hi,binder,"Fang, Fearless l'Cie",FIN,Final Fantasy,99,normal,uncommon,2,105759,f73a5cbb-905f-4b99-8d23-9d1b6bd47ee8,0.13,false,false,false,near_mint,en,false,USD,2025-11-18T07:06:17.389Z
hi,binder,Gigantoad,FIN,Final Fantasy,187,normal,common,6,106642,bc10d648-4053-460f-bc52-9c20477bf6de,0.13,false,false,false,near_mint,en,false,USD,2025-11-18T07:06:17.389Z
hi,binder,Shinra Reinforcements,FIN,Final Fantasy,118,normal,common,5,106282,7367b257-1a8c-4593-a307-7116e36e0342,0.11,false,false,false,near_mint,en,false,USD,2025-11-18T07:06:17.389Z
hi,binder,Call the Mountain Chocobo,FIN,Final Fantasy,131,normal,common,5,106633,b2e1986c-2852-4843-bdc4-eddb727ba3d4,0.07,false,false,false,near_mint,en,false,USD,2025-11-18T07:06:17.389Z
hi,binder,Coeurl,FIN,Final Fantasy,12,normal,common,6,106284,7604b534-5480-42fa-bc36-bbae730f8582,0.07,false,false,false,near_mint,en,false,USD,2025-11-18T07:06:17.389Z
hi,binder,Retrieve the Esper,FIN,Final Fantasy,68,normal,common,4,106301,ebd733f0-8883-434a-b36c-ef76b091fe8e,0.1,false,false,false,near_mint,en,false,USD,2025-11-18T07:06:17.389Z
hi,binder,Tifa's Limit Break,FIN,Final Fantasy,207,normal,uncommon,1,106524,24d6eab7-22bd-494f-8cbe-204446f24be9,0.19,false,false,false,near_mint,en,false,USD,2025-11-18T07:06:17.389Z
hi,binder,Swallowed by Leviathan,FIN,Final Fantasy,79,normal,uncommon,2,106521,2270642d-fe2a-4265-aff0-a24a43ebe0a1,0.13,false,false,false,near_mint,en,false,USD,2025-11-18T07:06:17.389Z
hi,binder,Self-Destruct,FIN,Final Fantasy,157,normal,uncommon,2,106285,7661003c-bf83-46bb-bcc0-8fbf5819ffa8,0.18,false,false,false,near_mint,en,false,USD,2025-11-18T07:06:17.389Z
hi,binder,Hero,TFIN,Final Fantasy Tokens,6,normal,common,4,106152,c39b8112-6a5c-4080-a884-2b4d6e5276ef,,false,false,false,near_mint,en,false,USD,2025-11-18T07:06:17.389Z
hi,binder,"Noctis, Prince of Lucis",FIN,Final Fantasy,235,normal,rare,1,105560,1881a66b-956d-4bab-b578-5b2d3407c972,0.26,false,false,false,near_mint,en,false,USD,2025-11-18T07:06:17.389Z
hi,binder,"Insomnia, Crown City",FIN,Final Fantasy,282,normal,common,3,106502,07fca511-a65c-4779-82c0-9215b0dcd068,0.12,false,false,false,near_mint,en,false,USD,2025-11-18T07:06:17.389Z
hi,binder,Namazu Trader,FIN,Final Fantasy,107,normal,common,4,106248,f9d25b34-990d-416c-aef7-1b5a73f19dd4,0.1,false,false,false,near_mint,en,false,USD,2025-11-18T07:06:17.389Z
hi,binder,Warrior's Sword,FIN,Final Fantasy,169,normal,common,4,106296,cb98a7dd-542e-4448-b3bb-ff5d67a36535,0.09,false,false,false,near_mint,en,false,USD,2025-11-18T07:06:17.389Z
hi,binder,Bard's Bow,FIN,Final Fantasy,174,normal,common,6,106530,2ac03e90-1e16-453f-88e4-a0448db73403,0.11,false,false,false,near_mint,en,false,USD,2025-11-18T07:06:17.389Z
hi,binder,Dragoon's Wyvern,FIN,Final Fantasy,49,normal,common,4,105729,d92bce20-308e-4841-aaf8-8e20698292e7,0.07,false,false,false,near_mint,en,false,USD,2025-11-18T07:06:17.389Z
hi,binder,Fate of the Sun-Cryst,FIN,Final Fantasy,19,normal,common,4,106287,900cdf11-b42e-4dcc-97c3-2e4d8e406a70,0.1,false,false,false,near_mint,en,false,USD,2025-11-18T07:06:17.389Z
hi,binder,Laughing Mad,FIN,Final Fantasy,143,normal,common,6,106168,cd5b9daf-6325-4eb4-a069-4a8cc7807884,0.2,false,false,false,near_mint,en,false,USD,2025-11-18T07:06:17.389Z
hi,binder,The Prima Vista,FIN,Final Fantasy,64,normal,uncommon,4,106212,e3998132-5746-4dde-9529-97d3ad7d7361,0.09,false,false,false,near_mint,en,false,USD,2025-11-18T07:06:17.389Z
hi,binder,Cactuar,FIN,Final Fantasy,177,normal,uncommon,4,106657,d5273db4-6214-41e4-825a-612fca8bbe03,0.35,false,false,false,near_mint,en,false,USD,2025-11-18T07:06:17.389Z
hi,binder,Demon Wall,FIN,Final Fantasy,97,normal,uncommon,4,106514,13abd96c-d1af-43d0-b3a4-ac3db20e3b51,0.17,false,false,false,near_mint,en,false,USD,2025-11-18T07:06:17.389Z
hi,binder,"Kain, Traitorous Dragoon",FIN,Final Fantasy,105,normal,rare,1,105761,f8c86be0-e1b3-4a78-9254-238dd936914b,0.2,false,false,false,near_mint,en,false,USD,2025-11-18T07:06:17.389Z
hi,binder,"Zodiark, Umbral God",FIN,Final Fantasy,128,normal,rare,3,105676,9ba292d5-5139-42ea-950d-0a638445277f,0.56,false,false,false,near_mint,en,false,USD,2025-11-18T07:06:17.389Z
hi,binder,Travel the Overworld,FIN,Final Fantasy,82,normal,uncommon,1,106625,aa5086e0-e2f2-498f-9035-1b31e1d21e0a,0.08,false,false,false,near_mint,en,false,USD,2025-11-18T07:06:17.389Z
hi,binder,Resentful Revelation,FIN,Final Fantasy,114,normal,common,7,106598,945006ea-c6a1-4ee5-abb2-387c2b6d3123,0.14,false,false,false,near_mint,en,false,USD,2025-11-18T07:06:17.389Z
hi,binder,Thunder Magic,FIN,Final Fantasy,165,normal,common,5,106610,9f2b202c-91da-40ec-8324-6b6be7cb3bc8,0.17,false,false,false,near_mint,en,false,USD,2025-11-18T07:06:17.389Z
hi,binder,Airship Crash,FIN,Final Fantasy,171,normal,common,5,106680,ec91c4e4-711f-464d-bc83-e6813f4fdcdb,0.14,false,false,false,near_mint,en,false,USD,2025-11-18T07:06:17.389Z
hi,binder,Slash of Light,FIN,Final Fantasy,32,normal,common,4,106662,da6d9529-3cb0-4adc-8209-b9b02db3bf54,0.11,false,false,false,near_mint,en,false,USD,2025-11-18T07:06:17.389Z
hi,binder,Scorpion Sentinel,FIN,Final Fantasy,72,normal,common,5,106503,08ab5220-e5c1-472e-8217-97fd60e1773c,0.04,false,false,false,near_mint,en,false,USD,2025-11-18T07:06:17.389Z
hi,binder,Fight On!,FIN,Final Fantasy,100,normal,common,5,106673,e1b0739a-dcc4-4034-96d7-69e551b2f36b,0.17,false,false,false,near_mint,en,false,USD,2025-11-18T07:06:17.389Z
hi,binder,"Ashe, Princess of Dalmasca",FIN,Final Fantasy,7,normal,uncommon,3,106699,ffe0596f-ef99-4862-9386-0fe455259995,0.12,false,false,false,near_mint,en,false,USD,2025-11-18T07:06:17.389Z
hi,binder,Circle of Power,FIN,Final Fantasy,92,normal,uncommon,2,106164,c969bd0f-f174-4e2f-b95c-c9ccd5d0b8ba,0.19,false,false,false,near_mint,en,false,USD,2025-11-18T07:06:17.389Z
hi,binder,Prompto Argentum,FIN,Final Fantasy,148,normal,uncommon,2,106546,4c617bcd-05f8-40c2-bb38-489bc863ce6b,0.04,false,false,false,near_mint,en,false,USD,2025-11-18T07:06:17.389Z
hi,binder,Summon: Primal Garuda,FIN,Final Fantasy,360,normal,uncommon,1,106378,f6ee6624-79be-4a76-8c12-80bf31f81ae2,0.34,false,false,false,near_mint,en,false,USD,2025-11-18T07:06:17.389Z
hi,binder,Robot Warrior,TFIN,Final Fantasy Tokens,12,normal,common,1,106727,c2b4e93b-6b27-4dd3-a6dd-a75d6fab14dc,,false,false,false,near_mint,en,false,USD,2025-11-18T07:06:17.389Z
hi,binder,Qutrub Forayer,FIN,Final Fantasy,112,normal,common,4,106575,7475ecf6-23f5-45af-9ef0-ac7923bbc9cb,0.06,false,false,false,near_mint,en,false,USD,2025-11-18T07:06:17.389Z
hi,binder,Light of Judgment,FIN,Final Fantasy,144,normal,common,5,106600,98bb716d-ca66-445f-9cb3-0fc656c8ebff,0.14,false,false,false,near_mint,en,false,USD,2025-11-18T07:06:17.389Z
hi,binder,Gysahl Greens,FIN,Final Fantasy,190,normal,common,5,106494,020dee17-d85b-44c4-9faa-b1ef977956f4,0.12,false,false,false,near_mint,en,false,USD,2025-11-18T07:06:17.389Z
hi,binder,Magitek Infantry,FIN,Final Fantasy,25,normal,common,4,106635,b64dc6d7-dd01-4e66-9099-4c90865448df,0.09,false,false,false,near_mint,en,false,USD,2025-11-18T07:06:17.389Z
hi,binder,Qiqirn Merchant,FIN,Final Fantasy,65,normal,common,6,106623,a75a6ecc-a6a5-462c-bd92-ae57dde9b965,0.07,false,false,false,near_mint,en,false,USD,2025-11-18T07:06:17.389Z
hi,binder,White Mage's Staff,FIN,Final Fantasy,42,normal,common,4,105584,30db372e-0b4c-4e16-9667-bf3fda666f72,0.08,false,false,false,near_mint,en,false,USD,2025-11-18T07:06:17.389Z
hi,binder,Lunatic Pandora,FIN,Final Fantasy,262,normal,common,4,106659,d6e1e3e7-20d4-42cb-ad22-60356b9e8fdc,0.1,false,false,false,near_mint,en,false,USD,2025-11-18T07:06:17.389Z
hi,binder,Summon: Fenrir,FIN,Final Fantasy,203,normal,uncommon,4,105669,93feb9d5-d004-4598-a448-b3488c869c05,0.24,false,false,false,near_mint,en,false,USD,2025-11-18T07:06:17.389Z
hi,binder,"Tidus, Blitzball Star",FIN,Final Fantasy,246,normal,uncommon,2,106447,aa851d68-a7a4-48c0-9cd7-d3d2e079f3a1,0.1,false,false,false,near_mint,en,false,USD,2025-11-18T07:06:17.389Z
hi,binder,Reno and Rude,FIN,Final Fantasy,113,normal,uncommon,1,106358,b5eb0064-c7c4-4e3e-add2-b86269de3fb9,0.06,false,false,false,near_mint,en,false,USD,2025-11-18T07:06:17.389Z
hi,binder,Astrologian's Planisphere,FIN,Final Fantasy,46,normal,rare,1,106146,bfa4e927-1d6f-4a64-9801-7d168a5ef3f6,0.35,false,false,false,near_mint,en,false,USD,2025-11-18T07:06:17.389Z
hi,binder,"Vaan, Street Thief",FIN,Final Fantasy,168,normal,rare,2,106549,50e1ec29-9de3-4f1b-b818-057e030d475b,0.28,false,false,false,near_mint,en,false,USD,2025-11-18T07:06:17.389Z
hi,binder,Judge Magister Gabranth,FIN,Final Fantasy,230,normal,uncommon,5,106688,f9e64cb6-48f7-41d3-99e7-4b0bc3b33fd7,0.15,false,false,false,near_mint,en,false,USD,2025-11-18T07:06:17.389Z
hi,binder,Plains,FIN,Final Fantasy,295,normal,common,1,105742,e623b058-76d2-476b-9ee6-82807f7992c3,0.16,false,false,false,near_mint,en,false,USD,2025-11-18T07:06:17.389Z
hi,binder,Daggermaw Megalodon,DSK,Duskmourn: House of Horror,48,normal,common,2,98934,e72a38b9-29aa-4804-ab27-4c40321f0bc3,0.08,false,false,false,near_mint,en,false,USD,2025-11-18T07:06:17.389Z
hi,binder,Mountain,DSK,Duskmourn: House of Horror,283,normal,common,1,98896,accb56f0-3903-4894-86f0-3965162064d4,0.11,false,false,false,near_mint,en,false,USD,2025-11-18T07:06:17.389Z
hi,binder,Demonic Counsel,DSK,Duskmourn: House of Horror,92,normal,rare,1,98684,ff79c845-4115-4fbf-b20f-37470f2bf7fb,1.21,false,false,false,near_mint,en,false,USD,2025-11-18T07:06:17.389Z
hi,binder,Patched Plaything,DSK,Duskmourn: House of Horror,24,normal,uncommon,1,98627,513da431-4f3a-4f4a-8be4-7e162dd93307,0.06,false,false,false,near_mint,en,false,USD,2025-11-18T07:06:17.389Z
hi,binder,Sawblade Skinripper,DSK,Duskmourn: House of Horror,231,normal,uncommon,1,98917,cbe51964-50d2-49b0-9c3c-81751dcbeade,0.06,false,false,false,near_mint,en,false,USD,2025-11-18T07:06:17.389Z
hi,binder,Killer's Mask,DSK,Duskmourn: House of Horror,104,normal,uncommon,1,99407,f1fc02ae-77b8-4e5e-94b4-22ecf7ae40ae,0.04,false,false,false,near_mint,en,false,USD,2025-11-18T07:06:17.389Z
hi,binder,Hand That Feeds,DSK,Duskmourn: House of Horror,139,normal,common,3,98798,297c2860-5a68-4a18-a23a-ca5cfdfbcac8,0.02,false,false,false,near_mint,en,false,USD,2025-11-18T07:06:17.389Z
hi,binder,Fear of Immobility,DSK,Duskmourn: House of Horror,10,normal,common,4,98651,9220c8fa-6ef7-4bc1-acb9-fc54cc43e498,0.09,false,false,false,near_mint,en,false,USD,2025-11-18T07:06:17.389Z
hi,binder,Unable to Scream,DSK,Duskmourn: House of Horror,78,normal,common,3,98853,7c59e0cd-10a8-4a32-9c0a-a2c6ef1ed9a6,0.16,false,false,false,near_mint,en,false,USD,2025-11-18T07:06:17.389Z
hi,binder,Flesh Burrower,DSK,Duskmourn: House of Horror,178,normal,common,3,98831,60499c90-a512-4abb-98eb-0735a7138421,0.04,false,false,false,near_mint,en,false,USD,2025-11-18T07:06:17.389Z
hi,binder,Spectral Snatcher,DSK,Duskmourn: House of Horror,116,normal,common,4,98982,68f90f57-94a0-4ee1-9383-093e8fca52ea,0.1,false,false,false,near_mint,en,false,USD,2025-11-18T07:06:17.389Z
hi,binder,Balamb T-Rexaur,FIN,Final Fantasy,173,normal,common,5,106456,e5857b1b-73bc-458e-b26b-7ed8bef785f3,0.1,false,false,false,near_mint,en,false,USD,2025-11-18T07:06:17.389Z
hi,binder,Vincent's Limit Break,FIN,Final Fantasy,126,normal,common,5,106499,0502c426-5271-4989-8598-5bc159afe79c,0.13,false,false,false,near_mint,en,false,USD,2025-11-18T07:06:17.389Z
hi,binder,Summon: G.F. Ifrit,FIN,Final Fantasy,163,normal,common,4,106648,c6c73092-5195-4bdc-b039-a699f6e297b2,0.14,false,false,false,near_mint,en,false,USD,2025-11-18T07:06:17.389Z
hi,binder,Adventurer's Airship,FIN,Final Fantasy,252,normal,common,4,106504,0a1d6dcd-bd41-4f57-a35b-6613811fe4d4,0.1,false,false,false,near_mint,en,false,USD,2025-11-18T07:06:17.389Z
hi,binder,Coral Sword,FIN,Final Fantasy,134,normal,uncommon,2,106400,13e81e32-7246-46b9-872e-cde77cedd197,0.09,false,false,false,near_mint,en,false,USD,2025-11-18T07:06:17.389Z
hi,binder,Locke Cole,FIN,Final Fantasy,234,normal,uncommon,2,106552,572feb8c-6976-40a8-8a34-b4db836cca56,0.1,false,false,false,near_mint,en,false,USD,2025-11-18T07:06:17.389Z
hi,binder,Dragoon's Lance,FIN,Final Fantasy,17,normal,uncommon,3,105671,96630531-8eb7-4e3e-8d63-60c562a5571b,0.39,false,false,false,near_mint,en,false,USD,2025-11-18T07:06:17.389Z
hi,binder,"Exdeath, Void Warlock // Neo Exdeath, Dimension's End",FIN,Final Fantasy,220,normal,uncommon,2,106520,1b4bab87-4000-461d-8b58-d34928fee305,0.09,false,false,false,near_mint,en,false,USD,2025-11-18T07:06:17.389Z
hi,binder,"Raubahn, Bull of Ala Mhigo",FIN,Final Fantasy,151,normal,rare,2,106571,7035d11b-525f-4120-8dcb-610095196681,0.3,false,false,false,near_mint,en,false,USD,2025-11-18T07:06:17.389Z
hi,binder,"Windurst, Federation Center",FIN,Final Fantasy,292,normal,common,5,106649,c74024bd-b383-468d-9cf5-d112a29f6457,0.17,false,false,false,near_mint,en,false,USD,2025-11-18T07:06:17.389Z
hi,binder,Hero,TFIN,Final Fantasy Tokens,5,normal,common,2,105938,5619d240-3832-477b-ad30-8d310c90f555,,false,false,false,near_mint,en,false,USD,2025-11-18T07:06:17.389Z
hi,binder,Hungry Ridgewolf,INR,Innistrad Remastered,160,normal,common,1,102611,770fc080-ac42-4a5a-846f-6e49b4aaf4ba,0.03,false,false,false,near_mint,en,false,USD,2025-11-18T07:06:17.389Z
hi,binder,Skywarp Skaab,VOW,Innistrad: Crimson Vow,78,normal,common,1,64269,73168804-3c22-4fcb-907a-2f08999c0cea,0.06,false,false,false,near_mint,en,false,USD,2025-11-18T07:06:17.389Z
hi,binder,Fierce Retribution,VOW,Innistrad: Crimson Vow,13,normal,common,1,64324,9597b163-5c6b-4f64-b1f1-5f1fa2e23e5d,0.05,false,false,false,near_mint,en,false,USD,2025-11-18T07:06:17.389Z
hi,binder,Ancestral Anger,INR,Innistrad Remastered,141,normal,common,1,102837,eeaca66d-23bd-4e8f-8d4a-c5864dd447be,0.06,false,false,false,near_mint,en,false,USD,2025-11-18T07:06:17.389Z
hi,binder,Undying Malice,FDN,Foundations,528,normal,common,1,100858,97b3cf11-e352-4ee1-8c03-13898f576ef9,0.49,false,false,false,near_mint,en,false,USD,2025-11-18T07:06:17.389Z
hi,binder,Flourishing Hunter,VOW,Innistrad: Crimson Vow,199,normal,common,1,64140,2abc54df-773d-4f46-b241-e1f42af8ab95,0.05,false,false,false,near_mint,en,false,USD,2025-11-18T07:06:17.389Z
hi,binder,Daybreak Combatants,VOW,Innistrad: Crimson Vow,153,normal,common,1,64296,8697a861-0f67-4ed3-bed8-f264fc78565e,0.03,false,false,false,near_mint,en,false,USD,2025-11-18T07:06:17.389Z
hi,binder,Dawnhart Disciple,INR,Innistrad Remastered,191,normal,common,1,102522,4463b28a-c2c9-4cbf-951e-e3ce6b1f14cb,0.02,false,false,false,near_mint,en,false,USD,2025-11-18T07:06:17.389Z
hi,binder,Weaver of Blossoms // Blossom-Clad Werewolf,VOW,Innistrad: Crimson Vow,226,normal,common,1,64271,73bf2a0a-b97d-4b90-abd6-d1755734ea15,0.08,false,false,false,near_mint,en,false,USD,2025-11-18T07:06:17.389Z
hi,binder,Groom's Finery,VOW,Innistrad: Crimson Vow,117,normal,uncommon,1,64174,43bc65cf-4444-4db3-9bb3-a7d91e560470,0.05,false,false,false,near_mint,en,false,USD,2025-11-18T07:06:17.389Z
hi,binder,Cobbled Lancer,INR,Innistrad Remastered,56,normal,uncommon,1,102719,ad933b4d-e1e7-49cc-aa18-8eee2ec8c8a5,0.04,false,false,false,near_mint,en,false,USD,2025-11-18T07:06:17.389Z
hi,binder,Infestation Expert // Infested Werewolf,VOW,Innistrad: Crimson Vow,206,normal,uncommon,1,64076,0936761c-7cdc-49ef-8a0d-ed79219f1056,0.1,false,false,false,near_mint,en,false,USD,2025-11-18T07:06:17.389Z
hi,binder,Change of Fortune,VOW,Innistrad: Crimson Vow,150,normal,rare,1,64246,63ca5ce5-94e7-43a1-8f2b-f0a4532f617a,0.38,false,false,false,near_mint,en,false,USD,2025-11-18T07:06:17.389Z
hi,binder,Witch's Web,VOW,Innistrad: Crimson Vow,227,normal,common,1,64088,0d021207-76be-4bc9-bb71-df991a04d8d8,0.04,false,false,false,near_mint,en,false,USD,2025-11-18T07:06:17.389Z
hi,binder,Wolf,TCLB,Battle for Baldur's Gate Tokens,43,normal,common,1,69577,81605b8d-cf1d-49dc-aebb-a857d6796a77,0.16,false,false,false,near_mint,en,false,USD,2025-11-18T07:06:17.389Z
hi,binder,White Auracite,FIN,Final Fantasy,41,normal,common,6,105873,2df6f515-9d21-4769-b1c4-c219611bccbb,0.15,false,false,false,near_mint,en,false,USD,2025-11-18T07:06:17.389Z
hi,binder,World Map,FIN,Final Fantasy,270,normal,common,7,106572,70d9ab99-ec8a-402e-ba1d-ffa6c4c84a3f,0.15,false,false,false,near_mint,en,false,USD,2025-11-18T07:06:17.389Z
hi,binder,Syncopate,FIN,Final Fantasy,80,normal,common,5,106409,83e1cd8d-5b97-427a-be75-2a1947f9c59b,0.16,false,false,false,near_mint,en,false,USD,2025-11-18T07:06:17.389Z
hi,binder,Loporrit Scout,FIN,Final Fantasy,192,normal,common,7,106612,a182bc66-bfda-4bf5-bd12-3de5dba60945,0.09,false,false,false,near_mint,en,false,USD,2025-11-18T07:06:17.389Z
hi,binder,Bird,TFIN,Final Fantasy Tokens,17,normal,common,4,106722,8632216a-33c3-4d16-bf25-42e41af53986,,false,false,false,near_mint,en,false,USD,2025-11-18T07:06:17.389Z
hi,binder,Foggy Bottom Swamp,TLA,Avatar: The Last Airbender,269,normal,common,1,109396,226af626-873d-4bd2-b889-000f8316786f,0.53,false,false,false,near_mint,en,false,USD,2025-11-18T07:24:09.852Z
hi,binder,Fire Lord Zuko,TLA,Avatar: The Last Airbender,221,normal,rare,1,108140,e62d3bcc-7bb4-42be-90a9-caf3c1caa29d,1.48,false,false,false,near_mint,en,false,USD,2025-11-18T07:24:09.852Z
hi,binder,Boiling Rock Rioter,TLA,Avatar: The Last Airbender,87,normal,rare,1,109464,739653cc-35c8-4a66-95d8-3e80fa6114f0,0.22,false,false,false,near_mint,en,false,USD,2025-11-18T07:24:09.852Z
hi,binder,"The Boulder, Ready to Rumble",TLA,Avatar: The Last Airbender,168,normal,uncommon,1,109826,ec27a466-5457-44c6-a842-1de7d3788d66,0.21,false,false,false,near_mint,en,false,USD,2025-11-18T07:24:09.852Z
hi,binder,Vengeful Villagers,TLA,Avatar: The Last Airbender,40,normal,uncommon,1,109743,8cabb6ed-5c80-4dab-b96c-9d4d9fe72db7,0.22,false,false,false,near_mint,en,false,USD,2025-11-18T07:24:09.852Z
hi,binder,Bender's Waterskin,TLA,Avatar: The Last Airbender,255,normal,common,1,108223,6d4a1712-d19e-4475-9614-a0b1af4da610,0.48,false,false,false,near_mint,en,false,USD,2025-11-18T07:24:09.852Z
hi,binder,Cat-Owl,TLA,Avatar: The Last Airbender,212,normal,common,1,108285,d7df3391-dbe5-4eb4-85c1-037c5f3ea971,0.94,false,false,false,near_mint,en,false,USD,2025-11-18T07:24:09.852Z
hi,binder,Rabaroo Troop,TLA,Avatar: The Last Airbender,32,normal,common,1,108219,62a983b4-ac73-4949-9317-05a75a8ce164,0.86,false,false,false,near_mint,en,false,USD,2025-11-18T07:24:09.852Z
hi,binder,Island,TLA,Avatar: The Last Airbender,283,normal,common,1,108255,a2e22347-f0cb-4cfd-88a3-4f46a16e4946,0.24,false,false,false,near_mint,en,false,USD,2025-11-18T07:24:09.852Z
hi,binder,Hermitic Herbalist,TLA,Avatar: The Last Airbender,226,normal,uncommon,1,109707,5d0ee441-a057-41b5-abb8-dc86864ac248,0.22,false,false,false,near_mint,en,false,USD,2025-11-18T07:24:09.852Z
hi,binder,Iroh's Demonstration,TLA,Avatar: The Last Airbender,141,normal,uncommon,1,109643,18d15fed-1f8f-4407-a221-a47ce75001a8,0.21,false,false,false,near_mint,en,false,USD,2025-11-18T07:24:09.852Z
hi,binder,Airbender's Reversal,TLA,Avatar: The Last Airbender,7,normal,uncommon,1,109715,6b7078e4-2892-4b5f-83ab-90369e0d6dba,0.22,false,false,false,near_mint,en,false,USD,2025-11-18T07:24:09.852Z
hi,binder,Geyser Leaper,TLA,Avatar: The Last Airbender,52,normal,common,1,108205,4d25428d-e5a5-43c4-8544-43120ed1c4d5,0.25,false,false,false,near_mint,en,false,USD,2025-11-18T07:24:09.852Z
hi,binder,Pretending Poxbearers,TLA,Avatar: The Last Airbender,237,normal,common,1,108282,d1af91a5-8681-4a05-910d-96f7a819bfaa,0.27,false,false,false,near_mint,en,false,USD,2025-11-18T07:24:09.852Z
hi,binder,Sold Out,TLA,Avatar: The Last Airbender,119,normal,common,1,109389,1affba6d-2cca-4cdf-8690-1e23ffbe8462,0.23,false,false,false,near_mint,en,false,USD,2025-11-18T07:24:09.852Z
hi,binder,Lost Days,TLA,Avatar: The Last Airbender,62,normal,common,1,109559,db8e88e3-0931-403f-90e7-3c22c0b61dac,0.23,false,false,false,near_mint,en,false,USD,2025-11-18T07:24:09.852Z
hi,binder,Cunning Maneuver,TLA,Avatar: The Last Airbender,130,normal,common,1,109380,0ff7c993-ba29-43b0-9639-7c4bc0292fa2,0.33,false,false,false,near_mint,en,false,USD,2025-11-18T07:24:09.852Z
hi,binder,Food,TTLA,Avatar: The Last Airbender Tokens,21,normal,common,1,109985,d0e54f01-1301-481f-ace0-87966b5135f0,,false,false,false,near_mint,en,false,USD,2025-11-18T07:24:09.852Z
hi,binder,Forest,TLA,Avatar: The Last Airbender,286,normal,common,1,108256,a305e44f-4253-4754-b83f-1e34103d77b0,0.18,false,false,false,near_mint,en,false,USD,2025-11-18T07:24:09.852Z
hi,binder,"Sokka, Tenacious Tactician",TLA,Avatar: The Last Airbender,242,normal,rare,1,109578,f0fa5897-1da7-488f-bb19-1632e969c050,1.16,false,false,false,near_mint,en,false,USD,2025-11-18T07:24:09.852Z
hi,binder,Fated Firepower,TLA,Avatar: The Last Airbender,132,normal,mythic,1,108117,51352127-1f86-42e9-b4ca-2fd58b14e86b,6.83,false,false,false,near_mint,en,false,USD,2025-11-18T07:24:09.852Z
hi,binder,Insurrection,TLE,Avatar: The Last Airbender Eternal,31,normal,mythic,1,109679,37afa6fb-cb57-4ba7-ab77-1a40ad14db5b,3.37,false,false,false,near_mint,en,false,USD,2025-11-18T07:24:09.852Z
hi,binder,Tundra Tank,TLA,Avatar: The Last Airbender,121,normal,uncommon,1,109384,13c66fce-8f8e-4a98-8413-9f05aebf6e13,0.22,false,false,false,near_mint,en,false,USD,2025-11-18T07:24:09.852Z
hi,binder,Gather the White Lotus,TLA,Avatar: The Last Airbender,20,normal,uncommon,1,109495,96e2b3d0-f060-4f3c-9d12-a0444b202008,0.23,false,false,false,near_mint,en,false,USD,2025-11-18T07:24:09.852Z
hi,binder,Price of Freedom,TLA,Avatar: The Last Airbender,149,normal,uncommon,1,109503,9fbe94e9-a71d-4a31-9210-c599abe08e3f,0.21,false,false,false,near_mint,en,false,USD,2025-11-18T07:24:09.852Z
hi,binder,Dai Li Indoctrination,TLA,Avatar: The Last Airbender,93,normal,common,1,108299,eca652b8-44f1-4bd9-b4bf-036eeead13aa,0.23,false,false,false,near_mint,en,false,USD,2025-11-18T07:24:09.852Z
hi,binder,Flexible Waterbender,TLA,Avatar: The Last Airbender,50,normal,common,2,108163,1447ebce-7e48-4b21-a39c-740920538bdd,0.17,false,false,false,near_mint,en,false,USD,2025-11-18T07:24:09.852Z
hi,binder,Treetop Freedom Fighters,TLA,Avatar: The Last Airbender,156,normal,common,1,109507,a9394200-7ffc-440f-8b5f-c08b7930133c,0.2,false,false,false,near_mint,en,false,USD,2025-11-18T07:24:09.852Z
hi,binder,Copy,TTLA,Avatar: The Last Airbender Tokens,2,normal,common,1,109963,6f361ecd-045d-43a3-bb1b-83c23f070ff8,,false,false,false,near_mint,en,false,USD,2025-11-18T07:24:09.852Z
hi,binder,"Ozai, the Phoenix King",TLA,Avatar: The Last Airbender,235,normal,mythic,1,109508,a98b1550-4609-4a2f-9371-4afe1cdc613e,7.48,false,false,false,near_mint,en,false,USD,2025-11-18T07:24:09.852Z
hi,binder,Barrels of Blasting Jelly,TLA,Avatar: The Last Airbender,254,normal,common,1,108208,4fd83083-3779-41f0-90a0-a00e3270e4e6,0.5,false,false,false,near_mint,en,false,USD,2025-11-18T07:24:09.852Z
hi,binder,Callous Inspector,TLA,Avatar: The Last Airbender,89,normal,common,1,109579,f22610e9-6b14-4914-bb67-bd6723bec9aa,0.25,false,false,false,near_mint,en,false,USD,2025-11-18T07:24:09.852Z
hi,binder,Hog-Monkey,TLA,Avatar: The Last Airbender,104,normal,common,1,108206,4f442970-5355-4abf-8684-17daaa8e469b,0.23,false,false,false,near_mint,en,false,USD,2025-11-18T07:24:09.852Z
hi,binder,Foggy Swamp Hunters,TLA,Avatar: The Last Airbender,101,normal,common,1,109689,3f6e5869-ca25-4b98-a844-8a498cb40aab,0.27,false,false,false,near_mint,en,false,USD,2025-11-18T07:24:09.852Z
hi,binder,"Lo and Li, Twin Tutors",TLA,Avatar: The Last Airbender,108,normal,uncommon,1,109794,cba9260d-ef07-4429-99f9-6004cc1fea0f,0.24,false,false,false,near_mint,en,false,USD,2025-11-18T07:24:09.852Z
hi,binder,Swampsnare Trap,TLA,Avatar: The Last Airbender,120,normal,common,1,109709,6348b6bf-08a7-45f0-8b2d-2827ab89f21c,0.15,false,false,false,near_mint,en,false,USD,2025-11-18T07:24:09.852Z
hi,binder,Wartime Protestors,TLA,Avatar: The Last Airbender,160,normal,rare,1,109924,bac81940-d717-49ff-83b2-16a22bb2c988,0.18,false,false,false,near_mint,en,false,USD,2025-11-18T07:24:09.852Z
hi,binder,War Balloon,TLA,Avatar: The Last Airbender,159,normal,uncommon,1,109451,6829b20d-c2fa-41a6-89ca-f21c522d8866,0.11,false,false,false,near_mint,en,false,USD,2025-11-18T07:24:09.852Z
hi,binder,Boar-q-pine,TLA,Avatar: The Last Airbender,124,normal,common,1,109629,087a445c-5f63-45d6-83e8-20d22650db20,0.2,false,false,false,near_mint,en,false,USD,2025-11-18T07:24:09.852Z
hi,binder,Combustion Man,TLA,Avatar: The Last Airbender,127,normal,uncommon,1,109740,86f7399d-6876-4e85-ba34-ff1f97dc144a,0.22,false,false,false,near_mint,en,false,USD,2025-11-18T07:24:09.852Z
hi,binder,Yuyan Archers,TLA,Avatar: The Last Airbender,161,normal,common,1,108250,99244462-a996-4a5b-91fb-947045647d6d,0.24,false,false,false,near_mint,en,false,USD,2025-11-18T07:24:09.852Z
hi,binder,Bitter Work,TLA,Avatar: The Last Airbender,210,normal,uncommon,1,109686,3e8de6a9-9859-4ed2-8ece-ef80a7209be9,0.2,false,false,false,near_mint,en,false,USD,2025-11-18T07:24:09.852Z
hi,binder,Firebending Lesson,TLA,Avatar: The Last Airbender,138,normal,common,1,109926,fa940e68-010e-4b68-be8a-555d7068f7b4,0.21,false,false,false,near_mint,en,false,USD,2025-11-18T07:24:09.852Z
hi,binder,Fire Nation Cadets,TLA,Avatar: The Last Airbender,134,normal,common,1,109388,1a3a862c-9c9a-41cd-94d1-2d0cff22a6cd,0.22,false,false,false,near_mint,en,false,USD,2025-11-18T07:24:09.852Z
hi,binder,Guru Pathik,TLA,Avatar: The Last Airbender,223,normal,uncommon,2,109395,224a2241-0dce-4008-8d9c-86db40ec5f8b,0.2,false,false,false,near_mint,en,false,USD,2025-11-18T07:24:09.852Z
hi,binder,Honest Work,TLA,Avatar: The Last Airbender,55,normal,uncommon,1,109439,57e0ccb0-22f0-4e4d-9a47-c4fec2c7f251,0.21,false,false,false,near_mint,en,false,USD,2025-11-18T07:24:09.852Z
hi,binder,Forecasting Fortune Teller,TLA,Avatar: The Last Airbender,51,normal,common,1,109366,023e7ad4-6af0-4f29-a716-27a313974227,0.29,false,false,false,near_mint,en,false,USD,2025-11-18T07:24:09.852Z
hi,binder,Giant Koi,TLA,Avatar: The Last Airbender,53,normal,common,1,108186,3938ec1f-979c-48e5-bb13-bebace006a8f,0.54,false,false,false,near_mint,en,false,USD,2025-11-18T07:24:09.852Z
hi,binder,Knowledge Seeker,TLA,Avatar: The Last Airbender,60,normal,uncommon,1,109738,8554e862-f78a-42f5-b876-076aac6c9504,0.25,false,false,false,near_mint,en,false,USD,2025-11-18T07:24:09.852Z
hi,binder,Waterbending Lesson,TLA,Avatar: The Last Airbender,80,normal,common,1,108207,4f81e3b5-a0a9-4764-8c2d-b499ce1740b4,0.21,false,false,false,near_mint,en,false,USD,2025-11-18T07:24:09.852Z
hi,binder,"Hama, the Bloodbender",TLA,Avatar: The Last Airbender,224,normal,uncommon,1,109461,6fa1197d-7b19-4d86-81e2-5c87de87757b,0.23,false,false,false,near_mint,en,false,USD,2025-11-18T07:24:09.852Z
hi,binder,Gran-Gran,TLA,Avatar: The Last Airbender,54,normal,uncommon,1,109586,fa434b41-e5f7-4989-865a-95db67b05cb1,0.21,false,false,false,near_mint,en,false,USD,2025-11-18T07:24:09.852Z
hi,binder,First-Time Flyer,TLA,Avatar: The Last Airbender,49,normal,common,1,108296,ea22d29d-3a62-4ae2-91d5-21a678be9b48,0.24,false,false,false,near_mint,en,false,USD,2025-11-18T07:24:09.852Z
hi,binder,White Lotus Hideout,TLA,Avatar: The Last Airbender,281,normal,uncommon,1,109399,24d1e22c-0d99-4ed5-94f0-fd055fd8e2be,0.22,false,false,false,near_mint,en,false,USD,2025-11-18T07:24:09.852Z
hi,binder,Invasion Tactics,TLA,Avatar: The Last Airbender,183,normal,uncommon,1,109403,27c6330d-49f6-4707-b4d4-d1411fa422eb,0.19,false,false,false,near_mint,en,false,USD,2025-11-18T07:24:09.852Z
hi,binder,Sandbenders' Storm,TLA,Avatar: The Last Airbender,34,normal,common,1,109779,b3bf4a25-4329-4318-870a-2b06aa620dc4,0.23,false,false,false,near_mint,en,false,USD,2025-11-18T07:24:09.852Z
hi,binder,Turtle-Duck,TLA,Avatar: The Last Airbender,200,normal,common,1,108264,aefcd734-3916-4c77-9d98-3ea2c2795658,0.47,false,false,false,near_mint,en,false,USD,2025-11-18T07:24:09.852Z
hi,binder,Meteor Sword,TLA,Avatar: The Last Airbender,258,normal,uncommon,1,109712,68b1c746-a4b8-4a45-9f0e-3962f0ae40e3,0.21,false,false,false,near_mint,en,false,USD,2025-11-18T07:24:09.852Z
hi,binder,Water Tribe Captain,TLA,Avatar: The Last Airbender,41,normal,common,2,109632,0a0cdf97-1927-47c6-8ef1-29969e3567ee,0.24,false,false,false,near_mint,en,false,USD,2025-11-18T07:24:09.852Z
hi,binder,Omashu City,TLA,Avatar: The Last Airbender,275,normal,common,1,109535,c21e413b-96ed-4ded-b567-f1647074ce5f,0.28,false,false,false,near_mint,en,false,USD,2025-11-18T07:24:09.852Z
hi,binder,Sun-Blessed Peak,TLA,Avatar: The Last Airbender,280,normal,common,1,109515,ae04c862-095f-41d2-8aef-21036d5a0cdc,0.25,false,false,false,near_mint,en,false,USD,2025-11-18T07:24:09.852Z
hi,binder,Mountain,TLA,Avatar: The Last Airbender,285,normal,common,1,108275,c44f81ca-f72f-445c-8901-3a894a2a47f9,0.1,false,false,false,near_mint,en,false,USD,2025-11-18T07:24:09.852Z
hi,binder,Earth Rumble,TLA,Avatar: The Last Airbender,174,normal,uncommon,1,108218,62730505-56f1-4043-a8b9-4fb7bc508b47,0.2,false,false,false,near_mint,en,false,USD,2025-11-18T07:24:09.852Z
hi,binder,Canyon Crawler,TLA,Avatar: The Last Airbender,90,normal,common,1,109668,30a30bfb-f0f3-425b-b37d-20079ee27046,0.22,false,false,false,near_mint,en,false,USD,2025-11-18T07:24:09.852Z
hi,binder,The Fire Nation Drill,TLA,Avatar: The Last Airbender,98,normal,rare,1,109437,54d762f6-e131-480f-b294-10f5a63d9c98,0.41,false,false,false,near_mint,en,false,USD,2025-11-18T07:24:09.852Z
hi,binder,Cat-Gator,TLA,Avatar: The Last Airbender,91,normal,uncommon,1,108298,ec83a825-79e6-42a4-919c-3bc498ff4433,0.49,false,false,false,near_mint,en,false,USD,2025-11-18T07:24:09.852Z
hi,binder,Merchant of Many Hats,TLA,Avatar: The Last Airbender,110,normal,common,1,108229,752ffa24-93b6-4b33-bf10-7222357ac472,0.25,false,false,false,near_mint,en,false,USD,2025-11-18T07:24:09.852Z
hi,binder,Beetle-Headed Merchants,TLA,Avatar: The Last Airbender,86,normal,common,1,108273,c2eed79f-38c1-4aac-9525-d54cb114f17f,0.23,false,false,false,near_mint,en,false,USD,2025-11-18T07:24:09.852Z
hi,binder,Glider Kids,TLA,Avatar: The Last Airbender,21,normal,common,1,108154,0613afb5-4cee-4132-8adf-404767ed8d07,0.22,false,false,false,near_mint,en,false,USD,2025-11-18T07:24:09.852Z
hi,binder,Earth Kingdom Jailer,TLA,Avatar: The Last Airbender,16,normal,uncommon,1,109746,9207362c-3605-4794-803f-ad1d0175fcca,0.21,false,false,false,near_mint,en,false,USD,2025-11-18T07:24:09.852Z
hi,binder,Raucous Audience,TLA,Avatar: The Last Airbender,190,normal,common,1,108279,ccd03ec3-0fae-48b2-9f04-9c57d2f94267,0.21,false,false,false,near_mint,en,false,USD,2025-11-18T07:24:09.852Z
hi,binder,Foggy Swamp Vinebender,TLA,Avatar: The Last Airbender,180,normal,common,1,109727,78a75317-94f7-47a4-b4da-5a027fa73248,0.2,false,false,false,near_mint,en,false,USD,2025-11-18T07:24:09.852Z
hi,binder,"Bumi, King of Three Trials",TLA,Avatar: The Last Airbender,169,normal,uncommon,2,109758,a268697b-22b0-4e1b-a5b6-d9be95025e57,0.18,false,false,false,near_mint,en,false,USD,2025-11-18T07:24:09.852Z
hi,binder,Master Piandao,TLA,Avatar: The Last Airbender,28,normal,uncommon,1,108191,3e4a042c-f2a6-45e7-9444-acd1ca838b87,0.14,false,false,false,near_mint,en,false,USD,2025-11-18T07:24:09.852Z
hi,binder,Walltop Sentries,TLA,Avatar: The Last Airbender,202,normal,common,2,109818,e55f1c63-58f6-4e2b-aaeb-f2d5faca47a2,0.19,false,false,false,near_mint,en,false,USD,2025-11-18T07:24:09.852Z
hi,binder,Plains,TLA,Avatar: The Last Airbender,292,normal,common,1,109554,d812b6f3-83f0-44c9-8583-eb97fd8fade8,0.38,false,false,false,near_mint,en,false,USD,2025-11-18T07:24:09.852Z
hi,binder,Earth King's Lieutenant,TLA,Avatar: The Last Airbender,217,normal,rare,1,109421,4533d155-5c56-41a5-9d76-2d1414ac47c9,0.33,false,false,false,near_mint,en,false,USD,2025-11-18T07:24:09.852Z
hi,binder,Kyoshi Warriors,TLA,Avatar: The Last Airbender,26,normal,common,1,109651,211045e1-85c7-4088-b830-a2afa0fe520b,0.3,false,false,false,near_mint,en,false,USD,2025-11-18T07:24:09.852Z
hi,binder,Invasion Reinforcements,TLA,Avatar: The Last Airbender,24,normal,uncommon,1,109783,b8845bba-d116-43cd-8ae0-e553f3324d66,0.21,false,false,false,near_mint,en,false,USD,2025-11-18T07:24:09.852Z
hi,binder,Avatar's Wrath,TLA,Avatar: The Last Airbender,12,normal,rare,1,109423,4811072d-fac0-40dd-a5cf-9694d51b12cf,2.37,false,false,false,near_mint,en,false,USD,2025-11-18T07:24:09.852Z
hi,binder,Pillar Launch,TLA,Avatar: The Last Airbender,189,normal,common,1,108303,f177e9cc-0c41-417d-9215-5ff23a1a0657,0.33,false,false,false,near_mint,en,false,USD,2025-11-18T07:24:09.852Z
hi,binder,Razor Rings,TLA,Avatar: The Last Airbender,33,normal,common,1,108265,b05cfee5-ee59-4df6-a5f6-d9ef0fa7f98a,0.61,false,false,false,near_mint,en,false,USD,2025-11-18T07:24:09.852Z
hi,binder,Team Avatar,TLA,Avatar: The Last Airbender,38,normal,uncommon,1,109768,a9a5f6f7-f04d-477f-b67f-fd01a5dcc0f5,0.21,false,false,false,near_mint,en,false,USD,2025-11-18T07:24:09.852Z
hi,binder,Plains,TLA,Avatar: The Last Airbender,282,normal,common,1,108193,4069fb4a-8ee1-41ef-ab93-39a8cc58e0e5,0.13,false,false,false,near_mint,en,false,USD,2025-11-18T07:24:09.852Z
hi,binder,Airbender Ascension,TLA,Avatar: The Last Airbender,6,normal,rare,1,109497,99a90d13-891c-45cc-b1d5-6080ebae5862,0.96,false,false,false,near_mint,en,false,USD,2025-11-18T07:24:09.852Z
hi,binder,"Appa, Loyal Sky Bison",TLA,Avatar: The Last Airbender,9,normal,uncommon,1,109509,a9b2a843-c6fe-4d19-801e-1538e4381ab0,0.2,false,false,false,near_mint,en,false,USD,2025-11-18T07:24:09.852Z
hi,binder,Compassionate Healer,TLA,Avatar: The Last Airbender,13,normal,common,1,109483,88d5f8fd-d4de-4e64-9b74-e53719ffbcdc,0.23,false,false,false,near_mint,en,false,USD,2025-11-18T07:24:09.852Z
hi,binder,Avatar Enthusiasts,TLA,Avatar: The Last Airbender,11,normal,common,1,108124,7292e5f2-d5a1-4e39-8f75-eba471819f04,0.34,false,false,false,near_mint,en,false,USD,2025-11-18T07:24:09.852Z
hi,binder,Earth Village Ruffians,TLA,Avatar: The Last Airbender,219,normal,common,2,108212,56d4e0b7-232f-4953-84a3-e6f17781aa45,0.11,false,false,false,near_mint,en,false,USD,2025-11-18T07:24:09.852Z
hi,binder,Rebellious Captives,TLA,Avatar: The Last Airbender,191,normal,common,2,108293,e64a4a8b-323c-4c8b-92af-1a3295799e65,0.27,false,false,false,near_mint,en,false,USD,2025-11-18T07:24:09.852Z
hi,binder,"Joo Dee, One of Many",TLA,Avatar: The Last Airbender,105,normal,uncommon,2,109730,7ae1439f-a0c4-42c2-a4f3-8851defa981e,0.23,false,false,false,near_mint,en,false,USD,2025-11-18T07:24:09.852Z
hi,binder,Path to Redemption,TLA,Avatar: The Last Airbender,31,normal,common,3,108310,f936d64a-0db4-49c1-8a57-6d99e012a555,0.31,false,false,false,near_mint,en,false,USD,2025-11-18T07:24:09.852Z
hi,binder,Rumble Arena,TLA,Avatar: The Last Airbender,277,normal,common,3,109688,3f5d2c38-663c-4f64-8cfc-c102462e82ef,0.21,false,false,false,near_mint,en,false,USD,2025-11-18T07:24:09.852Z
hi,binder,Lightning Strike,TLA,Avatar: The Last Airbender,146,normal,common,2,108213,5787b0e0-9469-4a6d-8b81-c992628e28c0,0.37,false,false,false,near_mint,en,false,USD,2025-11-18T07:24:09.852Z
hi,binder,Otter-Penguin,TLA,Avatar: The Last Airbender,67,normal,common,3,108200,480b6279-bb34-4b3f-a639-868b52af92b9,0.68,false,false,false,near_mint,en,false,USD,2025-11-18T07:24:09.852Z
hi,binder,Watery Grasp,TLA,Avatar: The Last Airbender,82,normal,common,2,108177,26bcff57-428e-4f30-a153-a778fbfc437d,0.37,false,false,false,near_mint,en,false,USD,2025-11-18T07:24:09.852Z
hi,binder,"Aang, the Last Airbender",TLA,Avatar: The Last Airbender,4,normal,uncommon,2,108175,245e008c-e073-443f-9592-6f628c0026ec,0.22,false,false,false,near_mint,en,false,USD,2025-11-18T07:24:09.852Z
hi,binder,Earth Kingdom Soldier,TLA,Avatar: The Last Airbender,216,normal,common,3,108180,2d543d35-945a-4ffa-beb7-7c5d4f894f79,0.26,false,false,false,near_mint,en,false,USD,2025-11-18T07:24:09.852Z
hi,binder,Diligent Zookeeper,TLA,Avatar: The Last Airbender,171,normal,rare,2,109394,21f52564-9820-42dc-a08d-459d51afc397,0.59,false,false,false,near_mint,en,false,USD,2025-11-18T07:24:09.852Z
hi,binder,Fire Navy Trebuchet,TLA,Avatar: The Last Airbender,100,normal,uncommon,2,109820,e58372cc-9a89-47a4-a0db-df5435e26cd3,0.37,false,false,false,near_mint,en,false,USD,2025-11-18T07:24:09.852Z
hi,binder,Azula Always Lies,TLA,Avatar: The Last Airbender,84,normal,common,2,108194,416b9207-a2af-44d1-9b87-4943f6e46d42,0.23,false,false,false,near_mint,en,false,USD,2025-11-18T07:24:09.852Z
hi,binder,Jeong Jeong's Deserters,TLA,Avatar: The Last Airbender,25,normal,common,3,108152,060966f9-5e56-4512-9ef3-2b216daf093c,0.48,false,false,false,near_mint,en,false,USD,2025-11-18T07:24:09.852Z
hi,binder,Yip Yip!,TLA,Avatar: The Last Airbender,43,normal,common,2,109420,43f4b10e-165b-4100-82f3-728e1b0c78ed,0.46,false,false,false,near_mint,en,false,USD,2025-11-18T07:24:09.852Z
hi,binder,Ally,TTLA,Avatar: The Last Airbender Tokens,6,normal,common,2,109950,3f9ab0ca-fe08-4d90-9c54-3137620647cb,,false,false,false,near_mint,en,false,USD,2025-11-18T07:24:09.852Z
hi,binder,Ally,TTLA,Avatar: The Last Airbender Tokens,5,normal,common,3,109982,cae9c13e-fda2-4591-bd52-888d12194e4d,,false,false,false,near_mint,en,false,USD,2025-11-18T07:24:09.852Z
hi,binder,Ally,TTLA,Avatar: The Last Airbender Tokens,7,normal,common,3,109979,b52bae4c-3831-442a-a944-b1f3548dbd39,,false,false,false,near_mint,en,false,USD,2025-11-18T07:24:09.852Z
hi,binder,"Yue, the Moon Spirit",TLA,Avatar: The Last Airbender,83,foil,rare,1,108143,ecdac50f-c639-43fc-a03e-d488fac96ae2,6.26,false,false,false,near_mint,en,false,USD,2025-11-18T07:25:53.690Z
hi,binder,"Valgavoth, Terror Eater",DSK,Duskmourn: House of Horror,120,normal,mythic,1,98640,7740ff55-67bb-409e-90f7-2c2c8b8c770a,12.17,false,false,false,near_mint,en,false,USD,2025-11-18T07:38:28.778Z
hi,binder,Rite of the Moth,DSK,Duskmourn: House of Horror,229,normal,uncommon,2,98770,0e79123f-accd-4193-8c72-b750e0d6f3fa,0.09,false,false,false,near_mint,en,false,USD,2025-11-18T07:38:28.778Z
hi,binder,Sporogenic Infection,DSK,Duskmourn: House of Horror,117,normal,uncommon,3,99013,eaae086e-0781-4f4d-bc9c-a98228bc380c,0.09,false,false,false,near_mint,en,false,USD,2025-11-18T07:38:28.778Z
hi,binder,Cackling Slasher,DSK,Duskmourn: House of Horror,85,normal,common,3,99296,b1269ccf-febf-42b0-8c20-21ccb731a3ec,0.04,false,false,false,near_mint,en,false,USD,2025-11-18T07:38:28.778Z
hi,binder,Possessed Goat,DSK,Duskmourn: House of Horror,25,normal,common,4,99350,cd02b8ff-ff65-4a38-b8fb-f8dd130edbf7,0.03,false,false,false,near_mint,en,false,USD,2025-11-18T07:38:28.778Z
hi,binder,Piranha Fly,DSK,Duskmourn: House of Horror,70,normal,common,3,98742,cd891675-12d4-40df-996a-97d694155227,0.03,false,false,false,near_mint,en,false,USD,2025-11-18T07:38:28.778Z
hi,binder,Most Valuable Slayer,DSK,Duskmourn: House of Horror,144,normal,common,3,98910,c2b7b635-4c72-4129-bf95-1eef05cce3d3,0.05,false,false,false,near_mint,en,false,USD,2025-11-18T07:38:28.778Z
hi,binder,Plains,DSK,Duskmourn: House of Horror,272,normal,common,3,95617,e67ce864-bf29-42f1-81ca-a98022892eec,0.32,false,false,false,near_mint,en,false,USD,2025-11-18T07:38:28.778Z
hi,binder,Spider,TDSK,Duskmourn: House of Horror Tokens,12,normal,common,1,99149,4f8852eb-1318-40c2-aa2a-8c0e830cca71,,false,false,false,near_mint,en,false,USD,2025-11-18T07:38:28.778Z
hi,binder,Conductive Machete,DSK,Duskmourn: House of Horror,244,normal,uncommon,2,98958,1cf37c1a-096b-4306-97cf-bc4d4c47d4a1,0.03,false,false,false,near_mint,en,false,USD,2025-11-18T07:38:28.778Z
hi,binder,Plains,DSK,Duskmourn: House of Horror,278,normal,common,2,98847,756abff9-9810-4e2d-b1d7-ec4e2d6d5187,0.1,false,false,false,near_mint,en,false,USD,2025-11-18T07:38:28.778Z
hi,binder,Enduring Vitality,DSK,Duskmourn: House of Horror,176,normal,rare,1,98992,9d76a30c-0431-4334-892a-9822dda9671a,4.72,false,false,false,near_mint,en,false,USD,2025-11-18T07:38:28.778Z
hi,binder,Beastie Beatdown,DSK,Duskmourn: House of Horror,210,normal,uncommon,1,99176,5f889c95-46af-4fd9-aff2-573d5384fd58,0.1,false,false,false,near_mint,en,false,USD,2025-11-18T07:38:28.778Z
hi,binder,Let's Play a Game,DSK,Duskmourn: House of Horror,105,normal,uncommon,1,98980,645911b4-7728-4380-9097-e4139b986423,0.08,false,false,false,near_mint,en,false,USD,2025-11-18T07:38:28.778Z
hi,binder,Duskmourn's Domination,DSK,Duskmourn: House of Horror,50,normal,uncommon,1,98959,1d96dbc9-c2fd-42c1-9d55-5c14fa1c1c6f,0.03,false,false,false,near_mint,en,false,USD,2025-11-18T07:38:28.778Z
hi,binder,Friendly Teddy,DSK,Duskmourn: House of Horror,247,normal,common,3,98860,82b142be-4586-487a-8dd8-a55eff776458,0.05,false,false,false,near_mint,en,false,USD,2025-11-18T07:38:28.778Z
hi,binder,Bashful Beastie,DSK,Duskmourn: House of Horror,169,normal,common,1,98909,c20fa7ee-a4c2-4eb0-9467-195f3b894fa0,0.04,false,false,false,near_mint,en,false,USD,2025-11-18T07:38:28.778Z
hi,binder,Fear of Surveillance,DSK,Duskmourn: House of Horror,11,normal,common,1,98839,6e98559d-d9fd-4bdf-8df9-389eee756a3a,0.03,false,false,false,near_mint,en,false,USD,2025-11-18T07:38:28.778Z
hi,binder,Transcendent Envoy,WOC,Wilds of Eldraine Commander,81,normal,common,1,85231,042b3a3c-a105-4bfa-b0bb-f93d22401c85,0.22,false,false,false,near_mint,en,false,USD,2025-11-18T20:28:44.553Z
hi,binder,Talisman of Dominance,40K,"Warhammer 40,000 Commander",254,normal,uncommon,1,72588,fea79e31-97f9-4131-8101-99f7265758dd,1.1,false,false,false,near_mint,en,false,USD,2025-11-18T20:28:44.553Z
hi,binder,Plains,LCI,The Lost Caverns of Ixalan,287,normal,common,1,86333,b5453630-bfff-4403-a9a9-49f1534e1d42,0.4,false,false,false,near_mint,en,false,USD,2025-11-18T20:28:44.553Z
hi,binder,Island,LCI,The Lost Caverns of Ixalan,288,normal,common,3,86313,338e5b63-1fee-4a7c-af9b-483d383f79b7,0.36,false,false,false,near_mint,en,false,USD,2025-11-18T20:28:44.553Z
hi,binder,Island,ONE,Phyrexia: All Will Be One,263,normal,common,1,78228,5c6322d4-52bf-471a-a5b2-8329ef4be39a,0.26,false,false,false,near_mint,en,false,USD,2025-11-18T20:28:44.553Z
hi,binder,Swamp,MKM,Murders at Karlov Manor,274,normal,common,1,90874,53d0a415-26b8-4ba2-9503-b4ee2b93617c,0.3,false,false,false,near_mint,en,false,USD,2025-11-18T20:28:44.553Z
hi,binder,Swamp,MOM,March of the Machine,287,normal,common,1,80993,013612b4-fed9-4112-8018-9267ae608fd7,0.46,false,false,false,near_mint,en,false,USD,2025-11-18T20:28:44.553Z
hi,binder,Eidolon of Astral Winds,J25,Foundations Jumpstart,2,normal,rare,1,101398,fd62f1de-853e-4fc3-9137-8f419c5972f6,0.19,false,false,false,near_mint,en,false,USD,2025-11-18T20:28:44.553Z
hi,binder,Plains,FDN,Foundations,283,normal,common,1,100703,7a0f9892-89cd-46ff-bc87-114e175cb575,0.3,false,false,false,near_mint,en,false,USD,2025-11-18T20:28:44.553Z
hi,binder,Island,EOE,Edge of Eternities,263,normal,common,1,106783,76313c69-8ec7-49e3-a34e-ade26097284c,1.09,false,false,false,near_mint,en,false,USD,2025-11-18T20:28:44.553Z
hi,binder,"Victor, Valgavoth's Seneschal",DSK,Duskmourn: House of Horror,364,normal,rare,1,98697,1db4440e-0107-434d-9d8e-77a11bc0245a,0.37,false,false,false,near_mint,en,false,USD,2025-11-18T20:28:44.553Z
hi,binder,Swamp,DSK,Duskmourn: House of Horror,274,normal,common,1,95605,7442c1c7-1c10-4387-92e6-4bdea263064f,0.56,false,false,false,near_mint,en,false,USD,2025-11-18T20:28:44.553Z
hi,binder,Castle Vantress,DSC,Duskmourn: House of Horror Commander,267,normal,rare,1,99377,dead85f7-865c-4f7d-ad6c-014d4e90f8be,0.25,false,false,false,near_mint,en,false,USD,2025-11-18T22:50:55.287Z
hi,binder,Fervent Champion,ELD,Throne of Eldraine,360,normal,rare,1,45978,5e66e70e-354e-4c3c-9d5d-90f0bf1b857d,1.95,false,false,false,near_mint,en,false,USD,2025-11-18T22:50:55.287Z
hi,binder,Rowan's Stalwarts,ELD,Throne of Eldraine,307,normal,rare,1,46064,b537c4e3-88d1-430d-b4c8-16e0716d1927,0.13,false,false,false,near_mint,en,false,USD,2025-11-18T22:50:55.287Z
hi,binder,Curious Pair // Treats to Share,ELD,Throne of Eldraine,296,normal,common,1,46011,8a20f78f-32c6-4ba4-8389-1fde32ea42e4,0.11,false,false,false,near_mint,en,false,USD,2025-11-18T22:50:55.287Z
hi,binder,Smitten Swordmaster // Curry Favor,ELD,Throne of Eldraine,290,normal,common,1,46017,ea2a7e55-be1c-4552-92f0-c68f085f3a27,0.34,false,false,false,near_mint,en,false,USD,2025-11-18T22:50:55.287Z
hi,binder,Shepherd of the Flock // Usher to Safety,ELD,Throne of Eldraine,278,normal,uncommon,1,46029,a2a86ee7-f953-4fa2-8f28-a0c28afd733b,0.13,false,false,false,near_mint,en,false,USD,2025-11-18T22:50:55.287Z
hi,binder,Order of Midnight // Alter Fate,ELD,Throne of Eldraine,99,normal,uncommon,1,46239,330cc452-4382-401d-9432-ac27ae6e27ad,0.15,false,false,false,near_mint,en,false,USD,2025-11-18T22:50:55.287Z
hi,binder,Oakhame Adversary,ELD,Throne of Eldraine,167,normal,uncommon,1,46171,9fb4e77f-e189-4ad3-9fca-8da04289e396,0.26,false,false,false,near_mint,en,false,USD,2025-11-18T22:50:55.287Z
hi,binder,Fortifying Provisions,ELD,Throne of Eldraine,13,normal,common,1,46325,98ce113c-53da-4fab-b7c9-fc3df248b65e,0.05,false,false,false,near_mint,en,false,USD,2025-11-18T22:50:55.287Z
hi,binder,Wildwood Tracker,ELD,Throne of Eldraine,183,normal,common,1,46155,3538eba1-475a-4388-8a72-55ab7cd1027e,0.05,false,false,false,near_mint,en,false,USD,2025-11-18T22:50:55.287Z
hi,binder,Bake into a Pie,FDN,Foundations,169,normal,common,1,101494,2ab0e660-86a3-4b92-82fa-77dcb5db947d,0.04,false,false,false,near_mint,en,false,USD,2025-11-18T22:50:55.287Z
hi,binder,Queen of Ice // Rage of Winter,ELD,Throne of Eldraine,61,normal,common,1,46277,de2f964a-e4e1-4321-92ad-34b781868e11,0.05,false,false,false,near_mint,en,false,USD,2025-11-18T22:50:55.287Z
hi,binder,Barge In,ELD,Throne of Eldraine,112,normal,common,1,46226,9bfe337c-4b8c-42ce-8c43-4c95051d09ac,0.05,false,false,false,near_mint,en,false,USD,2025-11-18T22:50:55.287Z
hi,binder,Merfolk Secretkeeper // Venture Deeper,ELD,Throne of Eldraine,284,normal,common,1,46023,8182c9e0-861e-4736-997b-e79e62a2fec5,0.36,false,false,false,near_mint,en,false,USD,2025-11-18T22:50:55.287Z
hi,binder,Curious Pair // Treats to Share,ELD,Throne of Eldraine,150,normal,common,1,46188,7f78a570-d776-42f2-a609-6da0156c8de7,0.08,false,false,false,near_mint,en,false,USD,2025-11-18T22:50:55.287Z
hi,binder,Wolf,T2XM,Double Masters Tokens,19,normal,common,1,52027,cf371056-43dd-41ab-8d05-b16a8bdc8d28,0.33,false,false,false,near_mint,en,false,USD,2025-11-18T22:50:55.287Z
hi,binder,Hero,TFIN,Final Fantasy Tokens,8,normal,common,2,106008,7fc68b53-e23d-4762-aa53-e634e856be47,,false,false,false,near_mint,en,false,USD,2025-11-18T22:50:55.287Z
hi,binder,"Jidoor, Aristocratic Capital // Overture",FIN,Final Fantasy,284,normal,rare,2,105674,98b2d5b5-f85b-4c42-a0f5-a76f6af304ba,1.39,false,false,false,near_mint,en,false,USD,2025-11-18T22:50:55.287Z
hi,binder,You're Not Alone,FIN,Final Fantasy,44,normal,common,3,106327,1867b5cb-2bb0-4f49-b302-036fdffa2344,0.12,false,false,false,near_mint,en,false,USD,2025-11-18T22:50:55.287Z
hi,binder,Plains,FIN,Final Fantasy,296,normal,common,2,105750,ee86ac2f-f398-4422-8721-8ac859fbf5bc,0.17,false,false,false,near_mint,en,false,USD,2025-11-18T22:50:55.287Z
hi,binder,Gran Pulse Ochu,FIN,Final Fantasy,189,normal,common,6,106547,4dced21f-478c-4500-9484-af5864dea5cc,0.1,false,false,false,near_mint,en,false,USD,2025-11-18T22:50:55.287Z
hi,binder,Sephiroth's Intervention,FIN,Final Fantasy,116,normal,common,6,106297,cf7df82f-937a-443f-813f-2bcc6944c5c0,0.15,false,false,false,near_mint,en,false,USD,2025-11-18T22:50:55.287Z
hi,binder,Item Shopkeep,FIN,Final Fantasy,142,normal,common,4,106293,bd2db3f5-fd0d-4817-af90-6bea1f07e16b,0.07,false,false,false,near_mint,en,false,USD,2025-11-18T22:50:55.287Z
hi,binder,Dwarven Castle Guard,FIN,Final Fantasy,18,normal,common,5,106454,e17c0d27-e88d-4ba9-acbb-3f916cee3d7e,0.06,false,false,false,near_mint,en,false,USD,2025-11-18T22:50:55.287Z
hi,binder,Sahagin,FIN,Final Fantasy,71,normal,common,4,106276,516940c7-c271-4f64-af75-c7ba98548382,0.1,false,false,false,near_mint,en,false,USD,2025-11-18T22:50:55.287Z
hi,binder,Weapons Vendor,FIN,Final Fantasy,40,normal,common,5,106651,c9e6b374-3e44-4df7-b0a3-4ef98dc08267,0.11,false,false,false,near_mint,en,false,USD,2025-11-18T22:50:55.287Z
hi,binder,Hill Gigas,FIN,Final Fantasy,141,normal,common,3,106529,2a8b3e1e-5c10-4360-ac1c-83b2e026278c,0.06,false,false,false,near_mint,en,false,USD,2025-11-18T22:50:55.287Z
hi,binder,Elixir,FIN,Final Fantasy,256,normal,uncommon,2,106616,a4b05d37-df62-475c-8371-735ed2fa1b05,0.17,false,false,false,near_mint,en,false,USD,2025-11-18T22:50:55.287Z
hi,binder,"Shantotto, Tactician Magician",FIN,Final Fantasy,241,normal,uncommon,2,105752,eff984b2-6ea9-4471-91c5-99c47f87f10b,0.12,false,false,false,near_mint,en,false,USD,2025-11-18T22:50:55.287Z
hi,binder,Zack Fair,FIN,Final Fantasy,45,normal,uncommon,1,106237,f21f9161-5945-40da-8da0-446f6a4a1c23,0.1,false,false,false,near_mint,en,false,USD,2025-11-18T22:50:55.287Z
hi,binder,Mysidian Elder,FIN,Final Fantasy,145,normal,common,5,106566,6bc39af4-be19-4889-b930-df7ebf7b9481,0.18,false,false,false,near_mint,en,false,USD,2025-11-18T22:50:55.287Z
hi,binder,Blitzball Shot,FIN,Final Fantasy,176,normal,common,3,106417,ec8ab637-3d7d-4712-9f83-8920f808f715,0.08,false,false,false,near_mint,en,false,USD,2025-11-18T22:50:55.287Z
hi,binder,Undercity Dire Rat,FIN,Final Fantasy,123,normal,common,5,106270,274788f4-fbf3-4a15-bdc0-f513a2fde30d,0.16,false,false,false,near_mint,en,false,USD,2025-11-18T22:50:55.287Z
hi,binder,Ice Magic,FIN,Final Fantasy,56,normal,common,6,105677,9dabd626-7ec3-4913-babb-d5d3fd5e32d5,0.13,false,false,false,near_mint,en,false,USD,2025-11-18T22:50:55.287Z
hi,binder,Prishe's Wanderings,FIN,Final Fantasy,193,normal,common,5,106658,d6e1dee0-e2cd-4899-a3ea-7d0df717c9ab,0.12,false,false,false,near_mint,en,false,USD,2025-11-18T22:50:55.287Z
hi,binder,Galuf's Final Act,FIN,Final Fantasy,186,normal,uncommon,2,106266,0ce05634-6c01-4941-a135-904cb4e33ac4,0.07,false,false,false,near_mint,en,false,USD,2025-11-18T22:50:55.287Z
hi,binder,Black Waltz No. 3,FIN,Final Fantasy,214,normal,uncommon,3,106696,fe86e41b-b0f6-4aa1-8827-c095c721f304,0.24,false,false,false,near_mint,en,false,USD,2025-11-18T22:50:55.287Z
hi,binder,Auron's Inspiration,FIN,Final Fantasy,8,normal,uncommon,2,106349,77d82764-563c-4bc2-b568-625ec7215e0d,0.08,false,false,false,near_mint,en,false,USD,2025-11-18T22:50:55.287Z
hi,binder,Zell Dincht,FIN,Final Fantasy,170,normal,rare,1,104234,135d6b27-9168-4513-9d7d-56edae048857,0.36,false,false,false,near_mint,en,false,USD,2025-11-18T22:50:55.287Z
hi,binder,Stroke of Midnight,FCA,Final Fantasy: Through the Ages,26,normal,uncommon,1,106574,711135d0-7769-4154-873a-e2505f8795f0,0.58,false,false,false,near_mint,en,false,USD,2025-11-18T22:50:55.287Z
hi,binder,Gaelicat,FIN,Final Fantasy,22,normal,common,5,106528,29606c49-e1a4-49c3-883b-9122c08bbbc7,0.06,false,false,false,near_mint,en,false,USD,2025-11-18T22:50:55.287Z
hi,binder,"Gohn, Town of Ruin",FIN,Final Fantasy,278,normal,common,2,106602,99582781-613e-4a33-aec7-7569b4a961aa,0.1,false,false,false,near_mint,en,false,USD,2025-11-18T22:50:55.287Z
hi,binder,Hero,TFIN,Final Fantasy Tokens,2,normal,common,4,106175,d0657ce1-bf75-4007-ac1b-0623eb263357,,false,false,false,near_mint,en,false,USD,2025-11-18T22:50:55.287Z
hi,binder,"Heiko Yamazaki, the General",NEO,Kamigawa: Neon Dynasty,321,normal,uncommon,1,66603,c91040c0-f025-4843-8c0e-3ac1b76c8582,0.08,false,false,false,near_mint,en,false,USD,2025-11-18T22:50:55.287Z
hi,binder,"Jin-Gitaxias, Progress Tyrant",NEO,Kamigawa: Neon Dynasty,59,normal,mythic,1,66449,c57b4876-5387-4f73-b8e2-8e7bdca8b0bc,8.34,false,false,false,near_mint,en,false,USD,2025-11-18T22:50:55.287Z
hi,binder,Tales of Master Seshiro // Seshiro's Living Legacy,NEO,Kamigawa: Neon Dynasty,210,normal,common,1,66697,512bc867-3a86-4da2-93f0-dd76d6a6f30d,0.06,false,false,false,near_mint,en,false,USD,2025-11-18T22:50:55.287Z
hi,binder,Prosperous Thief,NEO,Kamigawa: Neon Dynasty,73,normal,uncommon,1,66613,da3f683e-5a28-4ae7-b53b-851b957123ba,0.23,false,false,false,near_mint,en,false,USD,2025-11-18T22:50:55.287Z
hi,binder,Silver-Fur Master,NEO,Kamigawa: Neon Dynasty,236,normal,uncommon,1,66452,cacc36d9-4c4b-43b2-a8b4-d265deb1e6b2,0.24,false,false,false,near_mint,en,false,USD,2025-11-18T22:50:55.287Z
hi,binder,Tamiyo's Compleation,NEO,Kamigawa: Neon Dynasty,83,normal,common,1,66436,aee62e43-6a82-4749-972b-e21802642abf,0.06,false,false,false,near_mint,en,false,USD,2025-11-18T22:50:55.287Z
hi,binder,Kaito's Pursuit,NEO,Kamigawa: Neon Dynasty,103,normal,common,1,66920,dd73fa5a-be0f-49a4-a921-afefbc8fa9c5,0.03,false,false,false,near_mint,en,false,USD,2025-11-18T22:50:55.287Z
hi,binder,Dokuchi Shadow-Walker,NEO,Kamigawa: Neon Dynasty,94,normal,common,1,66399,81496a81-c986-4749-a28c-45341764e28f,0.04,false,false,false,near_mint,en,false,USD,2025-11-18T22:50:55.287Z
hi,binder,Inkrise Infiltrator,NEO,Kamigawa: Neon Dynasty,100,normal,common,1,66606,cbb6e447-5f40-4039-8a17-257b4a55382c,0.04,false,false,false,near_mint,en,false,USD,2025-11-18T22:50:55.287Z
hi,binder,Asari Captain,NEO,Kamigawa: Neon Dynasty,327,normal,uncommon,1,66414,94158fdf-c794-4ce9-a04e-cb6922604d19,0.08,false,false,false,near_mint,en,false,USD,2025-11-18T22:50:55.287Z
hi,binder,"Eiganjo, Seat of the Empire",NEO,Kamigawa: Neon Dynasty,268,normal,rare,1,66798,c375a022-5b57-496d-a802-e4ea8376e9e4,4.07,false,false,false,near_mint,en,false,USD,2025-11-18T22:50:55.287Z
hi,binder,Twisted Embrace,NEO,Kamigawa: Neon Dynasty,125,normal,common,1,66922,e4c7919a-de62-46df-a937-593647473ef5,0.04,false,false,false,near_mint,en,false,USD,2025-11-18T22:50:55.287Z
hi,binder,Pilot,TNEO,Kamigawa: Neon Dynasty Tokens,1,normal,common,1,67121,be84f259-2809-48c9-9c70-861437f08c23,0.2,false,false,false,near_mint,en,false,USD,2025-11-18T22:50:55.287Z
hi,binder,Life of Toshiro Umezawa // Memory of Toshiro,NEO,Kamigawa: Neon Dynasty,108,normal,uncommon,1,66481,f7f4adf7-b871-417b-8904-7f024ca21486,0.1,false,false,false,near_mint,en,false,USD,2025-11-18T22:50:55.287Z
hi,binder,Hotshot Mechanic,NEO,Kamigawa: Neon Dynasty,16,normal,uncommon,1,66373,5a70e8fa-b71d-441e-b049-dacb09a9a7af,0.09,false,false,false,near_mint,en,false,USD,2025-11-18T22:50:55.287Z
hi,binder,Born to Drive,NEO,Kamigawa: Neon Dynasty,6,normal,uncommon,1,66627,ffdfad1f-d316-4023-9c79-8c24f1cd31d0,0.11,false,false,false,near_mint,en,false,USD,2025-11-18T22:50:55.287Z
hi,binder,Short Circuit,NEO,Kamigawa: Neon Dynasty,78,normal,common,1,66730,74fe0fb5-e994-41b1-a73d-4e68f7afdf34,0.05,false,false,false,near_mint,en,false,USD,2025-11-18T22:50:55.287Z
hi,binder,Disruption Protocol,NEO,Kamigawa: Neon Dynasty,51,normal,common,1,66631,053ab598-06a4-43ae-b9fd-c291bd05642c,0.13,false,false,false,near_mint,en,false,USD,2025-11-18T22:50:55.287Z
hi,binder,Brute Suit,NEO,Kamigawa: Neon Dynasty,241,normal,common,1,66866,363cb43a-e358-4380-a42f-9b095ca522c6,0.08,false,false,false,near_mint,en,false,USD,2025-11-18T22:50:55.287Z
hi,binder,Light the Way,NEO,Kamigawa: Neon Dynasty,24,normal,common,1,66522,3a2fd960-c4ec-4dfa-a61d-f8577b9d3519,0.03,false,false,false,near_mint,en,false,USD,2025-11-18T22:50:55.287Z
hi,binder,Heir of the Ancient Fang,NEO,Kamigawa: Neon Dynasty,325,normal,common,1,66538,54509524-92b9-41a3-8aba-a8955a7dfa1a,0.05,false,false,false,near_mint,en,false,USD,2025-11-18T22:50:55.287Z
hi,binder,Inkrise Infiltrator,NEO,Kamigawa: Neon Dynasty,341,normal,common,1,66625,f66aaba3-4a28-4fcf-926a-34bbbf0dbeb4,0.06,false,false,false,near_mint,en,false,USD,2025-11-18T22:50:55.287Z
hi,binder,Mountain,NEO,Kamigawa: Neon Dynasty,300,normal,common,1,66489,7d75969d-c932-4b4e-8135-61968228bc32,1.66,false,false,false,near_mint,en,false,USD,2025-11-18T22:50:55.287Z
hi,binder,Osseous Sticktwister,DSK,Duskmourn: House of Horror,112,normal,uncommon,1,98971,4f43473e-1302-4543-b331-1a86cfbc3ced,0.07,false,false,false,near_mint,en,false,USD,2025-11-19T08:09:52.368Z
hi,binder,Abandoned Campground,DSK,Duskmourn: House of Horror,255,normal,common,1,98675,ee0565f5-ebdb-43f9-bbb4-0485b1968937,0.07,false,false,false,near_mint,en,false,USD,2025-11-19T08:09:52.368Z
hi,binder,Manifest Dread,DSK,Duskmourn: House of Horror,189,normal,common,2,98994,a649265b-6c32-49e7-b6cb-6086c40d26e8,0.04,false,false,false,near_mint,en,false,USD,2025-11-19T08:09:52.368Z
hi,binder,Enduring Courage,DSK,Duskmourn: House of Horror,133,normal,rare,1,98941,f46ac55f-d68e-4d5d-af0a-3879f97f705e,1.66,false,false,false,near_mint,en,false,USD,2025-11-19T08:09:52.368Z
hi,binder,Overgrown Zealot,DSK,Duskmourn: House of Horror,193,normal,uncommon,2,98874,96d68d29-499a-4864-be18-bd98fda0d173,0.07,false,false,false,near_mint,en,false,USD,2025-11-19T08:09:52.368Z
hi,binder,Wildfire Wickerfolk,DSK,Duskmourn: House of Horror,239,normal,uncommon,1,98854,7c7fbc6e-09c6-4f0e-92e2-766aae950b3d,0.06,false,false,false,near_mint,en,false,USD,2025-11-19T08:09:52.368Z
hi,binder,Bear Trap,DSK,Duskmourn: House of Horror,243,normal,common,2,98931,e27c27d6-dc3a-4420-bb35-d97dc216e002,0.06,false,false,false,near_mint,en,false,USD,2025-11-19T08:09:52.368Z
hi,binder,Bedhead Beastie,DSK,Duskmourn: House of Horror,125,normal,common,2,99216,77c72b5b-dd81-4eb4-80d9-a0124e27e1dc,0.08,false,false,false,near_mint,en,false,USD,2025-11-19T08:09:52.368Z
hi,binder,Cautious Survivor,DSK,Duskmourn: House of Horror,172,normal,common,3,98937,ee2b4c1a-e058-4e06-bc46-e250fd9c9b54,0.03,false,false,false,near_mint,en,false,USD,2025-11-19T08:09:52.368Z
hi,binder,Ragged Playmate,DSK,Duskmourn: House of Horror,150,normal,common,1,98762,000499a4-3f39-4d25-a2a2-b2f014e30754,0.09,false,false,false,near_mint,en,false,USD,2025-11-19T08:09:52.368Z
hi,binder,Threats Around Every Corner,DSK,Duskmourn: House of Horror,200,normal,uncommon,1,98844,7201ee12-9104-48d8-aeec-08a318c8ee10,0.15,false,false,false,near_mint,en,false,USD,2025-11-19T08:09:52.368Z
hi,binder,Get Out,DSK,Duskmourn: House of Horror,60,normal,uncommon,1,99171,5d9471c8-2db9-4ce3-a1e5-42b85134cb8e,0.13,false,false,false,near_mint,en,false,USD,2025-11-19T08:09:52.368Z
hi,binder,Fanatic of the Harrowing,DSK,Duskmourn: House of Horror,96,normal,common,2,98699,2a0acb05-91e0-4f7c-b48b-99e1068fad16,0.02,false,false,false,near_mint,en,false,USD,2025-11-19T08:09:52.368Z
hi,binder,Ripchain Razorkin,DSK,Duskmourn: House of Horror,154,normal,common,2,99402,effad662-3309-434c-addc-4394db1f359c,0.04,false,false,false,near_mint,en,false,USD,2025-11-19T08:09:52.368Z
hi,binder,Razortrap Gorge,DSK,Duskmourn: House of Horror,267,normal,common,1,98654,98d0d067-b52d-47ec-ba7b-8cfcd716c0e5,0.12,false,false,false,near_mint,en,false,USD,2025-11-19T08:09:52.368Z
hi,binder,The Swarmweaver,DSK,Duskmourn: House of Horror,236,normal,rare,1,98747,dcf3b17b-f2f6-4702-864d-8c96100b0563,0.18,false,false,false,near_mint,en,false,USD,2025-11-19T08:09:52.368Z
hi,binder,Irreverent Gremlin,DSK,Duskmourn: House of Horror,142,normal,uncommon,2,98869,8da254f5-53f2-41d2-a4f0-a90b3dd6209c,0.06,false,false,false,near_mint,en,false,USD,2025-11-19T08:09:52.368Z
hi,binder,Patchwork Beastie,DSK,Duskmourn: House of Horror,195,normal,uncommon,2,98721,895de583-36d2-43fd-927f-8876d4302c73,0.09,false,false,false,near_mint,en,false,USD,2025-11-19T08:09:52.368Z
hi,binder,Found Footage,DSK,Duskmourn: House of Horror,246,normal,common,3,98899,b12eb087-762e-4e7d-a6e0-f48df603b7c7,0.04,false,false,false,near_mint,en,false,USD,2025-11-19T08:09:52.368Z
hi,binder,Murder,DSK,Duskmourn: House of Horror,110,normal,common,2,98802,2c249609-9cf7-46f1-b94c-9329add966bb,0.07,false,false,false,near_mint,en,false,USD,2025-11-19T08:09:52.368Z
hi,binder,Scorching Dragonfire,DSK,Duskmourn: House of Horror,156,normal,common,2,99284,a55f4f37-796a-4b18-a5ee-1d4f711f19b8,0.07,false,false,false,near_mint,en,false,USD,2025-11-19T08:09:52.368Z
hi,binder,Living Phone,DSK,Duskmourn: House of Horror,20,normal,common,2,99234,8266f93b-f91c-4427-a222-075ceb0be3af,0.05,false,false,false,near_mint,en,false,USD,2025-11-19T08:09:52.368Z
hi,binder,Wary Watchdog,DSK,Duskmourn: House of Horror,206,normal,common,2,98796,25ed97f2-b47e-49b7-9b1a-694c4bbeca3b,0.08,false,false,false,near_mint,en,false,USD,2025-11-19T08:09:52.368Z
hi,binder,Strangled Cemetery,DSK,Duskmourn: House of Horror,268,normal,common,1,98666,c1ce9250-bdbe-4c77-9243-6db9ffffe69b,0.06,false,false,false,near_mint,en,false,USD,2025-11-19T08:09:52.368Z
hi,binder,Don't Make a Sound,DSK,Duskmourn: House of Horror,49,normal,common,2,99305,b5f42e59-7315-41cb-9c41-346e44f0c5fb,0.03,false,false,false,near_mint,en,false,USD,2025-11-19T08:09:52.368Z
hi,binder,Clammy Prowler,DSK,Duskmourn: House of Horror,45,normal,common,3,98795,237f0b93-f12e-4c5f-a3d7-83e8f20f8493,0.04,false,false,false,near_mint,en,false,USD,2025-11-19T08:09:52.368Z
hi,binder,Dashing Bloodsucker,DSK,Duskmourn: House of Horror,90,normal,uncommon,1,98849,790a90cc-d36f-43b5-8423-89e30bdf7b9f,0.03,false,false,false,near_mint,en,false,USD,2025-11-19T08:09:52.368Z
hi,binder,Creeping Peeper,DSK,Duskmourn: House of Horror,46,normal,common,2,98851,7ad59368-1335-4d8e-a254-ccd889933e57,0.02,false,false,false,near_mint,en,false,USD,2025-11-19T08:09:52.368Z
hi,binder,Blazemire Verge,DSK,Duskmourn: House of Horror,256,normal,rare,1,98744,d151c8e2-d715-470d-868a-f45191db9fa0,5.63,false,false,false,near_mint,en,false,USD,2025-11-20T10:24:30.769Z
hi,binder,Fear of Being Hunted,DSK,Duskmourn: House of Horror,134,normal,uncommon,1,98881,a0a5e716-68c1-4fa0-aa08-5b08114e08d8,0.05,false,false,false,near_mint,en,false,USD,2025-11-20T10:24:30.769Z
hi,binder,Scrabbling Skullcrab,DSK,Duskmourn: House of Horror,71,normal,uncommon,2,98665,c1017b8e-e7fa-41de-8eb2-2e4a59db5117,0.17,false,false,false,near_mint,en,false,USD,2025-11-20T10:24:30.769Z
hi,binder,Cathartic Parting,DSK,Duskmourn: House of Horror,171,normal,uncommon,1,98983,6afc250a-854d-4555-ba78-db9283fa7c22,0.08,false,false,false,near_mint,en,false,USD,2025-11-20T10:24:30.769Z
hi,binder,Terramorphic Expanse,TDC,Tarkir: Dragonstorm Commander,408,normal,common,1,104843,9ff6e014-4811-44df-a7f8-a667a4a01f4f,0.11,false,false,false,near_mint,en,false,USD,2025-11-20T10:24:30.769Z
hi,binder,Manifest,TDSK,Duskmourn: House of Horror Tokens,18,normal,common,1,98602,01104ab1-84e1-4c78-853d-637c6554bdf9,,false,false,false,near_mint,en,false,USD,2025-11-20T10:24:30.769Z
hi,binder,Neglected Manor,DSK,Duskmourn: House of Horror,264,normal,common,2,98608,11cf1531-8a3c-4e28-a114-d3a342b33bb6,0.09,false,false,false,near_mint,en,false,USD,2025-11-20T12:27:08.534Z
hi,binder,Unidentified Hovership,DSK,Duskmourn: House of Horror,37,normal,rare,1,99324,bd23f168-9ad0-4b4e-bfff-ae004c163727,0.12,false,false,false,near_mint,en,false,USD,2025-11-20T12:27:08.534Z
hi,binder,Painter's Studio // Defaced Gallery,DSK,Duskmourn: House of Horror,147,normal,uncommon,1,99393,e96901eb-5b57-43f4-a7b1-ae3b809bc36e,0.06,false,false,false,near_mint,en,false,USD,2025-11-20T12:27:08.534Z
hi,binder,Fear of Isolation,DSK,Duskmourn: House of Horror,58,normal,uncommon,1,98634,69aa6054-8c59-4bbc-a283-adb453639786,0.11,false,false,false,near_mint,en,false,USD,2025-11-20T12:27:08.534Z
hi,binder,Meat Locker // Drowned Diner,DSK,Duskmourn: House of Horror,65,normal,common,1,99303,b3c773f0-9e65-48de-a362-a9a943198693,0.06,false,false,false,near_mint,en,false,USD,2025-11-20T12:27:08.534Z
hi,binder,"Marvin, Murderous Mimic",DSK,Duskmourn: House of Horror,253,normal,rare,2,98981,66898970-b99b-48f2-9240-68c301c95500,1.66,false,false,false,near_mint,en,false,USD,2025-11-20T12:27:08.534Z
hi,binder,Unstoppable Slasher,DSK,Duskmourn: House of Horror,119,normal,rare,1,98912,c78da035-6b5b-4136-9ab6-f622b64fdc54,2.44,false,false,false,near_mint,en,false,USD,2025-11-20T12:27:08.534Z
hi,binder,Betrayer's Bargain,DSK,Duskmourn: House of Horror,126,normal,uncommon,2,98850,7956ae00-8f0c-48f0-8110-19ff53863876,0.03,false,false,false,near_mint,en,false,USD,2025-11-20T12:27:08.534Z
hi,binder,Fear of Impostors,DSK,Duskmourn: House of Horror,57,normal,uncommon,2,98737,bdee441e-14ab-42d1-b447-5a6488fd713a,0.14,false,false,false,near_mint,en,false,USD,2025-11-20T12:27:08.534Z
hi,binder,Splitskin Doll,DSK,Duskmourn: House of Horror,33,normal,uncommon,1,98766,0453be94-e59b-48f1-a488-7a9fd96a627e,0.1,false,false,false,near_mint,en,false,USD,2025-11-20T12:27:08.534Z
hi,binder,Give In to Violence,DSK,Duskmourn: House of Horror,101,normal,common,3,98763,00ac1759-d4cc-41d5-a9b7-a89b80d2190c,0.06,false,false,false,near_mint,en,false,USD,2025-11-20T12:27:08.534Z
hi,binder,Balemurk Leech,DSK,Duskmourn: House of Horror,84,normal,common,2,99016,f0621b32-95c5-4f70-96cf-d46d20efc85d,0.04,false,false,false,near_mint,en,false,USD,2025-11-20T12:27:08.534Z
hi,binder,Ticket Booth // Tunnel of Hate,DSK,Duskmourn: House of Horror,158,normal,common,1,99039,058ffe36-ed2d-4b67-83cd-162db8383a32,0.07,false,false,false,near_mint,en,false,USD,2025-11-20T12:27:08.534Z
hi,binder,Acrobatic Cheerleader,DSK,Duskmourn: House of Horror,1,normal,common,1,98713,6f1a7590-3eee-4803-b192-d4fb771e6a86,0.02,false,false,false,near_mint,en,false,USD,2025-11-20T12:27:08.534Z
hi,binder,Vanish from Sight,DSK,Duskmourn: House of Horror,82,normal,common,3,98825,5254988b-3113-42f7-b751-517ffb3b40f0,0.02,false,false,false,near_mint,en,false,USD,2025-11-20T12:27:08.534Z
hi,binder,Roaring Furnace // Steaming Sauna,DSK,Duskmourn: House of Horror,343,normal,rare,2,99427,fe8e3d06-ae97-4f92-a379-b54e183e2aa0,0.3,false,false,false,near_mint,en,false,USD,2025-11-21T02:17:50.227Z
hi,binder,"Zimone, All-Questioning",DSK,Duskmourn: House of Horror,241,normal,rare,1,98639,7722f4f7-fe38-4107-a715-7b27b6a4e341,0.08,false,false,false,near_mint,en,false,USD,2025-11-21T02:17:50.227Z
hi,binder,Drag to the Roots,DSK,Duskmourn: House of Horror,213,normal,uncommon,1,98704,46f46095-6479-46b0-9e59-194d83f86a46,0.12,false,false,false,near_mint,en,false,USD,2025-11-21T02:17:50.227Z
hi,binder,Trial of Agony,DSK,Duskmourn: House of Horror,159,normal,uncommon,1,98947,fa62f67a-d20f-4d99-b0a2-327634299c9f,0.09,false,false,false,near_mint,en,false,USD,2025-11-21T02:17:50.227Z
hi,binder,Monstrous Emergence,DSK,Duskmourn: House of Horror,191,normal,common,1,99316,b999eb47-b842-47f1-be91-c79fc46e1896,0.06,false,false,false,near_mint,en,false,USD,2025-11-21T02:17:50.227Z
hi,binder,Break Down the Door,DSK,Duskmourn: House of Horror,170,normal,uncommon,1,98791,209e9bbc-a15d-47fc-b149-6b0c57dd09ea,0.12,false,false,false,near_mint,en,false,USD,2025-11-21T02:17:50.227Z
hi,binder,"Nashi, Searcher in the Dark",DSK,Duskmourn: House of Horror,223,normal,rare,1,98775,0fbf9e1e-43f2-499e-844d-22fc10dbad06,0.18,false,false,false,near_mint,en,false,USD,2025-11-21T02:17:50.227Z
hi,binder,"Stay Hidden, Stay Silent",DSK,Duskmourn: House of Horror,74,normal,uncommon,1,98735,b661ffe7-4f58-43fe-a1f1-dd7a6d4d28a7,0.07,false,false,false,near_mint,en,false,USD,2025-11-21T02:17:50.227Z
hi,binder,Frantic Strength,DSK,Duskmourn: House of Horror,179,normal,common,1,99000,bbd9d35d-7fd0-4193-9f7e-b8a59fae4ac5,0.04,false,false,false,near_mint,en,false,USD,2025-11-21T02:17:50.227Z
hi,binder,Glimmerlight,DSK,Duskmourn: House of Horror,249,normal,common,3,98777,1071691c-5c65-42d4-ac96-d302185ca678,0.07,false,false,false,near_mint,en,false,USD,2025-11-21T02:17:50.227Z
hi,binder,Boilerbilges Ripper,DSK,Duskmourn: House of Horror,127,normal,common,2,99066,1a68009c-83cd-455f-81e9-bdd720d23a43,0.02,false,false,false,near_mint,en,false,USD,2025-11-21T02:17:50.227Z
hi,binder,Moldering Gym // Weight Room,DSK,Duskmourn: House of Horror,190,normal,common,2,99081,245d5a61-c40c-4039-aea8-3ad61415b8f0,0.05,false,false,false,near_mint,en,false,USD,2025-11-21T02:17:50.227Z
hi,binder,Growing Dread,DSK,Duskmourn: House of Horror,216,normal,uncommon,1,98826,5479ac50-8335-4c6a-be99-750a44e24f25,0.08,false,false,false,near_mint,en,false,USD,2025-11-22T19:46:48.420Z
hi,binder,Infernal Phantom,DSK,Duskmourn: House of Horror,141,normal,uncommon,1,98678,f0c5999f-a185-4fc7-86fa-c4e5b091e768,0.03,false,false,false,near_mint,en,false,USD,2025-11-22T19:46:48.420Z
hi,binder,Unwanted Remake,DSK,Duskmourn: House of Horror,39,normal,uncommon,1,98644,7b54447f-1daf-4352-b5c3-3c0ec8b8f4d0,0.11,false,false,false,near_mint,en,false,USD,2025-11-22T19:46:48.420Z
hi,binder,Under the Skin,DSK,Duskmourn: House of Horror,203,normal,uncommon,1,98768,0aaf1ad3-00ad-48ec-a71f-812649d55e14,0.06,false,false,false,near_mint,en,false,USD,2025-11-22T19:46:48.420Z
hi,binder,Grand Entryway // Elegant Rotunda,DSK,Duskmourn: House of Horror,15,normal,common,1,98938,ef8a8ba7-f955-425d-9a16-816fc48a2a83,0.04,false,false,false,near_mint,en,false,USD,2025-11-22T19:46:48.420Z
hi,binder,Slavering Branchsnapper,DSK,Duskmourn: House of Horror,198,normal,common,1,98709,5ed7ca4d-5895-4074-8315-656363d14862,0.05,false,false,false,near_mint,en,false,USD,2025-11-22T19:46:48.420Z
hi,binder,Vicious Clown,DSK,Duskmourn: House of Horror,163,normal,common,2,98780,12649f73-9d29-4eed-bc89-cc0d1a8969e3,0.06,false,false,false,near_mint,en,false,USD,2025-11-22T19:46:48.420Z
hi,binder,Hardened Escort,DSK,Duskmourn: House of Horror,16,normal,common,1,98779,12054e10-46d6-4581-a7e5-ff277cb0e229,0.04,false,false,false,near_mint,en,false,USD,2025-11-22T19:46:48.420Z
hi,binder,Erratic Apparition,DSK,Duskmourn: House of Horror,54,normal,common,2,99287,a74fd612-2890-4333-a379-5bf7650fbb87,0.06,false,false,false,near_mint,en,false,USD,2025-11-22T19:46:48.420Z
hi,binder,Spineseeker Centipede,DSK,Duskmourn: House of Horror,199,normal,common,1,98904,b50d697c-8358-429b-8f79-7ad9d01a5edd,0.03,false,false,false,near_mint,en,false,USD,2025-11-22T19:46:48.420Z
hi,binder,Peculiar Lighthouse,DSK,Duskmourn: House of Horror,265,normal,common,1,98620,3a6e40c0-e70e-4353-a920-9851cfac71dd,0.07,false,false,false,near_mint,en,false,USD,2025-11-22T19:46:48.420Z
hi,binder,Raucous Carnival,DSK,Duskmourn: House of Horror,266,normal,common,1,98618,3604a211-9bf7-474e-bd78-32a862f4259c,0.11,false,false,false,near_mint,en,false,USD,2025-11-22T19:46:48.420Z
hi,binder,Withering Torment,DSK,Duskmourn: House of Horror,124,normal,uncommon,1,98810,38048d14-3463-4157-951f-1d68ec78a64e,2.57,false,false,false,near_mint,en,false,USD,2025-11-22T19:46:48.420Z
hi,binder,Trapped in the Screen,DSK,Duskmourn: House of Horror,36,normal,common,1,98790,1fe95bfb-8ca7-434f-a2e7-a6b2e699584e,0.07,false,false,false,near_mint,en,false,USD,2025-11-22T19:46:48.420Z
hi,binder,Fear of Abduction,DSK,Duskmourn: House of Horror,9,normal,uncommon,1,98949,fc9374be-5e4b-4c23-8b6e-94c03d4f5ef1,0.07,false,false,false,near_mint,en,false,USD,2025-11-22T19:46:48.420Z
hi,binder,Baseball Bat,DSK,Duskmourn: House of Horror,209,normal,uncommon,1,98816,438accb1-6d2c-4710-adeb-df4301a7b8f1,0.06,false,false,false,near_mint,en,false,USD,2025-11-22T19:46:48.420Z
hi,binder,Unnerving Grasp,DSK,Duskmourn: House of Horror,80,normal,uncommon,1,99158,5602756d-76d2-4502-965f-36fc44596123,0.04,false,false,false,near_mint,en,false,USD,2025-11-22T19:46:48.420Z
hi,binder,Unsettling Twins,DSK,Duskmourn: House of Horror,38,normal,common,2,98865,85da2e65-4e22-48b6-98ad-6969684d69e1,0.03,false,false,false,near_mint,en,false,USD,2025-11-22T19:46:48.420Z
hi,binder,Say Its Name,DSK,Duskmourn: House of Horror,197,normal,common,2,98725,94c58683-b5f2-4863-9562-6f6be1ec21fe,0.07,false,false,false,near_mint,en,false,USD,2025-11-22T19:46:48.420Z
hi,binder,Horror,TDSK,Duskmourn: House of Horror Tokens,10,normal,common,1,98965,36bb6907-e7d7-4f99-966a-ab09ca130fb8,,false,false,false,near_mint,en,false,USD,2025-11-22T19:46:48.420Z
hi,binder,Mountain,DSK,Duskmourn: House of Horror,275,normal,common,1,95606,8c8841b2-9b4e-4f65-8e30-1e9423cb8fbc,0.4,false,false,false,near_mint,en,false,USD,2025-11-22T19:46:48.420Z
hi,binder,Fear of Failed Tests,DSK,Duskmourn: House of Horror,55,normal,uncommon,2,98659,a87c39df-7636-454b-8485-a1cc9362fd84,0.04,false,false,false,near_mint,en,false,USD,2025-11-22T19:46:48.420Z
hi,binder,Defiled Crypt // Cadaver Lab,DSK,Duskmourn: House of Horror,91,normal,uncommon,1,99366,d94fb4da-0d3f-4d84-966b-914b84b23289,0.1,false,false,false,near_mint,en,false,USD,2025-11-23T06:22:52.064Z
hi,binder,Smoky Lounge // Misty Salon,DSK,Duskmourn: House of Horror,235,normal,uncommon,1,98621,4700987d-fc55-44eb-bc9f-0e0316ca65e2,0.07,false,false,false,near_mint,en,false,USD,2025-11-23T06:22:52.064Z
hi,binder,Hedge Shredder,DSK,Duskmourn: House of Horror,183,normal,rare,1,98812,39e83502-2ffd-4169-94e3-116701323ed5,1.9,false,false,false,near_mint,en,false,USD,2025-11-23T06:22:52.064Z
hi,binder,Clockwork Percussionist,DSK,Duskmourn: House of Horror,130,normal,common,1,98695,10986e5a-9fc6-41e2-8352-289328245171,0.08,false,false,false,near_mint,en,false,USD,2025-11-23T06:22:52.064Z
hi,binder,Chainsaw,DSK,Duskmourn: House of Horror,128,normal,rare,1,95601,54e0c2cd-fa5f-427d-8e15-6066f002a8e3,0.4,false,false,false,near_mint,en,false,USD,2025-11-23T06:22:52.064Z
hi,binder,Fear of Infinity,DSK,Duskmourn: House of Horror,214,normal,uncommon,1,98857,81756844-c642-406f-842d-35c1e404fec0,0.05,false,false,false,near_mint,en,false,USD,2025-11-23T06:22:52.064Z
hi,binder,Cynical Loner,DSK,Duskmourn: House of Horror,89,normal,uncommon,2,98918,cc93bcb8-778d-491e-877b-e6ad432764cb,0.17,false,false,false,near_mint,en,false,USD,2025-11-23T06:22:52.064Z
hi,binder,Bottomless Pool // Locker Room,DSK,Duskmourn: House of Horror,43,normal,uncommon,2,98832,606fe87c-d17b-4fa7-8e82-e7002d8229ef,0.09,false,false,false,near_mint,en,false,USD,2025-11-23T06:22:52.064Z
hi,binder,Plains,DSK,Duskmourn: House of Horror,277,normal,common,1,98787,1b499b37-efaf-4484-95e8-a70a9778c804,0.11,false,false,false,near_mint,en,false,USD,2025-11-23T06:22:52.064Z
hi,binder,Fear of Falling,DSK,Duskmourn: House of Horror,56,normal,uncommon,3,98771,0e814e48-cd9d-428f-90e2-74d97cb9c8f1,0.05,false,false,false,near_mint,en,false,USD,2025-10-20T23:34:28.879Z
hi,binder,Snowfield Sinkhole,CLB,Commander Legends: Battle for Baldur's Gate,915,normal,common,2,69478,3c6e17f2-b1e4-4189-a02f-92fa4b13a1ed,0.3,false,false,false,near_mint,en,false,USD,2025-10-21T01:38:32.364Z
hi,binder,Plains,AFR,Adventures in the Forgotten Realms,265,normal,common,1,58998,86626d69-78e0-42b9-81ed-fef46e3a89f7,0.13,false,false,false,near_mint,en,false,USD,2025-11-25T23:56:54.452Z
hi,binder,Plains,CMM,Commander Masters,439,normal,common,1,84949,db3036bd-95f0-403f-a6ba-b3b05f81a3c9,0.2,false,false,false,near_mint,en,false,USD,2025-11-25T23:56:54.452Z
hi,binder,Plains,DDG,Duel Decks: Knights vs. Dragons,39,normal,common,1,19937,18a72e75-762b-4760-937a-05031cdec732,0.1,false,false,false,near_mint,en,false,USD,2025-11-25T23:56:54.452Z
hi,binder,Plains,DDK,Duel Decks: Sorin vs. Tibalt,39,normal,common,1,16534,4a4b95d4-4ffb-4db1-80cf-c2c90839e8a3,0.09,false,false,false,near_mint,en,false,USD,2025-11-25T23:56:54.452Z
hi,binder,Swamp,THB,Theros Beyond Death,252,normal,common,1,46810,02cb5cfd-018e-4c5e-bef1-166262aa5f1d,1.72,false,false,false,near_mint,en,false,USD,2025-11-25T23:56:54.452Z
hi,binder,Generous Gift,CMM,Commander Masters,624,normal,common,1,84686,a1cd4438-a25d-4618-9e93-2c62f6bfc5f5,0.73,false,false,false,near_mint,en,false,USD,2025-11-25T23:56:54.452Z
hi,binder,Plains,S99,Starter 1999,155,normal,common,1,34547,d6913556-b199-4a77-9c82-ce1b8c63b8f6,0.35,false,false,false,near_mint,en,false,USD,2025-11-25T23:56:54.452Z
hi,binder,Plains,M21,Core Set 2021,260,normal,common,1,50800,4be96696-aff8-4ef9-97dc-8221ef745de9,0.18,false,false,false,near_mint,en,false,USD,2025-11-25T23:56:54.452Z
hi,binder,Swamp,BLB,Bloomburrow,272,normal,common,3,95736,0223cf7f-4c6e-487f-babb-a740a15e1f0c,0.24,false,false,false,near_mint,en,false,USD,2025-11-25T23:56:54.452Z
hi,binder,Swamp,BLB,Bloomburrow,271,normal,common,4,95840,dcdbc78a-7854-4a66-911f-a40b33e25f39,0.26,false,false,false,near_mint,en,false,USD,2025-11-25T23:56:54.452Z
hi,binder,Swamp,BRO,The Brothers' War,282,normal,common,2,75780,cabe866d-01c3-4ec5-9d41-70305208c2b1,0.4,false,false,false,near_mint,en,false,USD,2025-11-25T23:56:54.452Z
hi,binder,Flamescroll Celebrant // Revel in Silence,STX,Strixhaven: School of Mages,150,normal,rare,2,57993,0dba25e3-2b4f-45d4-965f-3834bcb359ee,0.16,false,false,false,near_mint,en,false,USD,2025-11-27T00:16:33.448Z
hi,binder,Opt,STA,Strixhaven Mystical Archive,19,normal,uncommon,1,58262,ab59ac4f-2a77-4566-85c0-32666447dcf2,0.29,false,false,false,near_mint,en,false,USD,2025-11-27T00:16:33.448Z
hi,binder,Augmenter Pugilist // Echoing Equation,STX,Strixhaven: School of Mages,147,normal,rare,1,58340,d9131fc3-018a-4975-8795-47be3956160d,0.22,false,false,false,near_mint,en,false,USD,2025-11-27T00:16:33.448Z
hi,binder,Dueling Coach,STX,Strixhaven: School of Mages,15,normal,uncommon,2,58079,45b3dbb0-0d68-4351-bfc9-a09c50454bf7,0.07,false,false,false,near_mint,en,false,USD,2025-11-27T00:16:33.448Z
hi,binder,Grinning Ignus,STX,Strixhaven: School of Mages,104,normal,uncommon,1,58325,cfa04897-6438-45e5-a10b-2e8afaf2b9eb,0.09,false,false,false,near_mint,en,false,USD,2025-11-27T00:16:33.448Z
hi,binder,Closing Statement,STX,Strixhaven: School of Mages,169,normal,uncommon,2,58159,785e6d07-fe40-4723-b963-02da0a0987c7,0.08,false,false,false,near_mint,en,false,USD,2025-11-27T00:16:33.448Z
hi,binder,Introduction to Prophecy,STX,Strixhaven: School of Mages,4,normal,common,3,58158,7820923e-bad2-4d6a-92b3-97b9737d2ca9,0.11,false,false,false,near_mint,en,false,USD,2025-11-27T00:16:33.448Z
hi,binder,Eager First-Year,STX,Strixhaven: School of Mages,16,normal,common,1,58163,7a83543b-3b6f-4e28-96f9-007b814bcfd6,0.07,false,false,false,near_mint,en,false,USD,2025-11-27T00:16:33.448Z
hi,binder,Lash of Malice,STX,Strixhaven: School of Mages,74,normal,common,1,58272,af3da2c6-29ed-4563-8bae-d1cc05df8897,0.07,false,false,false,near_mint,en,false,USD,2025-11-27T00:16:33.448Z
hi,binder,Twinscroll Shaman,STX,Strixhaven: School of Mages,118,normal,common,1,58195,87193af5-4b6b-48d0-9b75-8171bb1d6e53,0.06,false,false,false,near_mint,en,false,USD,2025-11-27T00:16:33.448Z
hi,binder,Square Up,STX,Strixhaven: School of Mages,238,normal,common,1,58066,3d548d5a-1dd7-448a-8483-249572e08c47,0.07,false,false,false,near_mint,en,false,USD,2025-11-27T00:16:33.448Z
hi,binder,Prismari Campus,CLB,Commander Legends: Battle for Baldur's Gate,909,normal,common,1,69645,bf90c219-508f-49af-a7f9-540021d49d8c,0.23,false,false,false,near_mint,en,false,USD,2025-11-27T00:16:33.448Z
hi,binder,Pest,TEOC,Edge of Eternities Commander Tokens,9,normal,common,3,107168,cf9587a6-7497-4f49-a5d0-a19fdfd969aa,,false,false,false,near_mint,en,false,USD,2025-11-27T00:16:33.448Z
hi,binder,Village Rites,STA,Strixhaven Mystical Archive,35,normal,uncommon,1,58343,da3de5c0-acda-4116-b0c5-eceb2c19cb2d,0.28,false,false,false,near_mint,en,false,USD,2025-11-27T00:16:33.448Z
hi,binder,Test of Talents,STX,Strixhaven: School of Mages,59,normal,uncommon,1,58136,6e2b6236-b40c-430c-98b0-7940b942657a,0.18,false,false,false,near_mint,en,false,USD,2025-11-27T00:16:33.448Z
hi,binder,Bookwurm,STX,Strixhaven: School of Mages,123,normal,uncommon,1,58106,57d230fc-d382-40b4-bdbd-5fe880fa16bf,0.07,false,false,false,near_mint,en,false,USD,2025-11-27T00:16:33.448Z
hi,binder,Maelstrom Muse,STX,Strixhaven: School of Mages,202,normal,uncommon,1,58099,5516e81e-16ea-411c-9df0-ed3b03670220,0.07,false,false,false,near_mint,en,false,USD,2025-11-27T00:16:33.448Z
hi,binder,Environmental Sciences,STX,Strixhaven: School of Mages,1,normal,common,2,58081,46b394fc-a99c-44e7-9226-da0699167541,0.18,false,false,false,near_mint,en,false,USD,2025-11-27T00:16:33.448Z
hi,binder,Arrogant Poet,STX,Strixhaven: School of Mages,63,normal,common,3,58100,556a0816-83c5-41dc-8546-213b21e2cceb,0.1,false,false,false,near_mint,en,false,USD,2025-11-27T00:16:33.448Z
hi,binder,Charge Through,STX,Strixhaven: School of Mages,124,normal,common,1,58373,ed16926f-feb0-481a-8c5e-88ea119752cd,0.07,false,false,false,near_mint,en,false,USD,2025-11-27T00:16:33.448Z
hi,binder,Pillardrop Warden,STX,Strixhaven: School of Mages,112,normal,common,1,58172,7d509f73-cd62-4116-9652-0ed801ed8b36,0.07,false,false,false,near_mint,en,false,USD,2025-11-27T00:16:33.448Z
hi,binder,Burrog Befuddler,FDN,Foundations,504,normal,common,1,101589,c5f11ea2-cd4c-417a-804c-3df80d9ddd5f,0.17,false,false,false,near_mint,en,false,USD,2025-11-27T00:16:33.448Z
hi,binder,Expel,STX,Strixhaven: School of Mages,18,normal,common,2,58297,be517a58-b7ee-4213-98a5-8c19e1b2def6,0.06,false,false,false,near_mint,en,false,USD,2025-11-27T00:16:33.448Z
hi,binder,Eureka Moment,DSC,Duskmourn: House of Horror Commander,216,normal,common,1,99251,904b7c23-4077-4529-acc1-3882f475c547,0.12,false,false,false,near_mint,en,false,USD,2025-11-27T00:16:33.448Z
hi,binder,Campus Guide,FDN,Foundations,251,normal,common,1,101504,43c59814-3167-4b05-bb85-6c736f3956a4,0.03,false,false,false,near_mint,en,false,USD,2025-11-27T00:16:33.448Z
hi,binder,Soothsayer Adept,STX,Strixhaven: School of Mages,55,normal,common,2,58371,eb93c9d2-88eb-403d-bb67-8e8b0462ac27,0.05,false,false,false,near_mint,en,false,USD,2025-11-27T00:16:33.448Z
hi,binder,Returned Pastcaller,STX,Strixhaven: School of Mages,224,normal,uncommon,1,58164,7aa0e762-0fec-4f6b-b3d7-ad8295bf557d,0.07,false,false,false,near_mint,en,false,USD,2025-11-27T18:42:52.704Z
hi,binder,Fracture,STX,Strixhaven: School of Mages,188,normal,uncommon,1,58245,a11224f8-06ea-4ec3-85e6-d5c8d906840c,0.45,false,false,false,near_mint,en,false,USD,2025-11-27T18:42:52.704Z
hi,binder,Secret Rendezvous,BLC,Bloomburrow Commander,152,normal,uncommon,1,96498,e198cc9f-a03c-49f2-8270-80864ce17508,0.13,false,false,false,near_mint,en,false,USD,2025-11-27T18:42:52.704Z
hi,binder,Combat Professor,STX,Strixhaven: School of Mages,11,normal,common,1,58070,3f669ac4-98ed-4e23-91a9-281f8277ab04,0.04,false,false,false,near_mint,en,false,USD,2025-11-27T18:42:52.704Z
hi,binder,Reduce to Memory,STX,Strixhaven: School of Mages,25,normal,uncommon,1,58168,7bfc408e-34d6-4e94-8678-4cc229cbc6f5,0.12,false,false,false,near_mint,en,false,USD,2025-11-27T18:42:52.704Z
hi,binder,Silverquill Apprentice,STX,Strixhaven: School of Mages,231,normal,uncommon,2,58076,42d0770e-9084-4aa7-b543-2b6ba18378dc,0.07,false,false,false,near_mint,en,false,USD,2025-11-27T18:42:52.704Z
hi,binder,"Quintorius, Field Historian",STX,Strixhaven: School of Mages,220,normal,uncommon,1,57979,06c55ef1-8e62-4d43-bd4c-b2c3c5203338,0.07,false,false,false,near_mint,en,false,USD,2025-11-27T18:42:52.704Z
hi,binder,Lorehold Campus,STX,Strixhaven: School of Mages,268,normal,common,1,58332,d35461cf-becf-4399-8329-64b4496b7fc2,0.12,false,false,false,near_mint,en,false,USD,2025-11-27T18:42:52.704Z
hi,binder,Guiding Voice,STX,Strixhaven: School of Mages,19,normal,common,1,58335,d6fb3163-12ca-4a7f-a0c7-b8ddfc9408a0,0.04,false,false,false,near_mint,en,false,USD,2025-11-27T18:42:52.704Z
hi,binder,Silverquill Campus,MOC,March of the Machine Commander,423,normal,common,1,81719,66314fd2-c36b-431d-83e5-c0f8146d3f19,0.16,false,false,false,near_mint,en,false,USD,2025-11-27T18:42:52.704Z
hi,binder,Show of Confidence,STX,Strixhaven: School of Mages,28,normal,uncommon,2,58127,65837f39-deb7-4a4b-8b67-125a71cd0d45,0.13,false,false,false,near_mint,en,false,USD,2025-11-27T18:42:52.704Z
hi,binder,Cogwork Archivist,STX,Strixhaven: School of Mages,254,normal,common,1,58206,8c024a2d-20fb-478b-a62e-e3590a1e3ac1,0.05,false,false,false,near_mint,en,false,USD,2025-11-27T18:42:52.704Z
hi,binder,Specter of the Fens,STX,Strixhaven: School of Mages,87,normal,common,1,58145,73e3cfbc-7177-4bbc-89c4-560c9c2f97db,0.05,false,false,false,near_mint,en,false,USD,2025-11-27T18:42:52.704Z
hi,binder,Aegis of the Gods,JOU,Journey into Nyx,1,normal,rare,1,14648,f2b2f381-86a2-42ac-b694-dcde437d574f,1.15,false,false,false,near_mint,en,false,USD,2025-11-27T18:42:52.704Z
hi,binder,Honor Troll,STX,Strixhaven: School of Mages,134,normal,uncommon,1,58258,a9c6a6b9-f00c-46a5-8dab-796483e3a262,0.05,false,false,false,near_mint,en,false,USD,2025-11-27T18:42:52.704Z
hi,binder,Letter of Acceptance,CMM,Commander Masters,397,normal,common,1,84744,ae094ace-1760-4bdd-a513-04616fb0deeb,0.05,false,false,false,near_mint,en,false,USD,2025-11-27T18:42:52.704Z
hi,binder,Pestilent Cauldron // Restorative Burst,STX,Strixhaven: School of Mages,154,normal,rare,1,58261,aaa1e6be-08cc-4ccc-b2de-3511613e4fd0,0.09,false,false,false,near_mint,en,false,USD,2025-11-27T18:42:52.704Z
hi,binder,Tangletrap,STX,Strixhaven: School of Mages,145,normal,common,1,58180,80fbf729-00c0-4237-8294-c857f96364d3,0.04,false,false,false,near_mint,en,false,USD,2025-11-27T18:42:52.704Z
hi,binder,Witherbloom Campus,STX,Strixhaven: School of Mages,275,normal,common,1,58144,7346fb2e-754e-47de-b33d-eb089b357ee4,0.09,false,false,false,near_mint,en,false,USD,2025-11-27T18:42:52.704Z
hi,binder,Fortifying Draught,STX,Strixhaven: School of Mages,132,normal,uncommon,1,58132,6789b717-a000-464a-a39b-32c1aeefe560,0.05,false,false,false,near_mint,en,false,USD,2025-11-27T18:42:52.704Z
hi,binder,Master Symmetrist,STX,Strixhaven: School of Mages,138,normal,uncommon,1,58034,255cdc39-6ad8-4831-9718-6712cb17654c,0.08,false,false,false,near_mint,en,false,USD,2025-11-27T18:42:52.704Z
hi,binder,Novice Dissector,STX,Strixhaven: School of Mages,79,normal,common,1,58087,4c4677bc-736b-4bf2-851e-b158718a4224,0.03,false,false,false,near_mint,en,false,USD,2025-11-27T18:42:52.704Z
hi,binder,Cram Session,STX,Strixhaven: School of Mages,170,normal,common,1,58313,c59a249f-35ed-447a-845b-32ba5a53124e,0.06,false,false,false,near_mint,en,false,USD,2025-11-27T18:42:52.704Z
hi,binder,Callous Bloodmage,STX,Strixhaven: School of Mages,66,normal,rare,1,58181,81358736-65cf-44d8-819e-d0268d14cc76,0.21,false,false,false,near_mint,en,false,USD,2025-11-27T18:42:52.704Z
hi,binder,Field Trip,STX,Strixhaven: School of Mages,131,normal,common,1,58383,f235060a-eb49-4a73-bb5f-01228c3c4070,0.05,false,false,false,near_mint,en,false,USD,2025-11-27T18:42:52.704Z
hi,binder,Bayou Groff,STX,Strixhaven: School of Mages,121,normal,common,1,58085,4a82b032-b1ba-456c-abab-c0f7430b0587,0.06,false,false,false,near_mint,en,false,USD,2025-11-27T18:42:52.704Z
hi,binder,Accomplished Alchemist,STX,Strixhaven: School of Mages,119,normal,rare,1,57992,0d7b7830-b65e-4c53-98e8-152026764e4b,0.24,false,false,false,near_mint,en,false,USD,2025-11-27T18:42:52.704Z
hi,binder,Devastating Mastery,STX,Strixhaven: School of Mages,14,normal,rare,2,58062,3b6be019-29b9-4c81-9899-aefeaf9cc977,0.15,false,false,false,near_mint,en,false,USD,2025-11-27T18:42:52.704Z
hi,binder,Excavated Wall,STX,Strixhaven: School of Mages,255,normal,common,3,58411,fed54d00-b11f-4529-864c-63a114617b36,0.06,false,false,false,near_mint,en,false,USD,2025-11-27T18:42:52.704Z
hi,binder,Unwilling Ingredient,STX,Strixhaven: School of Mages,90,normal,common,2,58048,30448144-639a-43c7-a408-bd6ed543c231,0.05,false,false,false,near_mint,en,false,USD,2025-11-27T18:42:52.704Z
hi,binder,Plumb the Forbidden,BLC,Bloomburrow Commander,188,normal,uncommon,2,96513,eaea189c-9973-435e-975d-dc47a331b28a,0.3,false,false,false,near_mint,en,false,USD,2025-11-27T18:42:52.704Z
hi,binder,Promising Duskmage,STX,Strixhaven: School of Mages,85,normal,common,2,58046,2ea0dff9-71c3-4d56-aa7b-e0fb9938529a,0.05,false,false,false,near_mint,en,false,USD,2025-11-27T18:42:52.704Z
hi,binder,Moldering Karok,STX,Strixhaven: School of Mages,206,normal,common,2,58141,70c2ef30-0db5-4ef5-999c-7ffa48769421,0.03,false,false,false,near_mint,en,false,USD,2025-11-27T18:42:52.704Z
hi,binder,Emergent Sequence,STX,Strixhaven: School of Mages,129,normal,uncommon,1,57974,04a81975-5f0e-4593-a2da-b9689f9a985f,0.07,false,false,false,near_mint,en,false,USD,2025-11-27T18:42:52.704Z
hi,binder,Pest Summoning,STX,Strixhaven: School of Mages,211,normal,common,1,58121,6267e19a-a777-4767-8433-86b6624362b6,0.05,false,false,false,near_mint,en,false,USD,2025-11-27T19:49:23.732Z
hi,binder,Expanded Anatomy,STX,Strixhaven: School of Mages,2,normal,common,1,58312,c5642b9d-0daa-4e6b-ad48-f88dd37d6574,0.06,false,false,false,near_mint,en,false,USD,2025-11-27T19:49:23.732Z
hi,binder,Containment Breach,STX,Strixhaven: School of Mages,125,normal,uncommon,2,57995,0dcca120-b72e-4007-98e1-cb22e7b9a705,0.07,false,false,false,near_mint,en,false,USD,2025-11-27T19:49:23.732Z
hi,binder,Molten Tributary,DMU,Dominaria United,251,normal,common,1,71309,20aff4af-5128-432f-a8c8-65b6909d31ac,0.31,false,false,false,near_mint,en,false,USD,2025-12-01T22:33:40.570Z
hi,binder,Jaya's Firenado,DMU,Dominaria United,134,normal,common,1,71428,4b78eaab-819c-4f06-b3b1-a25c17ab2235,0.04,false,false,false,near_mint,en,false,USD,2025-12-01T22:33:40.570Z
hi,binder,Eerie Soultender,DMU,Dominaria United,92,normal,common,1,71363,335f3146-743c-4a25-86b5-c45e9c66eb15,0.04,false,false,false,near_mint,en,false,USD,2025-12-01T22:33:40.570Z
hi,binder,Timely Interference,DMU,Dominaria United,70,normal,common,1,71209,017a3c6b-9a1e-403a-9c20-2360090d39ee,0.05,false,false,false,near_mint,en,false,USD,2025-12-01T22:33:40.570Z
hi,binder,Splatter Goblin,DMU,Dominaria United,109,normal,common,1,71437,5045027d-0ff4-484c-b4cb-e0b61885d428,0.07,false,false,false,near_mint,en,false,USD,2025-12-01T22:33:40.570Z
hi,binder,Voda Sea Scavenger,DMU,Dominaria United,74,normal,common,1,71335,2a3cc789-cbb8-4dae-a749-af169832dd7b,0.09,false,false,false,near_mint,en,false,USD,2025-12-01T22:33:40.570Z
hi,binder,Argivian Cavalier,DMU,Dominaria United,4,normal,common,1,71454,57746e72-ba9f-4717-a4a2-6c6a039080c3,0.02,false,false,false,near_mint,en,false,USD,2025-12-01T22:33:40.570Z
hi,binder,Flowstone Infusion,DMU,Dominaria United,124,normal,common,1,71711,b57c3674-9a31-4418-b306-e6b0a2514d8f,0.06,false,false,false,near_mint,en,false,USD,2025-12-01T22:33:40.570Z
hi,binder,Linebreaker Baloth,DMU,Dominaria United,168,normal,uncommon,1,71275,15cc59c7-6478-4f84-898a-7e0fed10f004,0.07,false,false,false,near_mint,en,false,USD,2025-12-01T22:33:40.570Z
hi,binder,Cleaving Skyrider,DMU,Dominaria United,12,normal,uncommon,1,71500,6544a289-3b27-4980-8ed7-22f50ae92c1a,0.04,false,false,false,near_mint,en,false,USD,2025-12-01T22:33:40.570Z
hi,binder,"Baird, Argivian Recruiter",DMU,Dominaria United,195,normal,uncommon,1,71306,1f643d78-d8d8-4645-9357-a68ebd0d3517,0.09,false,false,false,near_mint,en,false,USD,2025-12-01T22:33:40.570Z
hi,binder,Shadow-Rite Priest,DMU,Dominaria United,106,normal,rare,1,71761,c9e43116-a489-4557-a47f-623d915a2b79,0.24,false,false,false,near_mint,en,false,USD,2025-12-01T22:33:40.570Z
hi,binder,Plains,DMU,Dominaria United,262,normal,common,1,71459,5822b027-369d-46da-b6dd-c31207e2f449,0.06,false,false,false,near_mint,en,false,USD,2025-12-01T22:33:40.570Z
hi,binder,Ornithopter,TDMU,Dominaria United Tokens,22,normal,common,1,71669,a63d3174-75af-4dfa-b2f9-c4330c755af1,0.11,false,false,false,near_mint,en,false,USD,2025-12-01T22:33:40.570Z
hi,binder,Flowstone Kavu,DMU,Dominaria United,125,normal,common,1,71540,73e40916-3502-448a-a509-f6a6ff3cd73d,0.03,false,false,false,near_mint,en,false,USD,2025-12-01T22:33:40.570Z
hi,binder,Dinosaur,TLCI,The Lost Caverns of Ixalan Tokens,10,normal,common,1,88370,2bbb7151-cf71-49bc-8d99-b0230d5465e5,0.25,false,false,false,near_mint,en,false,USD,2025-12-01T22:33:40.570Z
hi,binder,Inverted Iceberg // Iceberg Titan,LCI,The Lost Caverns of Ixalan,60,normal,common,2,88804,ac5e9a53-cc4f-4ced-8088-5a73d619eae3,0.06,false,false,false,near_mint,en,false,USD,2025-12-01T22:33:40.570Z
hi,binder,Seismic Monstrosaur,LCI,The Lost Caverns of Ixalan,166,normal,common,1,88725,98aeb9dc-18f9-4120-ac3d-226c62a1dc1d,0.04,false,false,false,near_mint,en,false,USD,2025-12-01T22:33:40.570Z
hi,binder,Cavern Stomper,LCI,The Lost Caverns of Ixalan,177,normal,common,1,88957,decdfd6b-55ab-47fd-9f98-1845261f1caf,0.05,false,false,false,near_mint,en,false,USD,2025-12-01T22:33:40.570Z
hi,binder,Soaring Sandwing,LCI,The Lost Caverns of Ixalan,35,normal,common,1,88987,e7833724-aec6-41a4-a7ea-2aa722467732,0.07,false,false,false,near_mint,en,false,USD,2025-12-01T22:33:40.570Z
hi,binder,Mountain,LCI,The Lost Caverns of Ixalan,290,normal,common,3,86323,7cb82fdb-5090-45c0-ae67-4846667c8625,0.5,false,false,false,near_mint,en,false,USD,2025-12-01T22:33:40.570Z
hi,binder,Goblin Tomb Raider,LCI,The Lost Caverns of Ixalan,151,normal,common,3,88218,018160fe-f602-43f5-8495-241a08eaa69c,0.15,false,false,false,near_mint,en,false,USD,2025-12-01T22:33:40.570Z
hi,binder,Braided Net // Braided Quipu,LCI,The Lost Caverns of Ixalan,47,normal,rare,1,88560,68a6ede0-6d57-4e29-9e3b-3569ab7f0bcd,0.12,false,false,false,near_mint,en,false,USD,2025-12-01T22:33:40.570Z
hi,binder,Earthshaker Dreadmaw,LCI,The Lost Caverns of Ixalan,325,normal,uncommon,1,88300,158ad2e4-5e81-439b-9629-a9d217c45d83,0.11,false,false,false,near_mint,en,false,USD,2025-12-01T22:33:40.570Z
hi,binder,Bat Colony,LCI,The Lost Caverns of Ixalan,5,normal,uncommon,1,88319,1c02134c-ec9f-4090-820e-8ba7ae4a8c2b,0.06,false,false,false,near_mint,en,false,USD,2025-12-01T22:33:40.570Z
hi,binder,Scampering Surveyor,LCI,The Lost Caverns of Ixalan,260,normal,uncommon,1,88819,afcb2a90-d4c0-4c83-8ee7-2ac3a23b4402,0.11,false,false,false,near_mint,en,false,USD,2025-12-01T22:33:40.570Z
hi,binder,Calamitous Cave-In,LCI,The Lost Caverns of Ixalan,139,normal,uncommon,1,88642,8341ddd9-aac1-4773-b8ce-51e35f696263,0.04,false,false,false,near_mint,en,false,USD,2025-12-01T22:33:40.570Z
hi,binder,The Masamune,FIN,Final Fantasy,264,normal,rare,1,106694,fc408575-8ef7-4043-b6b7-b38cef7c97d1,0.63,false,false,false,near_mint,en,false,USD,2025-12-01T22:33:40.570Z
hi,binder,Combat Tutorial,FIN,Final Fantasy,48,normal,common,4,106679,ec195607-ac30-4931-acfd-f9d8ac8b047f,0.19,false,false,false,near_mint,en,false,USD,2025-12-01T22:33:40.570Z
hi,binder,Mountain,FIN,Final Fantasy,305,normal,common,1,105745,ea1735b9-fd10-4c9c-b9d3-046d8c22b852,0.19,false,false,false,near_mint,en,false,USD,2025-12-01T22:33:40.570Z
hi,binder,Ice Flan,FIN,Final Fantasy,55,normal,common,4,106357,ad304c9c-943f-442f-bb82-ff378ad7d7ba,0.11,false,false,false,near_mint,en,false,USD,2025-12-01T22:33:40.570Z
hi,binder,Magitek Armor,FIN,Final Fantasy,24,normal,uncommon,3,106432,59c4a1a2-623c-43b2-8005-ecb5c6436c10,0.04,false,false,false,near_mint,en,false,USD,2025-12-01T22:33:40.570Z
hi,binder,Thief's Knife,FIN,Final Fantasy,81,normal,uncommon,2,106645,c2dcfd0a-3f52-4616-a09a-fd2db8b6b93e,0.1,false,false,false,near_mint,en,false,USD,2025-12-01T22:33:40.570Z
hi,binder,Samurai's Katana,FIN,Final Fantasy,154,normal,uncommon,2,106267,11f1d378-c78c-402a-ac46-2d32598c23e7,0.12,false,false,false,near_mint,en,false,USD,2025-12-01T22:33:40.570Z
hi,binder,Hidden Nursery,M3C,Modern Horizons 3 Commander,349,normal,common,3,95076,fcd447b3-4d96-4d85-924d-2c5043ba054f,0.09,false,false,false,near_mint,en,false,USD,2025-12-01T22:33:40.570Z
hi,binder,Armored Kincaller,LCI,The Lost Caverns of Ixalan,174,normal,common,1,88834,b76a46a1-a63e-460a-98c5-699dd1c827aa,0.07,false,false,false,near_mint,en,false,USD,2025-12-01T22:33:40.570Z
hi,binder,Panicked Altisaur,LCI,The Lost Caverns of Ixalan,159,normal,common,2,88807,ad371c97-a266-4a88-9d28-2e889a37ba00,0.05,false,false,false,near_mint,en,false,USD,2025-12-01T22:33:40.570Z
hi,binder,Map,TLCI,The Lost Caverns of Ixalan Tokens,17,normal,common,3,88549,64839118-09d2-4645-9d3c-f80755ac781f,0.24,false,false,false,near_mint,en,false,USD,2025-12-01T23:05:17.091Z
hi,binder,Deathcap Marionette,LCI,The Lost Caverns of Ixalan,100,normal,common,1,88894,ccc9d22c-dfce-4136-aed8-a5fe9bb852f2,0.07,false,false,false,near_mint,en,false,USD,2025-12-01T23:05:17.091Z
hi,binder,Sanguine Evangelist,LCI,The Lost Caverns of Ixalan,34,normal,rare,1,88352,269ddd84-fdc4-4c94-b183-32ecec56967c,0.22,false,false,false,near_mint,en,false,USD,2025-12-01T23:05:17.091Z
hi,binder,"Clavileño, First of the Blessed",LCC,The Lost Caverns of Ixalan Commander,2,normal,mythic,1,88745,9f55b648-b1ec-407a-a0c7-7647755793d1,0.44,false,false,false,near_mint,en,false,USD,2025-12-01T23:05:17.091Z
hi,binder,"Nicanzil, Current Conductor",LCI,The Lost Caverns of Ixalan,306,normal,uncommon,1,88539,6059b64c-3064-46de-af47-6dc6542dca23,0.12,false,false,false,near_mint,en,false,USD,2025-12-01T23:05:17.091Z
hi,binder,Earthshaker Dreadmaw,LCI,The Lost Caverns of Ixalan,183,normal,uncommon,1,88897,cdcbba6f-aa54-44be-a3b0-f712fa8bd5ad,0.07,false,false,false,near_mint,en,false,USD,2025-12-01T23:05:17.091Z
hi,binder,"Itzquinth, Firstborn of Gishath",LCI,The Lost Caverns of Ixalan,230,normal,uncommon,1,88588,7112c366-b36a-4bc8-aa64-6bad16bebc39,0.11,false,false,false,near_mint,en,false,USD,2025-12-01T23:05:17.091Z
hi,binder,Screaming Phantom,LCI,The Lost Caverns of Ixalan,118,normal,common,3,88853,bc2f3efb-1526-48c0-842a-374af63ea467,0.04,false,false,false,near_mint,en,false,USD,2025-12-01T23:05:17.091Z
hi,binder,Another Chance,LCI,The Lost Caverns of Ixalan,90,normal,common,2,88330,20d9eb9f-2fcc-49f0-99c1-bad748239466,0.04,false,false,false,near_mint,en,false,USD,2025-12-01T23:05:17.091Z
hi,binder,Join the Dead,LCI,The Lost Caverns of Ixalan,110,normal,common,3,88827,b5bf6c25-a7d7-40b6-aa19-f852d348967f,0.08,false,false,false,near_mint,en,false,USD,2025-12-01T23:05:17.091Z
hi,binder,Zoyowa Lava-Tongue,LCI,The Lost Caverns of Ixalan,245,normal,uncommon,1,88865,c06f0ff2-d42f-4854-bbe5-4b022fb26d7d,0.13,false,false,false,near_mint,en,false,USD,2025-12-01T23:05:17.091Z
hi,binder,Gnome Soldier,TLCI,The Lost Caverns of Ixalan Tokens,3,normal,common,1,88893,cbe7c36a-77b7-4418-9e2d-b6aeea61502e,0.61,false,false,false,near_mint,en,false,USD,2025-12-01T23:05:17.091Z
hi,binder,Warden of the Inner Sky,LCI,The Lost Caverns of Ixalan,43,normal,rare,1,88503,549fd992-ed37-431d-97cb-9ca017db1d47,0.21,false,false,false,near_mint,en,false,USD,2025-12-01T23:05:17.091Z
hi,binder,Master's Guide-Mural // Master's Manufactory,LCI,The Lost Caverns of Ixalan,233,normal,uncommon,1,89043,f7a41343-7cdb-49aa-a9d1-7460195355d8,0.07,false,false,false,near_mint,en,false,USD,2025-12-01T23:05:17.091Z
hi,binder,Diamond Pick-Axe,LCI,The Lost Caverns of Ixalan,143,normal,uncommon,1,88470,4ae30fa7-3d1d-417f-80d7-a668236cb2c1,0.38,false,false,false,near_mint,en,false,USD,2025-12-01T23:05:17.091Z
hi,binder,Digsite Conservator,LCI,The Lost Caverns of Ixalan,252,normal,uncommon,1,88961,dfa3cd5e-b727-479d-9a77-9f320b92f3f2,0.05,false,false,false,near_mint,en,false,USD,2025-12-01T23:05:17.091Z
hi,binder,Market Gnome,LCI,The Lost Caverns of Ixalan,22,normal,uncommon,2,88406,36dafcd6-ce4e-4a27-bd8c-fa1a3bffc99e,0.07,false,false,false,near_mint,en,false,USD,2025-12-01T23:05:17.091Z
hi,binder,Vito's Inquisitor,LCI,The Lost Caverns of Ixalan,130,normal,common,2,88689,9030048a-b866-4a89-8d4a-aa55411463e4,0.06,false,false,false,near_mint,en,false,USD,2025-12-01T23:05:17.091Z
hi,binder,Acolyte of Aclazotz,LCI,The Lost Caverns of Ixalan,89,normal,common,1,88726,99009400-ffa4-40af-8305-78295ae605ac,0.05,false,false,false,near_mint,en,false,USD,2025-12-01T23:05:17.091Z
hi,binder,Fanatical Offering,LCI,The Lost Caverns of Ixalan,105,normal,common,1,88940,d896dd52-b134-4b55-ab91-ccb05ecc50f4,0.81,false,false,false,near_mint,en,false,USD,2025-12-01T23:05:17.091Z
hi,binder,Fungus,TLCI,The Lost Caverns of Ixalan Tokens,7,normal,common,1,88599,73ff66e3-ea24-4542-887f-c41abb1759e6,0.13,false,false,false,near_mint,en,false,USD,2025-12-02T00:46:26.339Z
hi,binder,"Vito, Fanatic of Aclazotz",LCI,The Lost Caverns of Ixalan,311,normal,mythic,1,88687,8f58c496-2b70-48a9-befa-9cc7baef8597,0.45,false,false,false,near_mint,en,false,USD,2025-12-02T00:46:26.339Z
hi,binder,"Abuelo, Ancestral Echo",LCI,The Lost Caverns of Ixalan,219,normal,rare,1,88433,40eee689-2514-421a-8056-eb7668be66ff,0.19,false,false,false,near_mint,en,false,USD,2025-12-02T00:46:26.339Z
hi,binder,"Uchbenbak, the Great Mistake",LCI,The Lost Caverns of Ixalan,310,normal,uncommon,1,88919,d30c23d7-8a3b-4162-89dd-5f7895c55625,0.09,false,false,false,near_mint,en,false,USD,2025-12-02T00:46:26.339Z
hi,binder,Volatile Wanderglyph,LCI,The Lost Caverns of Ixalan,172,normal,common,1,88332,2101921a-d26f-4a00-a0db-1b418f2e6b01,0.02,false,false,false,near_mint,en,false,USD,2025-12-02T00:46:26.339Z
hi,binder,Orazca Puzzle-Door,LCI,The Lost Caverns of Ixalan,68,normal,common,1,88356,27acf726-52f5-493d-8678-c12485f67747,0.03,false,false,false,near_mint,en,false,USD,2025-12-02T00:46:26.339Z
hi,binder,Sunfire Torch,LCI,The Lost Caverns of Ixalan,167,normal,common,2,88846,bb040fc7-f728-4482-92af-9a320c03bb54,0.02,false,false,false,near_mint,en,false,USD,2025-12-02T00:46:26.339Z
hi,binder,Daring Discovery,LCI,The Lost Caverns of Ixalan,142,normal,common,2,88943,d95018a4-be10-4c46-b14d-4b1eba838bc0,0.04,false,false,false,near_mint,en,false,USD,2025-12-02T00:46:26.339Z
hi,binder,Buried Treasure,LCI,The Lost Caverns of Ixalan,246,normal,common,2,88479,4c9c45b6-dedd-4481-a06a-c83ace2f18fa,0.07,false,false,false,near_mint,en,false,USD,2025-12-02T00:46:26.339Z
hi,binder,Sentinel of the Nameless City,LCI,The Lost Caverns of Ixalan,211,normal,rare,1,89014,eeeffc0b-dc92-458e-ad58-86ff6077a508,0.39,false,false,false,near_mint,en,false,USD,2025-12-02T00:46:26.339Z
hi,binder,Idol of the Deep King // Sovereign's Macuahuitl,LCI,The Lost Caverns of Ixalan,155,normal,common,2,88917,d1d8d8ef-c8b2-4e7c-89e4-b381dff20584,0.04,false,false,false,near_mint,en,false,USD,2025-12-02T00:46:26.339Z
hi,binder,Chart a Course,LCI,The Lost Caverns of Ixalan,48,normal,uncommon,2,88341,233beaac-37a4-4824-8f31-438b6bfe794b,0.09,false,false,false,near_mint,en,false,USD,2025-12-02T00:46:26.339Z
hi,binder,Self-Reflection,FDN,Foundations,163,normal,uncommon,2,101247,e1e6abc9-25b2-4d51-b519-2525079eab51,0.04,false,false,false,near_mint,en,false,USD,2025-12-02T00:46:26.339Z
hi,binder,Council of Echoes,LCI,The Lost Caverns of Ixalan,51,normal,uncommon,2,88654,85ad358d-a520-4d57-82b0-d2297da1fbde,0.03,false,false,false,near_mint,en,false,USD,2025-12-02T00:46:26.339Z
hi,binder,Marauding Brinefang,LCI,The Lost Caverns of Ixalan,64,normal,common,1,88610,78328899-7996-4cfd-bf00-d2a0d0ff3ef8,0.08,false,false,false,near_mint,en,false,USD,2025-12-02T00:46:26.339Z
hi,binder,Burning Sun Cavalry,LCI,The Lost Caverns of Ixalan,138,normal,common,2,88264,0c491ac0-4752-47a7-967e-456b6e4245de,0.04,false,false,false,near_mint,en,false,USD,2025-12-02T00:46:26.339Z
hi,binder,Archetype of Finality,BNG,Born of the Gods,58,normal,uncommon,2,14902,f326b9c5-063b-4c53-a696-11cd89fc88d8,1.19,false,false,false,near_mint,en,false,USD,2025-12-02T02:51:24.505Z
hi,binder,Dispatch,EOC,Edge of Eternities Commander,64,normal,uncommon,1,107247,27554761-8d6e-4de4-8ce3-f31b2c03708c,0.22,false,false,false,near_mint,en,false,USD,2025-12-03T07:31:19.635Z
hi,binder,Nurturing Bristleback,LCI,The Lost Caverns of Ixalan,203,normal,common,1,88246,081d5c9e-71da-4454-ae4e-c76cb7790d20,0.04,false,false,false,near_mint,en,false,USD,2025-12-03T07:31:19.635Z
hi,binder,"Inti, Seneschal of the Sun",LCI,The Lost Caverns of Ixalan,156,normal,rare,1,89053,fa7a55aa-ae61-4933-b7a4-dcc55dac6fcd,1.38,false,false,false,near_mint,en,false,USD,2025-12-03T07:31:19.635Z
hi,binder,"Kutzil, Malamet Exemplar",LCI,The Lost Caverns of Ixalan,304,normal,uncommon,1,88290,12fede45-8c95-45eb-915c-c3ee5101dfcc,0.63,false,false,false,near_mint,en,false,USD,2025-12-03T07:31:19.635Z
hi,binder,"Uchbenbak, the Great Mistake",LCI,The Lost Caverns of Ixalan,242,normal,uncommon,1,88753,a062202c-f9fb-4dd6-989a-c3083644f1c0,0.05,false,false,false,near_mint,en,false,USD,2025-12-03T07:31:19.635Z
hi,binder,Cavernous Maw,LCI,The Lost Caverns of Ixalan,270,normal,uncommon,1,88367,2a51ebf6-a465-42e2-82b7-d2cb928ca632,0.07,false,false,false,near_mint,en,false,USD,2025-12-03T07:31:19.635Z
hi,binder,Hermitic Nautilus,LCI,The Lost Caverns of Ixalan,58,normal,uncommon,1,88501,545503f8-a8c6-4518-9ad6-76e4996397fc,0.06,false,false,false,near_mint,en,false,USD,2025-12-03T07:31:19.635Z
hi,binder,Plundering Pirate,LCI,The Lost Caverns of Ixalan,160,normal,common,2,88525,5bb2552f-8370-4931-83e1-93706d51413a,0.03,false,false,false,near_mint,en,false,USD,2025-12-03T07:31:19.635Z
hi,binder,Primordial Gnawer,LCI,The Lost Caverns of Ixalan,114,normal,common,1,88761,a18f5ad0-e9c1-4e45-b245-2946e29baecb,0.06,false,false,false,near_mint,en,false,USD,2025-12-03T07:31:19.635Z
hi,binder,Grasping Shadows // Shadows' Lair,LCI,The Lost Caverns of Ixalan,108,normal,uncommon,1,88635,81b8b9c9-725d-476d-a3cf-55e3dc3e433d,0.06,false,false,false,near_mint,en,false,USD,2025-12-03T07:31:19.635Z
hi,binder,Sorcerous Spyglass,LCI,The Lost Caverns of Ixalan,261,normal,uncommon,2,88311,194b7899-6b44-4ecc-8ddc-ec24304eb14c,0.04,false,false,false,near_mint,en,false,USD,2025-12-03T07:31:19.635Z
hi,binder,Spyglass Siren,LCI,The Lost Caverns of Ixalan,78,normal,uncommon,2,88436,41e54343-95e5-4dc4-9f18-e4a415fe5e0a,0.52,false,false,false,near_mint,en,false,USD,2025-12-03T07:31:19.635Z
hi,binder,Zoyowa's Justice,LCI,The Lost Caverns of Ixalan,173,normal,uncommon,1,88230,04839717-d2f9-481d-9d13-e4038dbcbb0e,0.09,false,false,false,near_mint,en,false,USD,2025-12-03T07:31:19.635Z
hi,binder,Family Reunion,LCI,The Lost Caverns of Ixalan,13,normal,common,1,88527,5c2cfbdc-8d40-4abb-afca-6c6d8e36185b,0.05,false,false,false,near_mint,en,false,USD,2025-12-03T07:31:19.635Z
hi,binder,Ancestral Reminiscence,LCI,The Lost Caverns of Ixalan,45,normal,common,1,88542,625690d3-7131-45de-adea-9c927241e661,0.03,false,false,false,near_mint,en,false,USD,2025-12-03T07:31:19.635Z
hi,binder,Deconstruction Hammer,LCI,The Lost Caverns of Ixalan,9,normal,common,1,88266,0c7ba382-18c4-4833-b3d2-bd469ae2ad77,0.07,false,false,false,near_mint,en,false,USD,2025-12-03T07:31:19.635Z
hi,binder,Deeproot Pilgrimage,LCI,The Lost Caverns of Ixalan,52,normal,rare,2,88970,e2449311-a705-4a31-a345-a36d436ae561,0.41,false,false,false,near_mint,en,false,USD,2025-12-03T07:31:19.635Z
hi,binder,"Captain Storm, Cosmium Raider",LCI,The Lost Caverns of Ixalan,303,normal,uncommon,1,89035,f5e13dad-e326-4b8e-91c7-dc0d6c3bf51d,0.05,false,false,false,near_mint,en,false,USD,2025-12-03T07:31:19.635Z
hi,binder,Greedy Freebooter,LCI,The Lost Caverns of Ixalan,109,normal,common,1,88563,692fe4e8-13b4-4bec-938e-a8073a7fbd71,0.19,false,false,false,near_mint,en,false,USD,2025-12-03T07:31:19.635Z
hi,binder,Hidden Courtyard,LCI,The Lost Caverns of Ixalan,274,normal,common,4,88838,b8685d46-99fc-44b3-be95-707a4b7b8327,0.15,false,false,false,near_mint,en,false,USD,2025-12-03T07:31:19.635Z
hi,binder,Bringer of the Last Gift,LCI,The Lost Caverns of Ixalan,94,normal,rare,1,88312,19775c18-4cc0-49d3-86e4-0841768cbf4d,0.49,false,false,false,near_mint,en,false,USD,2025-12-03T07:31:19.635Z
hi,binder,Cenote Scout,LCI,The Lost Caverns of Ixalan,178,normal,uncommon,3,88481,4ce4b7bc-636b-4723-a7c1-2c859f333492,0.11,false,false,false,near_mint,en,false,USD,2025-12-03T07:31:19.635Z
hi,binder,Might of the Ancestors,LCI,The Lost Caverns of Ixalan,23,normal,uncommon,1,88504,54f82c95-8bc1-4df9-9120-86ffc059c7dd,0.05,false,false,false,near_mint,en,false,USD,2025-12-03T07:31:19.635Z
hi,binder,Over the Edge,LCI,The Lost Caverns of Ixalan,205,normal,common,2,88342,23dddddb-5409-4c28-bf32-e6473f2cc620,0.07,false,false,false,near_mint,en,false,USD,2025-12-03T07:31:19.635Z
hi,binder,Petrify,LCI,The Lost Caverns of Ixalan,30,normal,common,2,88852,bbc5f28f-6361-455f-ac82-260a70e59316,0.07,false,false,false,near_mint,en,false,USD,2025-12-03T07:31:19.635Z
hi,binder,Pathfinding Axejaw,LCI,The Lost Caverns of Ixalan,206,normal,common,1,88746,9f619075-ca5d-4e09-bd84-31e6b61eaa7e,0.06,false,false,false,near_mint,en,false,USD,2025-12-03T07:31:19.635Z
hi,binder,Disturbed Slumber,LCI,The Lost Caverns of Ixalan,182,normal,common,2,88441,4404b8d6-3673-4d82-b9ed-d28e9b54e1f6,0.04,false,false,false,near_mint,en,false,USD,2025-12-03T07:31:19.635Z
hi,binder,Hidden Necropolis,LCI,The Lost Caverns of Ixalan,275,normal,common,5,89040,f67fd04f-05da-4418-97de-abeb7346cc69,0.24,false,false,false,near_mint,en,false,USD,2025-12-03T07:31:19.635Z
hi,binder,Thousand Moons Smithy // Barracks of the Thousand,LCI,The Lost Caverns of Ixalan,39,normal,rare,1,88469,4a6bec46-1acd-4726-b8d9-3045ac6a2ea2,1.0,false,false,false,near_mint,en,false,USD,2025-12-03T08:41:19.505Z
hi,binder,Abuelo's Awakening,LCI,The Lost Caverns of Ixalan,1,normal,rare,2,89047,f93b725e-2b9c-4830-ac54-b2562afe09bb,0.13,false,false,false,near_mint,en,false,USD,2025-12-03T08:41:19.505Z
hi,binder,Gnome,TEOC,Edge of Eternities Commander Tokens,11,normal,common,2,107344,e32673cc-bec9-49b3-bc34-e2b3982ca245,,false,false,false,near_mint,en,false,USD,2025-12-03T08:41:19.505Z
hi,binder,"Akawalli, the Seething Tower",LCI,The Lost Caverns of Ixalan,298,normal,uncommon,1,88665,88e9dbe6-5685-480d-b0d7-828a7058fb22,0.09,false,false,false,near_mint,en,false,USD,2025-12-03T08:41:19.505Z
hi,binder,Mischievous Pup,FDN,Foundations,144,normal,uncommon,2,100670,7214d984-6400-44d7-bde6-57d96b606e78,0.02,false,false,false,near_mint,en,false,USD,2025-12-03T08:41:19.505Z
hi,binder,Contested Game Ball,LCI,The Lost Caverns of Ixalan,251,normal,uncommon,1,88591,71cb7776-a6af-4efb-b536-6b9b4f3d3874,0.06,false,false,false,near_mint,en,false,USD,2025-12-03T08:41:19.505Z
hi,binder,Caparocti Sunborn,LCI,The Lost Caverns of Ixalan,226,normal,uncommon,1,88684,8ea82964-fd9c-48e3-962f-94954476b31f,0.06,false,false,false,near_mint,en,false,USD,2025-12-03T08:41:19.505Z
hi,binder,Poison Dart Frog,M3C,Modern Horizons 3 Commander,238,normal,common,1,95059,e99d6e94-2fb7-45ef-bb35-4bf4b92d4f4d,0.15,false,false,false,near_mint,en,false,USD,2025-12-03T08:41:19.505Z
hi,binder,Staggering Size,LCI,The Lost Caverns of Ixalan,214,normal,common,1,88974,e34c4946-6c21-4ae1-9595-35933d38da52,0.07,false,false,false,near_mint,en,false,USD,2025-12-03T08:41:19.505Z
hi,binder,Hidden Volcano,LCI,The Lost Caverns of Ixalan,277,normal,common,5,88749,9fa06aed-52c1-48f1-9906-362db12a3cf7,0.12,false,false,false,near_mint,en,false,USD,2025-12-03T08:41:19.505Z
hi,binder,Eaten by Piranhas,FDN,Foundations,507,normal,uncommon,1,100444,475e28bb-1333-45e1-b6fd-83121c2f1ab9,0.25,false,false,false,near_mint,en,false,USD,2025-12-03T08:41:19.505Z
hi,binder,Confounding Riddle,LCI,The Lost Caverns of Ixalan,50,normal,uncommon,1,89026,f2ae23db-c391-402c-9568-65447cada66e,0.08,false,false,false,near_mint,en,false,USD,2025-12-03T08:41:19.505Z
hi,binder,Hurl into History,LCI,The Lost Caverns of Ixalan,59,normal,uncommon,1,88514,5946463a-2240-4376-b6f5-fd6e3a9cc51c,0.05,false,false,false,near_mint,en,false,USD,2025-12-03T08:41:19.505Z
hi,binder,In the Presence of Ages,LCI,The Lost Caverns of Ixalan,192,normal,common,2,88720,97b1be22-3177-49af-bb06-42497d717c21,0.03,false,false,false,near_mint,en,false,USD,2025-12-03T08:41:19.505Z
hi,binder,Walk with the Ancestors,LCI,The Lost Caverns of Ixalan,218,normal,common,2,88590,71a6f85b-5ef8-4526-9c86-7cb71508b4c0,0.04,false,false,false,near_mint,en,false,USD,2025-12-03T08:41:19.505Z
hi,binder,Sage of Days,LCI,The Lost Caverns of Ixalan,73,normal,common,3,88778,a6e53495-c76c-4cd4-b93e-b2c491d2c13a,0.02,false,false,false,near_mint,en,false,USD,2025-12-03T08:41:19.505Z
hi,binder,Ray of Ruin,LCI,The Lost Caverns of Ixalan,117,normal,common,2,88926,d440d90e-ac7e-4715-971a-700c977c7fde,0.05,false,false,false,near_mint,en,false,USD,2025-12-03T08:41:19.505Z
hi,binder,Subterranean Schooner,LCI,The Lost Caverns of Ixalan,80,normal,rare,1,88706,94b6881a-b00e-4e90-92e6-602ed8e0e090,0.21,false,false,false,near_mint,en,false,USD,2025-12-03T08:41:19.505Z
hi,binder,Envoy of Okinec Ahau,LCI,The Lost Caverns of Ixalan,11,normal,common,2,88717,96de0741-9270-4118-bb8e-f3480c75a582,0.07,false,false,false,near_mint,en,false,USD,2025-12-03T08:41:19.505Z
hi,binder,Oaken Brawler,LRW,Lorwyn,33,normal,common,1,25409,e9fdb060-8f4d-453a-9516-92c390fbc85a,0.11,false,false,false,near_mint,en,false,USD,2025-12-03T08:41:19.505Z
hi,binder,Vampire,TLCI,The Lost Caverns of Ixalan Tokens,4,normal,common,1,88231,0484390e-1167-4407-84de-7ddc726e8926,0.27,false,false,false,near_mint,en,false,USD,2025-12-03T08:41:19.505Z
hi,binder,Sunbird Standard // Sunbird Effigy,LCI,The Lost Caverns of Ixalan,262,normal,uncommon,1,88965,e0b6d40a-fded-4625-b03c-765c88d75766,0.06,false,false,false,near_mint,en,false,USD,2025-12-03T08:41:19.505Z
hi,binder,"Kutzil, Malamet Exemplar",LCI,The Lost Caverns of Ixalan,232,normal,uncommon,1,88890,c9f88a40-a6ed-4c1f-a309-011aca1acddd,1.26,false,false,false,near_mint,en,false,USD,2025-12-03T08:41:19.505Z
hi,binder,Adaptive Gemguard,LCI,The Lost Caverns of Ixalan,3,normal,common,2,88644,83c91e24-b7e8-4040-80cb-d1b375002c10,0.06,false,false,false,near_mint,en,false,USD,2025-12-03T08:41:19.505Z
hi,binder,Dwarven Miner,MIR,Mirage,169,normal,uncommon,1,38421,b7142196-c379-4932-9402-97642ad2ebdb,1.14,false,false,false,near_mint,en,false,USD,2025-12-03T22:42:06.498Z
hi,binder,Abrade,BLC,Bloomburrow Commander,191,normal,common,1,96450,c1466ae6-9dbc-4ead-844b-9b1ba7274baf,0.14,false,false,false,near_mint,en,false,USD,2025-12-03T22:42:06.498Z
hi,binder,Magmatic Galleon,LCI,The Lost Caverns of Ixalan,157,normal,rare,1,88445,4471a833-11b9-4146-a9c0-84a6896c94d8,0.21,false,false,false,near_mint,en,false,USD,2025-12-03T22:42:06.498Z
hi,binder,Coati Scavenger,LCI,The Lost Caverns of Ixalan,179,normal,uncommon,2,88918,d2c70d86-1764-487d-a415-15ae79ba570c,0.04,false,false,false,near_mint,en,false,USD,2025-12-03T22:42:06.498Z
hi,binder,Glowcap Lantern,LCI,The Lost Caverns of Ixalan,187,normal,uncommon,2,88845,bafde87c-743d-4307-93e0-fbd30f5d92f6,0.09,false,false,false,near_mint,en,false,USD,2025-12-03T22:42:06.498Z
hi,binder,Huatli's Final Strike,LCI,The Lost Caverns of Ixalan,190,normal,common,1,88289,1247a5fa-b50a-4ab1-96ca-dbeb45bd0b56,0.03,false,false,false,near_mint,en,false,USD,2025-12-03T22:42:06.498Z
hi,binder,Etali's Favor,LCI,The Lost Caverns of Ixalan,149,normal,common,1,88579,6d4075a8-c15d-4078-bf4b-0f85c03fecec,0.06,false,false,false,near_mint,en,false,USD,2025-12-03T22:42:06.498Z
hi,binder,Malamet Brawler,LCI,The Lost Caverns of Ixalan,199,normal,common,1,88455,47d2fb65-cc3d-4664-bee0-8cf1cba5d8fa,0.03,false,false,false,near_mint,en,false,USD,2025-12-03T22:42:06.498Z
hi,binder,Restless Anchorage,LCI,The Lost Caverns of Ixalan,280,normal,rare,1,88976,e3cab352-734e-454b-8b58-733165f4b3b3,0.76,false,false,false,near_mint,en,false,USD,2025-12-04T01:13:39.914Z
hi,binder,"Ojer Taq, Deepest Foundation // Temple of Civilization",LCI,The Lost Caverns of Ixalan,314,normal,mythic,1,88991,e87dff94-71ed-469e-a10e-3ddfbd4a8bec,21.14,false,false,false,near_mint,en,false,USD,2025-12-04T01:13:39.914Z
hi,binder,Zoyowa Lava-Tongue,LCI,The Lost Caverns of Ixalan,312,normal,uncommon,1,88375,2cfd2cf8-95e4-4df5-a803-66e7c4eb065a,0.08,false,false,false,near_mint,en,false,USD,2025-12-04T01:13:39.914Z
hi,binder,Ixalli's Lorekeeper,LCI,The Lost Caverns of Ixalan,194,normal,uncommon,1,88475,4bc94ded-458d-4458-9c0b-136d825b885d,0.1,false,false,false,near_mint,en,false,USD,2025-12-04T01:13:39.914Z
hi,binder,Frilled Cave-Wurm,LCI,The Lost Caverns of Ixalan,57,normal,common,1,88585,6f65e1bc-fade-4fdf-a1fd-de068bff9e4c,0.06,false,false,false,near_mint,en,false,USD,2025-12-04T01:13:39.914Z
hi,binder,Child of the Volcano,LCI,The Lost Caverns of Ixalan,140,normal,common,1,88997,e964f026-9cbf-4fa2-acdc-60d19b88f183,0.04,false,false,false,near_mint,en,false,USD,2025-12-04T01:13:39.914Z
hi,binder,Mineshaft Spider,LCI,The Lost Caverns of Ixalan,202,normal,common,1,88833,b75a3639-a917-4700-a093-14a4cda78d9f,0.07,false,false,false,near_mint,en,false,USD,2025-12-04T01:13:39.914Z
hi,binder,Fungal Fortitude,LCI,The Lost Caverns of Ixalan,106,normal,common,1,88738,9d2bd0ca-521c-45d9-85ed-2f36f583408e,0.09,false,false,false,near_mint,en,false,USD,2025-12-04T01:13:39.914Z
hi,binder,Island,REX,Jurassic World Collection,22,normal,common,1,88605,76c343f5-6955-4ba2-a435-36d55182d1dd,2.03,false,false,false,near_mint,en,false,USD,2025-12-05T02:23:24.648Z
hi,binder,Bat,TLCI,The Lost Caverns of Ixalan Tokens,6,normal,common,1,88214,00841e4b-0995-4fb5-93d6-e177beba4934,0.15,false,false,false,near_mint,en,false,USD,2025-12-05T02:23:24.648Z
hi,binder,Echo of Dusk,LCI,The Lost Caverns of Ixalan,104,normal,common,1,88387,319a457c-89b7-47f6-a13c-20bb50d41138,0.06,false,false,false,near_mint,en,false,USD,2025-12-05T02:23:24.648Z
hi,binder,Skeleton Pirate,TLCI,The Lost Caverns of Ixalan Tokens,8,normal,common,1,88380,2ec83fe2-173b-4aa6-bfa1-892b092bd1f6,0.19,false,false,false,near_mint,en,false,USD,2025-12-05T02:23:24.648Z
hi,binder,Waterlogged Hulk // Watertight Gondola,LCI,The Lost Caverns of Ixalan,83,normal,uncommon,2,88629,7ea89d3c-8d47-4bbb-9271-8cdfd9296e2f,0.02,false,false,false,near_mint,en,false,USD,2025-12-05T02:23:24.648Z
hi,binder,Hoverstone Pilgrim,LCI,The Lost Caverns of Ixalan,254,normal,uncommon,1,88817,af7e12ee-3db6-4df7-9859-7a8dee9171c7,0.04,false,false,false,near_mint,en,false,USD,2025-12-05T02:23:24.648Z
hi,binder,"Captain Storm, Cosmium Raider",LCI,The Lost Caverns of Ixalan,227,normal,uncommon,1,88296,14c65f5a-10bd-4f9b-b816-46c2240b11ff,0.1,false,false,false,near_mint,en,false,USD,2025-12-05T02:23:24.648Z
hi,binder,Swashbuckler's Whip,LCI,The Lost Caverns of Ixalan,263,normal,uncommon,1,88349,24a85c52-e5b5-4d65-931c-eacc0cf0fb31,0.06,false,false,false,near_mint,en,false,USD,2025-12-05T02:23:24.648Z
hi,binder,Skullcap Snail,LCI,The Lost Caverns of Ixalan,119,normal,common,1,88274,0d96d019-5d80-468a-b891-e3e99346372a,0.06,false,false,false,near_mint,en,false,USD,2025-12-05T02:23:24.648Z
hi,binder,Clay-Fired Bricks // Cosmium Kiln,LCI,The Lost Caverns of Ixalan,6,normal,uncommon,1,88673,8aece300-656b-4e0d-a45f-aa7feaff0a4e,0.09,false,false,false,near_mint,en,false,USD,2025-12-05T02:23:24.648Z
hi,binder,Merfolk Cave-Diver,LCI,The Lost Caverns of Ixalan,65,normal,uncommon,2,88581,6e0fe81c-b8ef-49ff-8743-f03d0220cb9e,0.03,false,false,false,near_mint,en,false,USD,2025-12-05T02:23:24.648Z
hi,binder,Malamet Scythe,LCI,The Lost Caverns of Ixalan,200,normal,common,1,88960,df6776a4-cc01-46a3-90df-04e1e3ba513c,0.03,false,false,false,near_mint,en,false,USD,2025-12-05T02:23:24.648Z
hi,binder,Malamet Veteran,LCI,The Lost Caverns of Ixalan,201,normal,common,1,88473,4b9b16b3-1cbd-4b63-85b2-e4053dfc1e93,0.03,false,false,false,near_mint,en,false,USD,2025-12-05T02:23:24.648Z
hi,binder,Sunshot Militia,LCI,The Lost Caverns of Ixalan,168,normal,common,1,88920,d3114f5c-21e9-43c3-abe3-3cf1da20916f,0.07,false,false,false,near_mint,en,false,USD,2025-12-05T02:23:24.648Z
hi,binder,Attentive Sunscribe,LCI,The Lost Caverns of Ixalan,4,normal,common,1,88806,ad1a0159-7f00-429c-9318-b028b1e03ba8,0.03,false,false,false,near_mint,en,false,USD,2025-12-05T02:23:24.648Z
hi,binder,Hunter's Blowgun,LCI,The Lost Caverns of Ixalan,255,normal,common,1,88392,3348abe7-6aa3-47f7-8203-a15f75007e33,0.18,false,false,false,near_mint,en,false,USD,2025-12-05T02:23:24.648Z
hi,binder,"Breeches, Eager Pillager",LCI,The Lost Caverns of Ixalan,137,normal,rare,1,86330,aadf5028-8dfe-40d3-89b4-22bd7ed0aae6,0.31,false,false,false,near_mint,en,false,USD,2025-12-05T02:23:24.648Z
hi,binder,Molten Collapse,LCI,The Lost Caverns of Ixalan,342,normal,rare,1,89010,ecda9470-7150-48bf-8fbf-1cb0cc80d2e1,0.29,false,false,false,near_mint,en,false,USD,2025-12-05T02:23:24.648Z
hi,binder,Bartolomé del Presidio,LCI,The Lost Caverns of Ixalan,301,normal,uncommon,1,89045,f82bb486-7009-4b53-973f-477fc13ad7e7,0.12,false,false,false,near_mint,en,false,USD,2025-12-05T02:23:24.648Z
hi,binder,Synapse Necromage,LCI,The Lost Caverns of Ixalan,125,normal,uncommon,1,89019,efeb22a4-37bf-487a-9cf4-74de4cbbc0a3,0.04,false,false,false,near_mint,en,false,USD,2025-12-05T02:23:24.648Z
hi,binder,Treasure,TLCI,The Lost Caverns of Ixalan Tokens,18,normal,common,1,88426,3dfaedeb-f8ec-4f0e-b243-c850770a86f2,0.16,false,false,false,near_mint,en,false,USD,2025-12-05T02:23:24.648Z
hi,binder,Spring-Loaded Sawblades // Bladewheel Chariot,LCI,The Lost Caverns of Ixalan,36,normal,uncommon,1,88345,24417388-f2bb-4783-bdce-264774531838,0.14,false,false,false,near_mint,en,false,USD,2025-12-05T02:23:24.648Z
hi,binder,Staunch Crewmate,LCI,The Lost Caverns of Ixalan,79,normal,uncommon,1,88293,143e9845-8a11-4fc4-b116-29a929985146,0.07,false,false,false,near_mint,en,false,USD,2025-12-05T02:23:24.648Z
hi,binder,Enterprising Scallywag,LCI,The Lost Caverns of Ixalan,148,normal,uncommon,1,88443,44420f52-2ed8-4f81-93e4-5decc77bed01,0.07,false,false,false,near_mint,en,false,USD,2025-12-05T02:23:24.648Z
hi,binder,Volatile Fault,M3C,Modern Horizons 3 Commander,407,normal,uncommon,1,95045,d9a42082-615c-4387-a77c-97ee94153c57,0.13,false,false,false,near_mint,en,false,USD,2025-12-05T02:23:24.648Z
hi,binder,Careening Mine Cart,LCI,The Lost Caverns of Ixalan,247,normal,uncommon,1,88519,5a96d8ae-200a-40be-95a8-72b53638a090,0.08,false,false,false,near_mint,en,false,USD,2025-12-05T02:23:24.648Z
hi,binder,Waterwind Scout,LCI,The Lost Caverns of Ixalan,84,normal,common,1,88669,8a7738fb-0a1b-4010-b8c0-e1129739c765,0.04,false,false,false,near_mint,en,false,USD,2025-12-05T02:23:24.648Z
hi,binder,River Herald Scout,LCI,The Lost Caverns of Ixalan,72,normal,common,1,88672,8ae8ab66-5840-4b2e-bd4e-94ead0c79b61,0.06,false,false,false,near_mint,en,false,USD,2025-12-05T02:23:24.648Z
hi,binder,Song of Stupefaction,LCI,The Lost Caverns of Ixalan,77,normal,common,1,88797,ab8f7a75-df5e-43b3-8c33-328ad0dc3c40,0.02,false,false,false,near_mint,en,false,USD,2025-12-05T02:23:24.648Z
hi,binder,Quicksand Whirlpool,LCI,The Lost Caverns of Ixalan,31,normal,common,1,88781,a74ddccb-ebbd-4fad-a9b6-6b9e9bafae31,0.03,false,false,false,near_mint,en,false,USD,2025-12-05T02:23:24.648Z
hi,binder,Tectonic Hazard,LCI,The Lost Caverns of Ixalan,169,normal,common,2,88496,5204c781-f568-4c7f-b3f7-ce4dd678689b,0.18,false,false,false,near_mint,en,false,USD,2025-12-05T02:23:24.648Z
hi,binder,Runaway Boulder,LCI,The Lost Caverns of Ixalan,259,normal,common,2,88241,06d47a3b-dc66-48d8-981b-dde0ccc34ad5,0.06,false,false,false,near_mint,en,false,USD,2025-12-05T02:23:24.648Z
hi,binder,Brazen Blademaster,LCI,The Lost Caverns of Ixalan,136,normal,common,2,88683,8e9e0c66-f64a-428c-be13-a52691833df1,0.02,false,false,false,near_mint,en,false,USD,2025-12-05T02:23:24.648Z
hi,binder,"Sygg, River Cutthroat",ZNC,Zendikar Rising Commander,103,normal,rare,1,55343,1b10e23a-7cf5-47dc-9c51-5cbe444a99c7,8.45,false,false,false,near_mint,en,false,USD,2025-12-07T17:40:02.018Z
hi,binder,The Millennium Calendar,LCI,The Lost Caverns of Ixalan,257,normal,mythic,1,88955,deabba7f-05ef-41cf-ae3a-d950d051cf1e,2.33,false,false,false,near_mint,en,false,USD,2025-12-07T17:40:02.018Z
hi,binder,Sovereign Okinec Ahau,LCI,The Lost Caverns of Ixalan,309,normal,mythic,1,88530,5d6e7f53-d8c4-4356-a31d-ed3d5e0627cc,2.45,false,false,false,near_mint,en,false,USD,2025-12-07T17:40:02.018Z
hi,binder,Sinuous Benthisaur,LCI,The Lost Caverns of Ixalan,76,normal,uncommon,1,88616,7a58639c-001f-4cb1-89fd-0a0967b86977,0.06,false,false,false,near_mint,en,false,USD,2025-12-07T17:40:02.018Z
hi,binder,Defossilize,LCI,The Lost Caverns of Ixalan,103,normal,uncommon,1,88425,3d9abaec-af72-4399-b162-5e62e7487242,0.05,false,false,false,near_mint,en,false,USD,2025-12-07T17:40:02.018Z
hi,binder,Gargantuan Leech,LCI,The Lost Caverns of Ixalan,107,normal,uncommon,1,88703,94724efb-4785-4751-9fe1-07f243dd6008,0.04,false,false,false,near_mint,en,false,USD,2025-12-07T17:40:02.018Z
hi,binder,Copy,TLCI,The Lost Caverns of Ixalan Tokens,1,normal,common,1,88219,01c3b739-89b3-4ad8-aab9-76e8f87cf123,0.24,false,false,false,near_mint,en,false,USD,2025-12-07T17:40:02.018Z
hi,binder,The Belligerent,LCI,The Lost Caverns of Ixalan,225,normal,rare,1,88295,1454af8c-bce9-47d3-890f-283e2fea2cf2,0.19,false,false,false,near_mint,en,false,USD,2025-12-07T17:40:02.018Z
hi,binder,Oteclan Landmark // Oteclan Levitator,LCI,The Lost Caverns of Ixalan,29,normal,common,1,88252,099a1d1c-72ba-468e-9385-8f93e1fce001,0.1,false,false,false,near_mint,en,false,USD,2025-12-07T17:40:02.018Z
hi,binder,Curator of Sun's Creation,LCI,The Lost Caverns of Ixalan,141,normal,uncommon,1,88760,a144d0b3-678d-4f4c-a9b0-22af19f5cf9f,0.07,false,false,false,near_mint,en,false,USD,2025-12-07T17:40:02.018Z
hi,binder,Geological Appraiser,LCI,The Lost Caverns of Ixalan,150,normal,uncommon,1,88630,7f9c1a82-695b-4df2-8e51-2d71a62e7baf,0.09,false,false,false,near_mint,en,false,USD,2025-12-07T17:40:02.018Z
hi,binder,Basking Capybara,LCI,The Lost Caverns of Ixalan,175,normal,common,1,89066,ff0a2ba4-dfa8-49d6-95e9-04b7a14d0c6c,0.03,false,false,false,near_mint,en,false,USD,2025-12-07T17:40:02.018Z
hi,binder,Didact Echo,LCI,The Lost Caverns of Ixalan,53,normal,common,1,88416,3c068b2e-17cc-4fb8-bd79-b775a4713d74,0.02,false,false,false,near_mint,en,false,USD,2025-12-07T17:40:02.018Z
hi,binder,Cogwork Wrestler,LCI,The Lost Caverns of Ixalan,49,normal,common,1,88790,a9d329ad-6b19-4aa7-a53f-38c7b76c4c96,0.06,false,false,false,near_mint,en,false,USD,2025-12-07T17:40:02.018Z
hi,binder,Thousand Moons Crackshot,LCI,The Lost Caverns of Ixalan,37,normal,common,1,88601,741a7439-965d-49f2-b43e-053f29196e6b,0.03,false,false,false,near_mint,en,false,USD,2025-12-07T17:40:02.018Z
hi,binder,Thousand Moons Infantry,LCI,The Lost Caverns of Ixalan,38,normal,common,1,88870,c1974a8c-3328-4ff5-9a00-cb79ebb8ccf6,0.06,false,false,false,near_mint,en,false,USD,2025-12-07T17:40:02.018Z
hi,binder,Jade Seedstones // Jadeheart Attendant,LCI,The Lost Caverns of Ixalan,195,normal,uncommon,1,88849,bb95ffc2-ef35-49bf-8211-c5354d176051,0.05,false,false,false,near_mint,en,false,USD,2025-12-07T17:40:02.018Z
hi,binder,Restless Vents,LCI,The Lost Caverns of Ixalan,351,normal,rare,2,88696,9200f9b5-20fc-4ff0-97f7-ef22da5acb72,0.34,false,false,false,near_mint,en,false,USD,2025-12-07T17:40:02.018Z
hi,binder,Deepfathom Echo,LCI,The Lost Caverns of Ixalan,228,normal,rare,1,88888,c7c7fb87-8448-49f4-a9ed-db97f6a41d98,0.15,false,false,false,near_mint,en,false,USD,2025-12-07T17:40:02.018Z
hi,binder,Cosmium Blast,LCI,The Lost Caverns of Ixalan,7,normal,common,1,88309,193d1eac-ede7-4f75-9c74-05133b215f93,0.04,false,false,false,near_mint,en,false,USD,2025-12-07T17:40:02.018Z
hi,binder,Vampire Demon,TLCI,The Lost Caverns of Ixalan Tokens,15,normal,common,1,88382,3005eb0a-5c96-4a07-a6b9-a907d1095cdf,0.2,false,false,false,near_mint,en,false,USD,2025-12-07T17:40:02.018Z
hi,binder,Jadelight Spelunker,LCI,The Lost Caverns of Ixalan,196,normal,rare,1,88561,68e633d3-47e2-48c5-9be3-574ce5023bf7,0.13,false,false,false,near_mint,en,false,USD,2025-12-07T17:40:02.018Z
hi,binder,Twists and Turns // Mycoid Maze,LCI,The Lost Caverns of Ixalan,217,normal,uncommon,1,88419,3cdf691e-96a5-45c7-9b94-6f04af81c8e4,0.12,false,false,false,near_mint,en,false,USD,2025-12-07T17:40:02.018Z
hi,binder,Thrashing Brontodon,LCI,The Lost Caverns of Ixalan,216,normal,uncommon,1,88930,d52ef7c1-dacb-4204-b64e-5fa3ae3b1ace,0.05,false,false,false,near_mint,en,false,USD,2025-12-07T17:40:02.018Z
hi,binder,Belligerent Yearling,LCI,The Lost Caverns of Ixalan,133,normal,uncommon,1,88260,0b2debca-8535-4cf6-a461-c268faaacaae,0.09,false,false,false,near_mint,en,false,USD,2025-12-07T17:40:02.018Z
hi,binder,Scytheclaw Raptor,LCI,The Lost Caverns of Ixalan,165,normal,uncommon,1,88702,9436cf62-56d6-4662-9982-72e9be80d25c,0.14,false,false,false,near_mint,en,false,USD,2025-12-07T17:40:02.018Z
hi,binder,Deep Goblin Skulltaker,LCI,The Lost Caverns of Ixalan,101,normal,common,1,88258,0b24bb7c-6b34-48b6-af94-f312ebdbb759,0.04,false,false,false,near_mint,en,false,USD,2025-12-07T17:40:02.018Z
hi,binder,Cartographer's Companion,LCI,The Lost Caverns of Ixalan,248,normal,common,1,88949,dbd8115e-4cb3-49b6-b74f-8fcfa28c6404,0.04,false,false,false,near_mint,en,false,USD,2025-12-07T17:40:02.018Z
hi,binder,Rumbling Rockslide,LCI,The Lost Caverns of Ixalan,163,normal,common,1,88486,4f06b53f-ec82-4d7f-bee3-6ca04583f023,0.03,false,false,false,near_mint,en,false,USD,2025-12-07T17:40:02.018Z
hi,binder,River Herald Guide,LCI,The Lost Caverns of Ixalan,209,normal,common,1,88742,9ea7e323-f329-4928-b25a-c0b44c5ac058,0.03,false,false,false,near_mint,en,false,USD,2025-12-07T17:40:02.018Z
hi,binder,Seeker of Sunlight,LCI,The Lost Caverns of Ixalan,210,normal,common,1,89068,ffcdb10f-4bad-4f89-8e7c-daa5c0c69230,0.03,false,false,false,near_mint,en,false,USD,2025-12-07T17:40:02.018Z
hi,binder,Hidden Cataract,M3C,Modern Horizons 3 Commander,348,normal,common,2,95004,a3b53320-57bf-4b9f-903d-f14ff0afdd19,0.17,false,false,false,near_mint,en,false,USD,2025-12-07T17:40:02.018Z
hi,binder,Miner's Guidewing,LCI,The Lost Caverns of Ixalan,24,normal,common,2,88690,9048cd9d-df3f-4705-a5f4-e5b09760c631,0.03,false,false,false,near_mint,en,false,USD,2025-12-07T17:40:02.018Z
hi,binder,Enter the Enigma,DSK,Duskmourn: House of Horror,52,normal,common,1,99008,cf5479c7-9e46-4a57-abe7-8cc670de89e4,0.15,false,false,false,near_mint,en,false,USD,2025-12-09T05:11:44.207Z
hi,binder,Intruding Soulrager,DSK,Duskmourn: House of Horror,218,normal,uncommon,1,98898,adffc298-0219-4807-ab05-d94460e767bc,0.03,false,false,false,near_mint,en,false,USD,2025-12-09T05:11:44.207Z
hi,binder,Fear of the Dark,DSK,Duskmourn: House of Horror,98,normal,common,1,98866,8700eb8d-1cc0-45ff-b769-c875ee6500ea,0.05,false,false,false,near_mint,en,false,USD,2025-12-09T05:11:44.207Z
hi,binder,Bleeding Woods,DSK,Duskmourn: House of Horror,257,normal,common,2,98671,cb224874-aff5-461f-82ee-89b06663231a,0.14,false,false,false,near_mint,en,false,USD,2025-12-09T05:11:44.207Z
hi,binder,Thornspire Verge,DSK,Duskmourn: House of Horror,270,normal,rare,2,98714,7e1cdc03-6faa-4138-9a52-caafbe34fb59,5.13,false,false,false,near_mint,en,false,USD,2025-12-09T05:11:44.207Z
hi,binder,Keys to the House,DSK,Duskmourn: House of Horror,251,normal,uncommon,1,99246,8c11a413-7f33-4b63-bdd9-e143e529f56d,0.12,false,false,false,near_mint,en,false,USD,2025-12-09T05:11:44.207Z
hi,binder,Fellwar Stone,TDC,Tarkir: Dragonstorm Commander,318,normal,uncommon,2,104965,ce55e00c-cd95-48eb-986e-edf5125f3534,1.48,false,false,false,near_mint,en,false,USD,2025-10-19T23:45:12.490Z
hi,binder,The Eternity Elevator,EOE,Edge of Eternities,241,normal,rare,1,106967,1bb90ab9-43b9-4991-806a-0afc4d8caf5f,1.99,false,false,false,near_mint,en,false,USD,2025-10-21T00:49:01.479Z
hi,binder,Ancestors' Aid,LCI,The Lost Caverns of Ixalan,132,normal,common,2,88996,e90d5b7d-e27d-42d6-ba7a-d4a6b0dd8549,0.1,false,false,false,near_mint,en,false,USD,2025-10-21T01:01:22.308Z
hi,binder,Wandering Archaic // Explore the Vastlands,STX,Strixhaven: School of Mages,6,normal,rare,2,58012,18a2bdc8-b705-4eb5-b3a5-ff2e2ab8f312,8.41,false,false,false,near_mint,en,false,USD,2025-10-21T01:02:31.076Z
hi,binder,Dog Umbra,MH3,Modern Horizons 3,22,normal,common,2,94534,8d4ba710-eddb-40ca-b2fe-0e4e778aab9c,0.07,false,false,false,near_mint,en,false,USD,2025-10-21T01:38:32.364Z
hi,binder,Storm-Kiln Artist,TDC,Tarkir: Dragonstorm Commander,235,normal,uncommon,2,104476,1b8c1345-4279-4e29-b58c-efacccb8e47f,1.16,false,false,false,near_mint,en,false,USD,2025-10-21T01:58:40.841Z
hi,binder,Violent Urge,DSK,Duskmourn: House of Horror,164,normal,uncommon,2,99281,a47c968b-1edd-45ac-a67c-311647e7e2fc,0.31,false,false,false,near_mint,en,false,USD,2025-11-18T07:38:28.778Z
hi,binder,Turn Inside Out,DSK,Duskmourn: House of Horror,160,normal,common,2,98707,57e2a92c-06d3-4cb5-883d-cba428a7e98e,0.12,false,false,false,near_mint,en,false,USD,2025-11-18T07:38:28.778Z
hi,binder,Swamp,ECL,Lorwyn Eclipsed,281,normal,common,1,110322,35fe42f9-dd55-4ca4-af0a-59ecdff0dba8,0.3,false,false,false,near_mint,en,false,USD,2026-03-07T05:59:58.191Z
hi,binder,Stunning Strike,CLB,Commander Legends: Battle for Baldur's Gate,97,normal,common,1,69039,582dffab-2851-4498-ad69-c4d072617f32,0.04,false,false,false,near_mint,en,false,USD,2026-03-07T05:59:58.192Z
hi,binder,Dragon Grip,KTK,Khans of Tarkir,107,normal,uncommon,1,13291,0269d5bd-d8aa-465b-bfe9-6703937f933c,0.1,false,false,false,near_mint,en,false,USD,2026-03-07T05:59:58.194Z
hi,binder,Expedite,CMR,Commander Legends,413,normal,common,1,56167,b86c0628-0b61-44f2-91cc-1c3c309631ce,1.28,false,false,false,near_mint,en,false,USD,2026-03-07T05:59:58.195Z
hi,binder,Sudden Breakthrough,STX,Strixhaven: School of Mages,116,normal,common,1,58274,b011707a-471b-41c2-bc73-376a55d26bee,0.13,false,false,false,near_mint,en,false,USD,2026-03-07T05:59:58.196Z
hi,binder,Secret Tunnel,TLA,Avatar: The Last Airbender,278,normal,rare,2,109406,2d39a0e1-6484-409c-ab05-5b276925a949,2.82,false,false,false,near_mint,en,false,USD,2026-03-07T05:59:58.197Z
hi,binder,Stun,10E,Tenth Edition,240,normal,common,1,25827,0f4e2c82-cdb8-4745-9af6-804717c541d7,0.22,false,false,false,near_mint,en,false,USD,2026-03-07T05:59:58.198Z
hi,binder,Hada Freeblade,WWK,Worldwake,7,normal,uncommon,1,22184,22700453-e1aa-43d1-9b51-cda8a37fc00d,0.65,false,false,false,near_mint,en,false,USD,2026-03-07T05:59:58.199Z
hi,binder,Kazandu Blademaster,ZEN,Zendikar,16,normal,uncommon,1,22608,9642bdbf-c03f-4c48-a5c8-c9201a08b834,0.45,false,false,false,near_mint,en,false,USD,2026-03-07T05:59:58.200Z
hi,binder,"Appa, Aang's Companion",TLE,Avatar: The Last Airbender Eternal,268,normal,uncommon,1,108281,cf5b4b3b-fb88-48da-ac3f-6a423be9cd44,0.33,false,false,false,near_mint,en,false,USD,2026-03-07T05:59:58.201Z
hi,binder,Allied Teamwork,TLE,Avatar: The Last Airbender Eternal,213,normal,rare,1,108240,8a347283-eb16-4339-945e-316a5ce9e2c5,0.76,false,false,false,near_mint,en,false,USD,2026-03-07T05:59:58.202Z
hi,binder,Tale of Momo,TLE,Avatar: The Last Airbender Eternal,86,normal,rare,1,109672,334d02cb-3a9c-4f1b-b6da-5ac4b1bef471,0.37,false,false,false,near_mint,en,false,USD,2026-03-07T05:59:58.203Z
hi,binder,True Conviction,SS2,Signature Spellbook: Gideon,6,normal,rare,1,44957,f8f4c56b-76d1-4c1c-a9d6-383278de272d,5.79,false,false,false,near_mint,en,false,USD,2026-03-07T05:59:58.204Z
hi,binder,Secret Arcade // Dusty Parlor,DSC,Duskmourn: House of Horror Commander,10,normal,rare,1,99021,fe050c16-9be5-42ef-988f-0531a8bb2352,0.38,false,false,false,near_mint,en,false,USD,2026-03-07T05:59:58.205Z
hi,binder,Dreams of Laguna,FIN,Final Fantasy,50,normal,common,4,106292,ba752243-2727-4b8a-8e21-e70becfd4ff3,0.21,false,false,false,near_mint,en,false,USD,2026-03-07T05:59:58.207Z
hi,binder,Hero,TFIN,Final Fantasy Tokens,9,normal,common,3,105869,2d132d9b-00dd-4ab9-b195-1857f3cee37b,,false,false,false,near_mint,en,false,USD,2026-03-07T05:59:58.210Z
hi,binder,Island,FIN,Final Fantasy,297,normal,common,3,105700,b92ec9f6-a56d-40c6-aee2-7d5e1524c985,0.2,false,false,false,near_mint,en,false,USD,2026-03-07T05:59:58.211Z
hi,binder,Chocobo Kick,FIN,Final Fantasy,178,normal,common,4,106698,ff8c8be0-8223-499c-8704-cb68e0a42ce2,0.15,false,false,false,near_mint,en,false,USD,2026-03-07T05:59:58.212Z
hi,binder,"Sidequest: Hunt the Mark // Yiazmat, Ultimate Mark",FIN,Final Fantasy,119,normal,uncommon,2,106646,c3eb2ae5-10de-4c3d-91c8-8734befc80b2,0.17,false,false,false,near_mint,en,false,USD,2026-03-07T05:59:58.213Z
hi,binder,Random Encounter,FIN,Final Fantasy,150,normal,uncommon,3,106534,3618e283-2df9-4eb9-97b0-96b55ee31cc0,0.1,false,false,false,near_mint,en,false,USD,2026-03-07T05:59:58.214Z
hi,binder,Chocobo Racetrack,FIN,Final Fantasy,179,normal,uncommon,3,106516,1565813b-6912-42f4-bae0-22136a2d6a92,0.28,false,false,false,near_mint,en,false,USD,2026-03-07T05:59:58.216Z
hi,binder,Iron Giant,FIN,Final Fantasy,260,normal,common,5,106675,e48cf6d5-4d32-4b66-80be-3495ecd3e906,0.16,false,false,false,near_mint,en,false,USD,2026-03-07T05:59:58.218Z
hi,binder,Esper Origins // Summon: Esper Maduin,FIN,Final Fantasy,185,normal,rare,2,105823,0f503360-216a-4629-89b2-d32072850aef,0.98,false,false,false,near_mint,en,false,USD,2026-03-07T05:59:58.221Z
hi,binder,Red Mage's Rapier,FIN,Final Fantasy,152,normal,common,4,106669,e0579955-75f9-47a9-8b03-e287d120826a,0.16,false,false,false,near_mint,en,false,USD,2026-03-07T05:59:58.222Z
hi,binder,Stuck in Summoner's Sanctum,FIN,Final Fantasy,76,normal,common,6,106562,6678501e-6349-4e37-ab4c-a31a3d408d52,0.15,false,false,false,near_mint,en,false,USD,2026-03-07T05:59:58.225Z
hi,binder,"Sephiroth, One-Winged Angel Emblem",TFIN,Final Fantasy Tokens,24,normal,common,2,106714,03165625-1cb9-4e7b-85be-df400adc4487,,false,false,false,near_mint,en,false,USD,2026-03-07T05:59:58.226Z
hi,binder,"Vector, Imperial Capital",FIN,Final Fantasy,291,normal,common,4,106512,10e5648e-4884-41e3-95f8-c76f6bca01e2,0.19,false,false,false,near_mint,en,false,USD,2026-03-07T05:59:58.227Z
hi,binder,Tifa Lockhart,FIN,Final Fantasy,206,normal,rare,1,105765,fb781323-2746-405d-a9b2-e778c037a6e9,2.3,false,false,false,near_mint,en,false,USD,2026-03-07T05:59:58.229Z
hi,binder,Sidequest: Catch a Fish // Cooking Campsite,FIN,Final Fantasy,31,normal,uncommon,3,103802,bdb5452e-d97f-409b-91d0-2664f39b09b8,0.2,false,false,false,near_mint,en,false,USD,2026-03-07T05:59:58.230Z
hi,binder,Eject,FIN,Final Fantasy,52,normal,uncommon,3,106631,aec83c9a-8ec4-4a5a-b27f-0e74a2b3d21e,0.13,false,false,false,near_mint,en,false,USD,2026-03-07T05:59:58.231Z
hi,binder,The Final Days,FIN,Final Fantasy,101,normal,uncommon,3,106641,bbf01770-6d0f-4015-b4b4-a74a53cb767a,0.15,false,false,false,near_mint,en,false,USD,2026-03-07T05:59:58.232Z
hi,binder,Adventurer's Inn,FIN,Final Fantasy,271,normal,common,5,105754,f0da2ee1-986e-4cbf-92eb-d96fdb572ca5,0.27,false,false,false,near_mint,en,false,USD,2026-03-07T05:59:58.234Z
hi,binder,Brainstorm,FCA,Final Fantasy: Through the Ages,28,normal,uncommon,2,106148,c14f8bce-d5b3-4d01-8346-8a4923ec03d9,1.15,false,false,false,near_mint,en,false,USD,2026-03-07T05:59:58.241Z
hi,binder,Summon: Primal Odin,FIN,Final Fantasy,121,normal,rare,2,105658,8b1b5f06-e34d-44a3-976e-5157c4b7a0f4,1.32,false,false,false,near_mint,en,false,USD,2026-03-07T05:59:58.242Z
hi,binder,Magic Pot,FIN,Final Fantasy,263,normal,common,5,106553,57d07ca0-5618-4a90-a605-ca14a193ce3b,0.07,false,false,false,near_mint,en,false,USD,2026-03-07T05:59:58.246Z
hi,binder,Cathedral Sanctifier,DDQ,Duel Decks: Blessed vs. Cursed,3,normal,common,1,9180,de3d0a45-3b3a-4718-9cb8-ff0c2464d634,0.23,false,false,false,near_mint,en,false,USD,2026-03-07T05:59:58.252Z
hi,binder,Flowering Lumberknot,AVR,Avacyn Restored,178,normal,common,1,18100,78fa2ddc-142b-4562-8812-ecb72e3bae57,0.06,false,false,false,near_mint,en,false,USD,2026-03-07T05:59:58.253Z
hi,binder,Malicious Intent,AVR,Avacyn Restored,147,normal,common,1,18131,f1dda42d-55eb-46fc-89da-17cc5bfaa823,0.02,false,false,false,near_mint,en,false,USD,2026-03-07T05:59:58.254Z
hi,binder,Terrifying Presence,DDL,Duel Decks: Heroes vs. Monsters,65,normal,common,1,15700,070408ff-5f23-4972-a9cc-d5351fd995f7,0.22,false,false,false,near_mint,en,false,USD,2026-03-07T05:59:58.255Z
hi,binder,Fervent Cathar,EMA,Eternal Masters,129,normal,common,1,8546,9c00c27c-7826-4d6e-9d56-2844c59c8066,0.03,false,false,false,near_mint,en,false,USD,2026-03-07T05:59:58.257Z
hi,binder,Amass the Components,IMA,Iconic Masters,41,normal,common,1,3584,f36521a7-8997-45da-aaa6-dd70d5c4e7f4,0.04,false,false,false,near_mint,en,false,USD,2026-03-07T05:59:58.258Z
hi,binder,Call to Serve,AVR,Avacyn Restored,9,normal,common,1,18269,ce4a3e80-6e95-4346-8ab8-eecc1a09ca24,0.13,false,false,false,near_mint,en,false,USD,2026-03-07T05:59:58.259Z
hi,binder,Mental Agony,AVR,Avacyn Restored,114,normal,common,1,18164,4f8a1d51-aa7f-41fd-b97d-56bc48221615,0.09,false,false,false,near_mint,en,false,USD,2026-03-07T05:59:58.260Z
hi,binder,Unhallowed Pact,DDR,Duel Decks: Nissa vs. Ob Nixilis,64,normal,common,1,7799,9dd86d89-22a8-4e27-9991-ef89837d0d83,0.18,false,false,false,near_mint,en,false,USD,2026-03-07T05:59:58.261Z
hi,binder,Thunderous Wrath,MM3,Modern Masters 2017,113,normal,common,1,6100,804458a2-5376-462d-a2cd-fa596750c0aa,0.13,false,false,false,near_mint,en,false,USD,2026-03-07T05:59:58.262Z
hi,binder,Mass Appeal,AVR,Avacyn Restored,66,normal,uncommon,1,18212,dfe9ae51-fd2b-45ca-a780-725f51f897b2,0.33,false,false,false,near_mint,en,false,USD,2026-03-07T05:59:58.263Z
hi,binder,Angel's Tomb,INR,Innistrad Remastered,253,normal,uncommon,1,102738,b465d09e-efad-48b6-a89a-f7da0c572991,0.13,false,false,false,near_mint,en,false,USD,2026-03-07T05:59:58.264Z
hi,binder,Divine Deflection,AVR,Avacyn Restored,18,normal,rare,1,18260,ec06e42f-e294-44ef-8fa8-1d1a4c2090d8,0.26,false,false,false,near_mint,en,false,USD,2026-03-07T05:59:58.265Z
hi,binder,Human,TC19,Commander 2019 Tokens,3,normal,common,1,45492,95f99a6a-dcd9-412e-84cf-916aafad5dfb,0.2,false,false,false,near_mint,en,false,USD,2026-03-07T05:59:58.266Z
hi,binder,Plains,CMA,Commander Anthology,291,normal,common,1,4995,af6db62d-62de-4b63-938c-2d2c946c5aca,0.35,false,false,false,near_mint,en,false,USD,2026-03-07T05:59:58.267Z
hi,binder,Plains,C18,Commander 2018,295,normal,common,1,548,f944d762-b01c-4e7c-a539-434cbf99c504,0.17,false,false,false,near_mint,en,false,USD,2026-03-07T05:59:58.268Z
hi,binder,Gryff Vanguard,DDQ,Duel Decks: Blessed vs. Cursed,25,normal,common,1,9158,53a14ab8-62f4-4873-b4ef-650f0aded095,0.1,false,false,false,near_mint,en,false,USD,2026-03-07T05:59:58.269Z
hi,binder,Dangerous Wager,AVR,Avacyn Restored,131,normal,common,1,18147,636c4042-703f-4548-9a0f-cb550c468bf9,0.16,false,false,false,near_mint,en,false,USD,2026-03-07T05:59:58.270Z
hi,binder,Havengul Skaab,AVR,Avacyn Restored,60,normal,common,1,18218,4c7ff97f-fb06-4a61-98cd-50965a6522d4,0.04,false,false,false,near_mint,en,false,USD,2026-03-07T05:59:58.271Z
hi,binder,Hanweir Lancer,MM3,Modern Masters 2017,97,normal,common,1,6116,db88c0d5-9df8-4cb7-8951-9d41187b7fb1,0.03,false,false,false,near_mint,en,false,USD,2026-03-07T05:59:58.273Z
hi,binder,Midvast Protector,AVR,Avacyn Restored,28,normal,common,1,18250,d4f6214f-90cb-4575-b221-3c8d0ed65ffe,0.04,false,false,false,near_mint,en,false,USD,2026-03-07T05:59:58.274Z
hi,binder,Polluted Dead,AVR,Avacyn Restored,116,normal,common,1,18162,036c1954-37d3-4787-8df8-f2d0dd39058a,0.07,false,false,false,near_mint,en,false,USD,2026-03-07T05:59:58.275Z
hi,binder,Wingcrafter,MM3,Modern Masters 2017,58,normal,common,1,6155,0b79a71b-568f-4700-9b1d-e7965159da0a,0.17,false,false,false,near_mint,en,false,USD,2026-03-07T05:59:58.276Z
hi,binder,Renegade Demon,DDR,Duel Decks: Nissa vs. Ob Nixilis,59,normal,common,1,7804,bbd61cbe-92b8-4141-b11c-04046e35578a,0.06,false,false,false,near_mint,en,false,USD,2026-03-07T05:59:58.277Z
hi,binder,Borderland Ranger,E02,Explorers of Ixalan,31,normal,common,1,3344,12124073-518a-498c-a817-400547ae7040,0.2,false,false,false,near_mint,en,false,USD,2026-03-07T05:59:58.278Z
hi,binder,Vorstclaw,M20,Core Set 2020,201,normal,common,1,45260,79719ed0-468d-4946-8dfc-fb7e2b2e305e,0.05,false,false,false,near_mint,en,false,USD,2026-03-07T05:59:58.279Z
hi,binder,Ghostly Touch,AVR,Avacyn Restored,58,normal,uncommon,1,18220,3ebae54a-47e0-4e82-8a29-b5d9354a748b,0.18,false,false,false,near_mint,en,false,USD,2026-03-07T05:59:58.280Z
hi,binder,Falkenrath Exterminator,MOC,March of the Machine Commander,276,normal,uncommon,1,81751,75cb8891-90bc-41d9-96ff-e24564d3970e,0.55,false,false,false,near_mint,en,false,USD,2026-03-07T05:59:58.281Z
hi,binder,Treasure,TTDM,Tarkir: Dragonstorm Tokens,16,normal,common,1,104831,9c8f66e1-4eab-4d51-b10e-9cedd607d709,,false,false,false,near_mint,en,false,USD,2026-03-07T05:59:58.284Z
hi,binder,"Ultimecia, Time Sorceress // Ultimecia, Omnipotent",FIN,Final Fantasy,247,normal,uncommon,2,105581,2d6a2b68-5407-464e-a335-7866fd969c30,0.17,false,false,false,near_mint,en,false,USD,2026-03-07T05:59:58.286Z
hi,binder,Ignis Scientia,FIN,Final Fantasy,227,normal,uncommon,3,106627,ab4f9721-5b2c-4371-98a5-3f6714265e57,0.15,false,false,false,near_mint,en,false,USD,2026-03-07T05:59:58.287Z
hi,binder,"Zenos yae Galvus // Shinryu, Transcendent Rival",FIN,Final Fantasy,127,normal,rare,1,105697,b65ffce4-bb58-418a-9bad-81533a5f2ba2,0.38,false,false,false,near_mint,en,false,USD,2026-03-07T05:59:58.289Z
hi,binder,Overkill,FIN,Final Fantasy,109,normal,uncommon,3,106628,ae075e71-d33d-4d6c-b4a5-0b47dd6fd196,0.28,false,false,false,near_mint,en,false,USD,2026-03-07T05:59:58.290Z
hi,binder,Blitzball,FIN,Final Fantasy,254,normal,common,3,106723,92f4ad73-42bf-45c0-8bb6-0b44043c81ef,0.22,false,false,false,near_mint,en,false,USD,2026-03-07T05:59:58.291Z
hi,binder,Crossroads Village,FIN,Final Fantasy,276,normal,common,5,106561,64db46d4-f91f-49cc-971c-b8e19f0c4ea9,0.23,false,false,false,near_mint,en,false,USD,2026-03-07T05:59:58.292Z
hi,binder,Rook Turret,FIN,Final Fantasy,69,normal,common,4,106541,4572884d-0c0e-41e7-b219-f76b95fdbd01,0.2,false,false,false,near_mint,en,false,USD,2026-03-07T05:59:58.293Z
hi,binder,"Gongaga, Reactor Town",FIN,Final Fantasy,280,normal,common,3,106580,7beccfa6-3e4b-4460-954e-870cb39e462d,0.22,false,false,false,near_mint,en,false,USD,2026-03-07T05:59:58.298Z
hi,binder,Monk's Fist,FIN,Final Fantasy,265,normal,common,4,106601,995033f0-873d-4e46-b0c9-98ec8ef270ff,0.12,false,false,false,near_mint,en,false,USD,2026-03-07T05:59:58.299Z
hi,binder,Queen Brahne,FIN,Final Fantasy,149,normal,uncommon,4,106414,c38c98bb-74c9-460f-9997-ea5c5f922347,0.22,false,false,false,near_mint,en,false,USD,2026-03-07T05:59:58.233Z
hi,binder,Suplex,FIN,Final Fantasy,164,normal,common,5,106376,f61693a2-7042-44e0-85ba-9bf12ab94e7e,0.22,false,false,false,near_mint,en,false,USD,2026-03-07T05:59:58.240Z
hi,binder,Bone Splinters,AVR,Avacyn Restored,88,normal,common,2,18190,387eda28-f35b-48b0-ba59-773d82902327,0.05,false,false,false,near_mint,en,false,USD,2026-03-07T05:59:58.256Z
hi,binder,Mirrorform,ECL,Lorwyn Eclipsed,308,normal,mythic,1,110287,02a9adde-1604-46c1-b481-fa0a73c72bd9,6.95,false,false,false,near_mint,en,false,USD,2026-03-07T06:09:42.479Z
hi,binder,Plains,ECL,Lorwyn Eclipsed,274,normal,common,2,110352,6242dbef-8412-4ebd-9486-42cec1dc6794,0.3,false,false,false,near_mint,en,false,USD,2026-03-07T06:09:42.481Z
hi,binder,Island,ECL,Lorwyn Eclipsed,275,normal,common,2,110300,12ebd9c8-6587-456e-aba9-7aad1c2a09ea,0.29,false,false,false,near_mint,en,false,USD,2026-03-07T06:09:42.482Z
hi,binder,Kinbinding,ECL,Lorwyn Eclipsed,407,foil,rare,1,110418,df94f428-f097-42cb-be03-3046e6867344,0.27,false,false,false,near_mint,en,false,USD,2026-03-07T06:09:42.488Z
hi,binder,Forest,ECL,Lorwyn Eclipsed,283,normal,common,5,110403,bdbce923-c05e-4554-8c4c-5c4e6d791856,0.32,false,false,false,near_mint,en,false,USD,2026-03-07T06:09:42.495Z
hi,binder,Gilt-Leaf's Embrace,ECL,Lorwyn Eclipsed,177,normal,common,1,110769,739e5ab5-d562-407a-906e-c5c5173ad325,0.14,false,false,false,near_mint,en,false,USD,2026-03-07T06:09:42.496Z
hi,binder,"Tam, Mindful First-Year",ECL,Lorwyn Eclipsed,245,normal,rare,2,110765,6cb0f825-b75b-4f2a-803c-08142ca07e76,0.48,false,false,false,near_mint,en,false,USD,2026-03-07T06:09:42.497Z
hi,binder,Lys Alana Dignitary,ECL,Lorwyn Eclipsed,180,normal,uncommon,1,110793,94e8d6a9-7aa3-4e93-8e4d-e50da7ff09d2,0.22,false,false,false,near_mint,en,false,USD,2026-03-07T06:09:42.498Z
hi,binder,Lofty Dreams,ECL,Lorwyn Eclipsed,58,normal,uncommon,3,110803,a2908ed1-517e-4f1a-94e5-b06fb033c1a6,0.13,false,false,false,near_mint,en,false,USD,2026-03-07T06:09:42.499Z
hi,binder,Retched Wretch,ECL,Lorwyn Eclipsed,117,normal,uncommon,3,110838,c7a4d7f1-976a-4a28-97a9-ff089a241c9d,0.12,false,false,false,near_mint,en,false,USD,2026-03-07T06:09:42.500Z
hi,binder,Impolite Entrance,ECL,Lorwyn Eclipsed,146,normal,uncommon,2,110493,45be88d8-0be1-47a2-a1c1-d6e693fc706f,0.28,false,false,false,near_mint,en,false,USD,2026-03-07T06:09:42.501Z
hi,binder,Rooftop Percher,ECL,Lorwyn Eclipsed,2,normal,common,2,110464,2d89595c-1542-41fe-8d23-997522922698,0.15,false,false,false,near_mint,en,false,USD,2026-03-07T06:09:42.502Z
hi,binder,Summit Sentinel,ECL,Lorwyn Eclipsed,73,normal,common,1,110776,81251057-f270-4f05-9dc5-205c70e1f295,0.17,false,false,false,near_mint,en,false,USD,2026-03-07T06:09:42.509Z
hi,binder,Timid Shieldbearer,ECL,Lorwyn Eclipsed,39,normal,common,1,110699,1c672d38-a1a6-4912-a9a6-b11e7bf0cc67,0.09,false,false,false,near_mint,en,false,USD,2026-03-07T06:09:42.510Z
hi,binder,Crossroads Watcher,ECL,Lorwyn Eclipsed,173,normal,common,2,110359,6d62fcbb-f1a0-46ce-a4af-2a33bcc3ac8e,0.15,false,false,false,near_mint,en,false,USD,2026-03-07T06:09:42.511Z
hi,binder,Enraged Flamecaster,ECL,Lorwyn Eclipsed,135,normal,common,1,110686,104baa2c-75c5-44fc-a3b9-b19efcf3d7c2,0.12,false,false,false,near_mint,en,false,USD,2026-03-07T06:09:42.512Z
hi,binder,Auntie's Sentence,ECL,Lorwyn Eclipsed,85,normal,common,2,110856,e64bfe16-7362-4982-9136-1f4e0d335441,0.17,false,false,false,near_mint,en,false,USD,2026-03-07T06:09:42.513Z
hi,binder,Wanderwine Distracter,ECL,Lorwyn Eclipsed,82,normal,common,1,110624,cbf593a7-d4ae-4771-926a-3c1b2c8c901a,0.1,false,false,false,near_mint,en,false,USD,2026-03-07T06:09:42.514Z
hi,binder,Spiral into Solitude,ECL,Lorwyn Eclipsed,36,normal,common,1,110858,e7a12664-a930-4159-8311-19862488fb05,0.1,false,false,false,near_mint,en,false,USD,2026-03-07T06:09:42.515Z
hi,binder,Mudbutton Cursetosser,ECL,Lorwyn Eclipsed,112,normal,uncommon,1,110720,35bc841a-9a21-4c17-a60a-a3ee01472fcb,0.22,false,false,false,near_mint,en,false,USD,2026-03-07T06:09:42.517Z
hi,binder,Meanders Guide,ECL,Lorwyn Eclipsed,25,normal,uncommon,1,110787,8c41a0ad-138e-4eef-8f7f-35017e3b086f,0.18,false,false,false,near_mint,en,false,USD,2026-03-07T06:09:42.518Z
hi,binder,Bristlebane Outrider,ECL,Lorwyn Eclipsed,169,normal,uncommon,1,110724,38b17a3c-4457-47e3-986e-ff0b94c41b1a,0.17,false,false,false,near_mint,en,false,USD,2026-03-07T06:09:42.519Z
hi,binder,Cinder Strike,ECL,Lorwyn Eclipsed,131,normal,common,1,110767,6fb6faa4-236c-4cae-9140-0981c44d2392,0.17,false,false,false,near_mint,en,false,USD,2026-03-07T06:09:42.520Z
hi,binder,Prideful Feastling,ECL,Lorwyn Eclipsed,238,normal,common,2,110535,7578cb61-f606-4559-a10a-343a583228ab,0.17,false,false,false,near_mint,en,false,USD,2026-03-07T06:09:42.529Z
hi,binder,Thoughtweft Lieutenant,ECL,Lorwyn Eclipsed,246,normal,uncommon,2,110315,2c54ec67-9317-455e-a045-fa4ed9cb676f,0.2,false,false,false,near_mint,en,false,USD,2026-03-07T06:09:42.530Z
hi,binder,Eclipsed Boggart,ECL,Lorwyn Eclipsed,335,normal,uncommon,1,110717,343a04c9-ebf8-41d9-9ebf-9d17da5ad605,0.35,false,false,false,near_mint,en,false,USD,2026-03-07T06:09:42.531Z
hi,binder,Sizzling Changeling,ECL,Lorwyn Eclipsed,155,normal,uncommon,1,110420,e58f0722-9ad1-4952-9aee-ea8137c58911,0.18,false,false,false,near_mint,en,false,USD,2026-03-07T06:09:42.532Z
hi,binder,Shimmerwilds Growth,ECL,Lorwyn Eclipsed,194,normal,uncommon,1,110612,c122719c-f0d1-4170-a0d1-d62172df1d21,0.29,false,false,false,near_mint,en,false,USD,2026-03-07T06:09:42.533Z
hi,binder,Disruptor of Currents,ECL,Lorwyn Eclipsed,47,normal,rare,1,110339,4c6dbbaa-6844-4d7c-abbb-472a83bb99ab,0.27,false,false,false,near_mint,en,false,USD,2026-03-07T06:09:42.534Z
hi,binder,Blighted Blackthorn,ECL,Lorwyn Eclipsed,90,normal,common,2,110719,3515531a-45d6-4fe0-96a3-7ca1ce545068,0.13,false,false,false,near_mint,en,false,USD,2026-03-07T06:09:42.535Z
hi,binder,Elf,TECL,Lorwyn Eclipsed Tokens,4,normal,common,1,110725,39b36f22-21f9-44fe-8a49-bdc859503342,,false,false,false,near_mint,en,false,USD,2026-03-07T06:09:42.537Z
hi,binder,Wanderbrine Preacher,ECL,Lorwyn Eclipsed,41,normal,common,1,110485,3fc3f5f2-5a83-4358-8f23-42f26f345140,0.14,false,false,false,near_mint,en,false,USD,2026-03-07T06:09:42.538Z
hi,binder,Midnight Tilling,ECL,Lorwyn Eclipsed,182,normal,common,1,110619,c5112bbf-752c-41e7-9c61-4c81e6a77463,0.26,false,false,false,near_mint,en,false,USD,2026-03-07T06:09:42.539Z
hi,binder,Feed the Flames,ECL,Lorwyn Eclipsed,137,normal,common,1,110753,59740755-c353-4b6c-a84c-3b76133ce3ec,0.13,false,false,false,near_mint,en,false,USD,2026-03-07T06:09:42.540Z
hi,binder,Dream Seizer,ECL,Lorwyn Eclipsed,101,normal,common,3,110321,3573f425-9251-4c17-9619-15278ce5d8fb,0.12,false,false,false,near_mint,en,false,USD,2026-03-07T06:09:42.541Z
hi,binder,Mischievous Sneakling,ECL,Lorwyn Eclipsed,235,normal,common,1,110726,3b66fa00-2fa6-4060-9e7f-8e3fde6deb73,0.14,false,false,false,near_mint,en,false,USD,2026-03-07T06:09:42.544Z
hi,binder,Gnarlbark Elm,ECL,Lorwyn Eclipsed,103,normal,uncommon,2,110700,1e9d65b6-22ff-49f2-8b2a-aeaef91088d3,0.18,false,false,false,near_mint,en,false,USD,2026-03-07T06:09:42.545Z
hi,binder,Personify,ECL,Lorwyn Eclipsed,28,normal,uncommon,2,110299,1172582d-fb2d-4022-95b1-e48b03df3a95,0.33,false,false,false,near_mint,en,false,USD,2026-03-07T06:09:42.546Z
hi,binder,Virulent Emissary,ECL,Lorwyn Eclipsed,202,normal,uncommon,2,110291,0702efed-915e-466a-96bb-ac09af06b21e,0.5,false,false,false,near_mint,en,false,USD,2026-03-07T06:09:42.547Z
hi,binder,Selfless Safewright,ECL,Lorwyn Eclipsed,193,normal,rare,1,110388,ac95b1c3-9eb2-4f80-bb32-72b36817d622,0.75,false,false,false,near_mint,en,false,USD,2026-03-07T06:09:42.548Z
hi,binder,High Perfect Morcant,ECL,Lorwyn Eclipsed,229,normal,rare,2,110080,dfe7b8bf-c150-4be0-aef4-e8bb6f09787a,2.43,false,false,false,near_mint,en,false,USD,2026-03-07T06:09:42.549Z
hi,binder,Voracious Tome-Skimmer,ECL,Lorwyn Eclipsed,250,normal,uncommon,1,110303,1a696fe5-410c-4699-b1d1-1a9c771d664a,0.28,false,false,false,near_mint,en,false,USD,2026-03-07T06:09:42.550Z
hi,binder,Island,ECL,Lorwyn Eclipsed,280,normal,common,2,110414,d6a5ba11-3156-4a0c-958d-5756e18b767b,0.29,false,false,false,near_mint,en,false,USD,2026-03-07T06:09:42.551Z
hi,binder,Dawn's Light Archer,ECL,Lorwyn Eclipsed,174,normal,common,2,110771,76e80656-6bcb-4d99-8bd2-ca5f75f40daf,0.17,false,false,false,near_mint,en,false,USD,2026-03-07T06:09:42.555Z
hi,binder,Brambleback Brute,ECL,Lorwyn Eclipsed,128,normal,common,1,110754,5ebb8365-c6e1-46e8-a242-6aa27b21e68a,0.17,false,false,false,near_mint,en,false,USD,2026-03-07T06:09:42.556Z
hi,binder,Scarblade's Malice,ECL,Lorwyn Eclipsed,119,normal,common,2,110815,aea9b5c0-3b32-44be-9773-566b9daafa6b,0.17,false,false,false,near_mint,en,false,USD,2026-03-07T06:09:42.557Z
hi,binder,Blossombind,ECL,Lorwyn Eclipsed,45,normal,common,2,110479,382b83c0-bbbc-4db8-bc04-cfea79aed1b3,0.17,false,false,false,near_mint,en,false,USD,2026-03-07T06:09:42.558Z
hi,binder,Gangly Stompling,ECL,Lorwyn Eclipsed,226,normal,common,2,110497,502000a7-a3c1-4259-aea5-ff01724396a1,0.17,false,false,false,near_mint,en,false,USD,2026-03-07T06:09:42.559Z
hi,binder,Flamebraider,ECL,Lorwyn Eclipsed,139,normal,uncommon,2,110604,b8aa428c-5a77-444f-b75e-a113e46fe4e0,0.23,false,false,false,near_mint,en,false,USD,2026-03-07T06:09:42.560Z
hi,binder,Crib Swap,ECL,Lorwyn Eclipsed,11,normal,uncommon,1,110563,8f2fb3c6-af75-47a3-9f97-521872c32890,0.2,false,false,false,near_mint,en,false,USD,2026-03-07T06:09:42.561Z
hi,binder,Glamer Gifter,ECL,Lorwyn Eclipsed,49,normal,uncommon,1,110609,bd764dd4-2395-4138-ac29-260eac1aeaae,0.21,false,false,false,near_mint,en,false,USD,2026-03-07T06:09:42.562Z
hi,binder,Shimmercreep,ECL,Lorwyn Eclipsed,120,normal,uncommon,1,110662,f7c02899-5f0f-4b38-bbbc-fbc8c46419a6,0.19,false,false,false,near_mint,en,false,USD,2026-03-07T06:09:42.563Z
hi,binder,Burdened Stoneback,ECL,Lorwyn Eclipsed,8,normal,uncommon,1,110470,3278b8d0-3d2b-4d3d-bbf1-fd9b714b53ed,0.16,false,false,false,near_mint,en,false,USD,2026-03-07T06:09:42.564Z
hi,binder,Goblin,TECL,Lorwyn Eclipsed Tokens,6,normal,common,2,110758,6139a45d-ebc7-4bca-8c13-73c85ea5fe0d,,false,false,false,near_mint,en,false,USD,2026-03-07T06:09:42.566Z
hi,binder,Changeling Wayfinder,ECL,Lorwyn Eclipsed,1,normal,common,1,110764,6c6061aa-a4da-4115-85b6-d0aa22f2386c,0.25,false,false,false,near_mint,en,false,USD,2026-03-07T06:09:42.572Z
hi,binder,Wanderwine Farewell,ECL,Lorwyn Eclipsed,83,normal,uncommon,1,110335,473123a0-1366-406b-9b9e-154c0e9c224f,0.13,false,false,false,near_mint,en,false,USD,2026-03-07T06:09:42.574Z
hi,binder,Goatnap,ECL,Lorwyn Eclipsed,142,normal,uncommon,1,110366,7d8dbec5-ae71-4f82-898a-b930ec677403,0.2,false,false,false,near_mint,en,false,USD,2026-03-07T06:09:42.575Z
hi,binder,Moonlit Lamenter,ECL,Lorwyn Eclipsed,26,normal,uncommon,1,110871,fb8fc509-cff6-470f-abf6-b07f6c3f94e1,0.16,false,false,false,near_mint,en,false,USD,2026-03-07T06:09:42.576Z
hi,binder,Boggart Mischief,ECL,Lorwyn Eclipsed,92,normal,uncommon,1,110387,aaeb9c9c-0f15-49dc-ae6d-2a958680f327,0.23,false,false,false,near_mint,en,false,USD,2026-03-07T06:09:42.577Z
hi,binder,Reluctant Dounguard,ECL,Lorwyn Eclipsed,31,normal,common,1,110849,dbce93c0-5efc-4b60-9cef-9d9b374d397b,0.07,false,false,false,near_mint,en,false,USD,2026-03-07T06:09:42.579Z
hi,binder,Mountain,ECL,Lorwyn Eclipsed,277,normal,common,1,110381,9b6fe3e2-a2cf-4209-ac9b-e04d02599360,0.3,false,false,false,near_mint,en,false,USD,2026-03-07T06:09:42.580Z
hi,binder,Gallant Fowlknight,ECL,Lorwyn Eclipsed,17,normal,common,1,110665,fb6096ba-8083-4207-9a3f-c1e4ff095204,0.12,false,false,false,near_mint,en,false,USD,2026-03-07T06:09:42.581Z
hi,binder,Safewright Cavalry,ECL,Lorwyn Eclipsed,191,normal,common,1,110870,f7de412a-9731-4bfc-8fbc-c95988a3dd70,0.1,false,false,false,near_mint,en,false,USD,2026-03-07T06:09:42.582Z
hi,binder,Reckless Ransacking,ECL,Lorwyn Eclipsed,152,normal,common,2,110706,24a5b025-4cdb-416d-aad6-0fc7e8da3df2,0.25,false,false,false,near_mint,en,false,USD,2026-03-07T06:09:42.583Z
hi,binder,Scarblade Scout,ECL,Lorwyn Eclipsed,118,normal,common,1,110833,c2412fea-4591-4345-913f-edc2da9ad975,0.1,false,false,false,near_mint,en,false,USD,2026-03-07T06:09:42.584Z
hi,binder,Aquitect's Defenses,ECL,Lorwyn Eclipsed,44,normal,common,2,110799,9af9a907-fd2e-4ae0-ac7b-529074b79a14,0.17,false,false,false,near_mint,en,false,USD,2026-03-07T06:09:42.585Z
hi,binder,Chitinous Graspling,ECL,Lorwyn Eclipsed,211,normal,common,1,110810,a9767360-d536-4902-9d2d-1f3474ce89d6,0.14,false,false,false,near_mint,en,false,USD,2026-03-07T06:09:42.586Z
hi,binder,Mistmeadow Council,ECL,Lorwyn Eclipsed,183,normal,common,2,110845,d4a7c9bc-81c8-4c31-96a9-eb6ba7715e7f,0.07,false,false,false,near_mint,en,false,USD,2026-03-07T06:09:42.587Z
hi,binder,Sting-Slinger,ECL,Lorwyn Eclipsed,161,normal,uncommon,1,110722,386c5f73-fb8f-46c8-ad45-56e2c19b7d1f,0.21,false,false,false,near_mint,en,false,USD,2026-03-07T06:09:42.588Z
hi,binder,Eclipsed Realms,ECL,Lorwyn Eclipsed,263,normal,uncommon,2,110801,a174f0db-8b4f-4c37-9583-44c92d37b9c0,0.7,false,false,false,near_mint,en,false,USD,2026-03-07T06:09:42.589Z
hi,binder,Hovel Hurler,ECL,Lorwyn Eclipsed,230,normal,uncommon,1,110594,adc6a4c5-4e92-43ee-8d0c-204042965eb7,0.15,false,false,false,near_mint,en,false,USD,2026-03-07T06:09:42.590Z
hi,binder,Curious Colossus,ECL,Lorwyn Eclipsed,12,normal,mythic,1,110348,582b6e5d-0bab-471d-af4d-19438c5fd524,1.18,false,false,false,near_mint,en,false,USD,2026-03-07T06:09:42.591Z
hi,binder,Twilight Diviner,ECL,Lorwyn Eclipsed,122,normal,rare,1,110737,443b6f30-1493-4d48-93d9-a91e22a7ebb3,3.66,false,false,false,near_mint,en,false,USD,2026-03-07T06:09:42.592Z
hi,binder,Moon-Vigil Adherents,ECL,Lorwyn Eclipsed,184,normal,uncommon,1,110756,60621c37-62e1-4261-ae76-3946b4a0cfa3,0.26,false,false,false,near_mint,en,false,USD,2026-03-07T06:09:42.604Z
hi,binder,Giantfall,ECL,Lorwyn Eclipsed,141,normal,uncommon,2,110697,1ac52728-adb3-4220-8392-73f7bd379ab4,0.23,false,false,false,near_mint,en,false,USD,2026-03-07T06:09:42.605Z
hi,binder,Tanufel Rimespeaker,ECL,Lorwyn Eclipsed,77,normal,uncommon,1,110822,b357022c-7cd5-4e82-a183-7144f5a84102,0.19,false,false,false,near_mint,en,false,USD,2026-03-07T06:09:42.606Z
hi,binder,Evershrike's Gift,ECL,Lorwyn Eclipsed,15,normal,uncommon,1,110702,231e46b6-b91a-4582-8894-e7de1c50213f,0.16,false,false,false,near_mint,en,false,USD,2026-03-07T06:09:42.607Z
hi,binder,"Rhys, the Evermore",ECL,Lorwyn Eclipsed,32,normal,rare,1,110385,a7072412-4aa2-40ef-a267-bd717551a42b,0.37,false,false,false,near_mint,en,false,USD,2026-03-07T06:09:42.608Z
hi,binder,Bre of Clan Stoutarm,ECL,Lorwyn Eclipsed,207,normal,rare,2,110286,013cefb7-a059-45c2-81b0-187f35aac4a2,0.28,false,false,false,near_mint,en,false,USD,2026-03-07T06:09:42.609Z
hi,binder,Kulrath Zealot,ECL,Lorwyn Eclipsed,148,normal,common,1,110718,3502685d-4e57-4c5c-94c6-ae69048cdfbf,0.11,false,false,false,near_mint,en,false,USD,2026-03-07T06:09:42.618Z
hi,binder,Lasting Tarfire,ECL,Lorwyn Eclipsed,149,normal,uncommon,1,110574,9c4a95ac-072f-4219-80a0-1ce71f1b8411,0.22,false,false,false,near_mint,en,false,USD,2026-03-07T06:09:42.619Z
hi,binder,Glister Bairn,ECL,Lorwyn Eclipsed,227,normal,uncommon,2,110850,dcccdd98-a1ba-41f4-a9ae-84d263da0af9,0.15,false,false,false,near_mint,en,false,USD,2026-03-07T06:09:42.620Z
hi,binder,Graveshifter,ECL,Lorwyn Eclipsed,104,normal,uncommon,1,110848,dadb02b9-d3a0-4b51-bbc3-53b2316cd70d,0.27,false,false,false,near_mint,en,false,USD,2026-03-07T06:09:42.621Z
hi,binder,Puca's Eye,ECL,Lorwyn Eclipsed,259,normal,uncommon,2,110835,c3a5ca02-3829-4c42-b0dc-98b660f8a8f0,0.14,false,false,false,near_mint,en,false,USD,2026-03-07T06:09:42.622Z
hi,binder,Taster of Wares,ECL,Lorwyn Eclipsed,121,normal,rare,2,110829,bc0b64b6-8984-431c-8a2f-84402b429e2b,0.23,false,false,false,near_mint,en,false,USD,2026-03-07T06:09:42.623Z
hi,binder,Thirst for Identity,ECL,Lorwyn Eclipsed,79,normal,uncommon,1,110834,c3949f8c-d1c5-45c2-80ed-a57f4f9af86e,0.25,false,false,false,near_mint,en,false,USD,2026-03-07T06:09:42.624Z
hi,binder,Plains,ECL,Lorwyn Eclipsed,269,normal,common,3,110325,3a438199-54f8-4702-81cf-a9d42e7cd9f1,0.18,false,false,false,near_mint,en,false,USD,2026-03-07T06:09:42.483Z
hi,binder,Island,ECL,Lorwyn Eclipsed,270,normal,common,4,110392,b0da67fb-1cb2-4105-ab5c-b7c680b8116c,0.11,false,false,false,near_mint,en,false,USD,2026-03-07T06:09:42.484Z
hi,binder,Swamp,ECL,Lorwyn Eclipsed,271,normal,common,6,110305,1dd4d605-02a2-4183-b191-0bca8dfbf962,0.14,false,false,false,near_mint,en,false,USD,2026-03-07T06:09:42.485Z
hi,binder,Mountain,ECL,Lorwyn Eclipsed,272,normal,common,4,110313,295b92bc-d66f-45d8-9bbe-5f5f13e39fd4,0.12,false,false,false,near_mint,en,false,USD,2026-03-07T06:09:42.486Z
hi,binder,Forest,ECL,Lorwyn Eclipsed,273,normal,common,9,110396,b460f5f7-c7c9-400c-8419-23d614f45bf9,0.16,false,false,false,near_mint,en,false,USD,2026-03-07T06:09:42.487Z
hi,binder,Stoic Grove-Guide,ECL,Lorwyn Eclipsed,243,normal,common,4,110730,3d5a3e25-c17a-47b1-a36d-d24d50e5bab3,0.11,false,false,false,near_mint,en,false,USD,2026-03-07T06:09:42.503Z
hi,binder,Heirloom Auntie,ECL,Lorwyn Eclipsed,107,normal,common,4,110623,cac251b2-d2cc-45b6-9ca8-678e0eab56ea,0.2,false,false,false,near_mint,en,false,USD,2026-03-07T06:09:42.504Z
hi,binder,Flame-Chain Mauler,ECL,Lorwyn Eclipsed,138,normal,common,4,110533,752d7e8e-0dd0-4ace-9c89-a8f9ce73775e,0.08,false,false,false,near_mint,en,false,USD,2026-03-07T06:09:42.505Z
hi,binder,Great Forest Druid,ECL,Lorwyn Eclipsed,178,normal,common,4,110554,8793a19e-6743-4031-86d9-2ff55f384549,0.32,false,false,false,near_mint,en,false,USD,2026-03-07T06:09:42.506Z
hi,binder,Sun-Dappled Celebrant,ECL,Lorwyn Eclipsed,37,normal,common,3,110376,91c715a5-6643-4064-a8a8-3e05dce15979,0.09,false,false,false,near_mint,en,false,USD,2026-03-07T06:09:42.507Z
hi,binder,Silvergill Peddler,ECL,Lorwyn Eclipsed,70,normal,common,2,110669,feba2bb6-6005-4ade-a4c5-97bbd54b43a3,0.13,false,false,false,near_mint,en,false,USD,2026-03-07T06:09:42.508Z
hi,binder,Stalactite Dagger,ECL,Lorwyn Eclipsed,261,normal,common,2,110762,6954df09-95f3-46cf-9ba8-2a1aea653d8f,0.2,false,false,false,near_mint,en,false,USD,2026-03-07T06:09:42.516Z
hi,binder,Glamermite,ECL,Lorwyn Eclipsed,50,normal,common,3,110825,b8b7c23a-0034-453c-ab44-f6ec0f31d1eb,0.14,false,false,false,near_mint,en,false,USD,2026-03-07T06:09:42.523Z
hi,binder,Goldmeadow Nomad,ECL,Lorwyn Eclipsed,18,normal,common,4,110672,00ddbe6c-11de-4bc6-aabe-d6d8385a838a,0.15,false,false,false,near_mint,en,false,USD,2026-03-07T06:09:42.524Z
hi,binder,Assert Perfection,ECL,Lorwyn Eclipsed,164,normal,common,3,110522,6995b308-5582-4ca1-ab10-a536d5ca0a6d,0.11,false,false,false,near_mint,en,false,USD,2026-03-07T06:09:42.525Z
hi,binder,Burning Curiosity,ECL,Lorwyn Eclipsed,129,normal,common,3,110521,689ed288-6228-4d7e-b198-56a12b8be299,0.17,false,false,false,near_mint,en,false,USD,2026-03-07T06:09:42.526Z
hi,binder,Bile-Vial Boggart,ECL,Lorwyn Eclipsed,87,normal,common,2,110463,2c0fcf98-1f3c-4cff-9234-7f3d0c8b22e9,0.17,false,false,false,near_mint,en,false,USD,2026-03-07T06:09:42.527Z
hi,binder,Feisty Spikeling,ECL,Lorwyn Eclipsed,223,normal,common,2,110868,f69f3a27-ecda-4d27-82fe-612ed57dbb28,0.15,false,false,false,near_mint,en,false,USD,2026-03-07T06:09:42.528Z
hi,binder,Wary Farmer,ECL,Lorwyn Eclipsed,251,normal,common,5,110457,22d20c0d-176d-49c9-aa0b-2c5778548cc5,0.12,false,false,false,near_mint,en,false,USD,2026-03-07T06:09:42.543Z
hi,binder,Run Away Together,ECL,Lorwyn Eclipsed,67,normal,common,2,110474,35c56aff-1f0f-464a-b705-d67803e3d060,0.16,false,false,false,near_mint,en,false,USD,2026-03-07T06:09:42.553Z
hi,binder,Liminal Hold,ECL,Lorwyn Eclipsed,24,normal,common,2,110583,a5a40c16-7a5c-4ad1-be53-6b1b1be2affe,0.13,false,false,false,near_mint,en,false,USD,2026-03-07T06:09:42.554Z
hi,binder,Kithkin,TECL,Lorwyn Eclipsed Tokens,7,normal,common,5,110711,2ed11e1b-2289-48d2-8d96-ee7e590ecfd4,,false,false,false,near_mint,en,false,USD,2026-03-07T06:09:42.494Z
hi,binder,Merfolk,TECL,Lorwyn Eclipsed Tokens,8,normal,common,3,110744,4c5ad4e1-b489-4023-88ab-1200c5f26ffc,,false,false,false,near_mint,en,false,USD,2026-03-07T06:09:42.522Z
hi,binder,True Conviction,C14,Commander 2014,93,normal,rare,1,12763,9e5dc58b-f486-4b9f-9138-33efa31a05e4,4.88,false,false,false,near_mint,en,false,USD,2026-03-14T05:48:34.518Z
hi,binder,Angelic Field Marshal,CMM,Commander Masters,456,etched,rare,1,84062,116b9c34-48f1-475c-81f8-a74672ed5c89,7.84,false,false,false,near_mint,en,false,USD,2026-03-16T01:00:43.336Z
hi,binder,"Akroma, Vision of Ixidor",CMR,Commander Legends,547,etched,mythic,1,55961,f26a9ba3-1aaf-4422-9b24-7e388b9a6f45,14.08,false,false,false,near_mint,en,false,USD,2026-03-16T01:01:12.706Z
hi,binder,Kodama of the East Tree,BLC,Bloomburrow Commander,227,normal,rare,1,96231,2ee1d489-0980-444e-8b07-107be791b76e,2.17,false,false,false,near_mint,en,false,USD,2026-03-16T01:03:03.923Z
hi,binder,"Sigarda, Font of Blessings",MAT,March of the Machine: The Aftermath,97,normal,rare,1,82487,27c857c0-1cb4-4032-a72f-cf8d84171c9d,4.23,false,false,false,near_mint,en,false,USD,2026-03-16T01:03:29.652Z
hi,binder,Farseek,FCA,Final Fantasy: Through the Ages,45,normal,uncommon,1,106460,f36f237f-6b44-4513-ba5d-fe6b4936f78e,0.69,false,false,false,near_mint,en,false,USD,2026-03-16T01:03:48.388Z
hi,binder,Glorious Anthem,M21,Core Set 2021,21,normal,rare,1,50720,17d154d3-7ae5-43ff-9978-d974285e2c89,0.44,false,false,false,near_mint,en,false,USD,2026-03-16T01:04:19.576Z
hi,binder,Reya Dawnbringer,SLD,Secret Lair Drop,1682,foil,rare,1,96609,b899c29e-d1b5-4fba-8a48-073d5c303c27,4.98,false,false,false,near_mint,en,false,USD,2026-03-16T01:05:13.126Z
hi,binder,Herald's Horn,FIC,Final Fantasy Commander,228,foil,rare,1,105608,48a8abd6-8b5f-45b6-9f82-f2ce17d86222,4.69,false,false,false,near_mint,en,false,USD,2026-03-16T01:05:30.220Z
hi,binder,Righteous Valkyrie,KHM,Kaldheim,24,normal,rare,1,56734,02fb5f9f-8750-4eb5-a03a-6dacc60e0b90,6.21,false,false,false,near_mint,en,false,USD,2026-03-16T01:05:51.765Z
hi,binder,Return of the Wildspeaker,ECC,Lorwyn Eclipsed Commander,115,normal,rare,1,110466,2fa1dac5-51ba-403e-b48b-d2c0d23a8146,0.61,false,false,false,near_mint,en,false,USD,2026-03-16T01:06:35.771Z
hi,binder,Angelic Accord,PLST,The List,M14-3,normal,uncommon,1,85993,b2cb986c-2a8e-4a24-b5d4-4393edc0c347,2.19,false,false,false,near_mint,en,false,USD,2026-03-16T01:07:15.885Z
hi,binder,Elspeth Resplendent,SNC,Streets of New Capenna,282,normal,mythic,1,67799,66d75499-1be8-42a0-8520-9cd8adbd0ca3,5.5,false,false,false,near_mint,en,false,USD,2026-03-16T01:08:19.303Z
hi,binder,Moonsilver Spear,PAVR,Avacyn Restored Promos,217★,foil,rare,1,18286,3f37ac81-6656-4929-a979-9d2ad5f90feb,2.25,false,false,false,near_mint,en,false,USD,2026-03-16T01:08:54.766Z
hi,binder,Lyra Dawnbringer,DMR,Dominaria Remastered,413,normal,mythic,1,77883,44899568-7aac-47ae-9f7d-b5414f65625b,7.41,false,false,false,near_mint,en,false,USD,2026-03-16T01:09:30.789Z
hi,binder,Rampant Growth,PW23,Wizards Play Network 2023,9,etched,rare,1,86858,fd4c1ff9-fbbc-4e72-b695-58876a43ec99,0.91,false,false,false,near_mint,en,false,USD,2026-03-16T01:11:42.484Z
hi,binder,Resolute Archangel,M15,Magic 2015,28,normal,rare,1,13824,e37b31b8-d868-4dff-9ab0-723ce41ee7e4,0.94,false,false,false,near_mint,en,false,USD,2026-03-16T01:12:12.030Z
hi,binder,Force of Virtue,MH1,Modern Horizons,10,normal,rare,1,44924,9736d6f4-5ff6-4006-b45d-8e630382d160,0.37,false,false,false,near_mint,en,false,USD,2026-03-16T01:12:31.124Z
hi,binder,Selesnya Signet,RAV,Ravnica: City of Guilds,270,normal,common,1,27740,8296d86a-2c79-43c8-8a1c-1d4bb600bc6b,1.19,false,false,false,near_mint,en,false,USD,2026-03-16T01:13:21.157Z
hi,binder,Serra's Guardian,M19,Core Set 2019,284,normal,rare,1,1028,1a1d95b9-aa18-41e2-b972-93fda25e0b11,0.31,false,false,false,near_mint,en,false,USD,2026-03-16T01:13:56.337Z
hi,binder,"Shalai, Voice of Plenty",SLD,Secret Lair Drop,244,normal,rare,1,57395,882d3475-4fb9-49ad-bc19-e6331428701b,12.13,false,false,false,near_mint,en,false,USD,2026-03-16T01:15:29.708Z
hi,binder,"Akroma, Angel of Wrath",C20,Commander 2020,73,normal,mythic,1,50345,bf1ef8ec-d915-41f2-b087-3d6d82e3db85,5.24,false,false,false,near_mint,en,false,USD,2026-03-16T01:15:54.571Z
hi,binder,Talisman of Unity,MIC,Midnight Hunt Commander,165,normal,uncommon,1,63617,67c83c7b-d785-4700-8075-6ffb5c3922d6,0.91,false,false,false,near_mint,en,false,USD,2026-03-16T01:16:32.202Z
hi,binder,Serra Avenger,TSR,Time Spiral Remastered,41,normal,rare,2,57745,8e5627de-fda7-4e39-a6ec-1e895bc353ed,0.55,false,false,false,near_mint,en,false,USD,2026-04-05T21:43:00.046Z
hi,binder,Patchwork Banner,SLD,Secret Lair Drop,2466,normal,rare,2,110883,8c4e1fdc-9e6c-4377-8e5b-cb4c036267ce,6.0,false,false,false,near_mint,en,false,USD,2026-04-05T21:43:00.047Z
hi,binder,Angel of Invention,TDC,Tarkir: Dragonstorm Commander,109,normal,mythic,2,104823,98c42f02-6eda-4ef7-929f-b3a2ece9f650,0.29,false,false,false,near_mint,en,false,USD,2026-04-05T21:43:00.048Z
hi,binder,Explosive Vegetation,DRC,Aetherdrift Commander,112,normal,uncommon,2,103335,ea73440b-a306-4425-84c0-5e18b6ec0516,0.33,false,false,false,near_mint,en,false,USD,2026-04-05T21:43:00.049Z
hi,binder,Thraben Watcher,MH2,Modern Horizons 2,34,normal,uncommon,2,59575,5b4e0e11-2f16-42ad-b835-c9410c4bd7e3,0.37,false,false,false,near_mint,en,false,USD,2026-04-05T21:43:00.050Z
hi,binder,Construct,TCMM,Commander Masters Tokens,41,normal,common,1,84320,48fdadab-af27-46d3-bcf6-35e7affb1e43,0.37,false,false,false,near_mint,en,false,USD,2026-05-01T04:27:28.695Z
hi,binder,Mountain,DMR,Dominaria Remastered,409,normal,common,1,77804,1bd5fb3d-2c9e-4cdb-a202-ad5955eae42c,0.4,false,false,false,near_mint,en,false,USD,2026-05-01T04:27:28.696Z
hi,binder,Aquamoeba,DMR,Dominaria Remastered,38,normal,common,1,77940,62721a55-37c6-4c05-aedf-0aa203045afa,0.08,false,false,false,near_mint,en,false,USD,2026-05-01T04:27:28.697Z
hi,binder,Mindslicer,DMR,Dominaria Remastered,91,normal,rare,1,78083,afc86134-8af6-4355-b1ad-96917c99ff3c,0.54,false,false,false,near_mint,en,false,USD,2026-05-01T04:27:28.699Z
hi,binder,Serra Angel,DMR,Dominaria Remastered,25,normal,uncommon,1,78202,f949cbb1-c8a8-4f26-b12d-c58a0605cb14,0.19,false,false,false,near_mint,en,false,USD,2026-05-01T04:27:28.700Z
hi,binder,Recoil,DMR,Dominaria Remastered,197,normal,uncommon,1,78034,9035dda8-5ad3-4169-b281-83d6ca55b71e,0.19,false,false,false,near_mint,en,false,USD,2026-05-01T04:27:28.701Z
hi,binder,Undead Gladiator,DMR,Dominaria Remastered,105,normal,uncommon,1,77999,7f7a3d34-4e4e-4545-8e2e-6977eb754270,0.1,false,false,false,near_mint,en,false,USD,2026-05-01T04:27:28.702Z
hi,binder,Ornithopter,DMR,Dominaria Remastered,233,normal,common,1,77845,305078a5-ac18-4721-bba2-3434eba5b1cf,0.34,false,false,false,near_mint,en,false,USD,2026-05-01T04:27:28.703Z
hi,binder,Goblin Matron,DMR,Dominaria Remastered,123,normal,common,4,78065,a521a254-c484-4d59-bb7e-8745e96d4bbf,0.23,false,false,false,near_mint,en,false,USD,2026-05-01T04:27:28.704Z
hi,binder,Radiant's Judgment,DMR,Dominaria Remastered,21,normal,common,1,77917,5abbdd37-dc24-4bf7-808e-6354af7d7ec6,0.1,false,false,false,near_mint,en,false,USD,2026-05-01T04:27:28.706Z
hi,binder,Snap,WOC,Wilds of Eldraine Commander,110,normal,common,1,85827,f21a70d2-53ec-4fee-b7bc-b459309fe657,5.01,false,false,false,near_mint,en,false,USD,2026-05-01T04:27:28.707Z
hi,binder,Wild Growth,MKC,Murders at Karlov Manor Commander,195,normal,common,1,90342,47260e7c-29bf-46f1-a029-9da7bbb418b5,0.38,false,false,false,near_mint,en,false,USD,2026-05-01T04:27:28.709Z
hi,binder,Cackling Fiend,DMR,Dominaria Remastered,76,normal,common,1,78120,c7e4fa7f-a5d7-46cd-bc46-d3d231235460,0.1,false,false,false,near_mint,en,false,USD,2026-05-01T04:27:28.710Z
hi,binder,Temporal Trespass,FRF,Fate Reforged,55,normal,mythic,1,12071,a08b7a1e-b404-41ea-875f-b3468501cb4b,3.33,false,false,false,near_mint,en,false,USD,2026-05-01T04:27:28.711Z
hi,binder,Pressure Point,FRF,Fate Reforged,21,normal,common,1,12105,d0027360-736c-4b3e-b2cd-0d821cca587a,0.04,false,false,false,near_mint,en,false,USD,2026-05-01T04:27:28.712Z
hi,binder,Whisk Away,FRF,Fate Reforged,57,normal,common,1,12069,5b5d96a9-11dd-44cc-baf1-bab298ae03f0,0.05,false,false,false,near_mint,en,false,USD,2026-05-01T04:27:28.713Z
hi,binder,Sultai Emissary,FRF,Fate Reforged,85,normal,common,1,12041,12421e1c-5144-4391-abf2-a2fb864920e9,0.1,false,false,false,near_mint,en,false,USD,2026-05-01T04:27:28.714Z
hi,binder,Jeskai Runemark,FRF,Fate Reforged,37,normal,common,1,12089,2ada6302-326b-4ab1-a9a3-ae4fa6a9001c,0.05,false,false,false,near_mint,en,false,USD,2026-05-01T04:27:28.715Z
hi,binder,Sandblast,FRF,Fate Reforged,24,normal,common,1,12102,b7305cd4-a9f1-4801-bdfe-b07869ed5b56,0.07,false,false,false,near_mint,en,false,USD,2026-05-01T04:27:28.716Z
hi,binder,Jeskai Sage,FRF,Fate Reforged,38,normal,common,1,12088,6dff4734-7b2a-4089-a78a-46199818f39d,0.08,false,false,false,near_mint,en,false,USD,2026-05-01T04:27:28.717Z
hi,binder,Mardu Scout,FRF,Fate Reforged,108,normal,common,1,12018,0e7891b8-ba69-4c5b-a29f-ee7bcf2374f0,0.07,false,false,false,near_mint,en,false,USD,2026-05-01T04:27:28.718Z
hi,binder,Feral Krushok,FRF,Fate Reforged,128,normal,common,1,11998,5041996b-c265-4c4f-a52c-dfe29b2e282d,0.03,false,false,false,near_mint,en,false,USD,2026-05-01T04:27:28.719Z
hi,binder,Lightning Shrieker,FRF,Fate Reforged,106,normal,common,1,12020,0071bf6e-a78b-4286-b3e7-acf44631a001,0.05,false,false,false,near_mint,en,false,USD,2026-05-01T04:27:28.720Z
hi,binder,Archers of Qarsi,FRF,Fate Reforged,124,normal,common,1,12002,0fcf0074-162a-4cc0-9726-8672a0261307,0.03,false,false,false,near_mint,en,false,USD,2026-05-01T04:27:28.721Z
hi,binder,Elite Scaleguard,CMM,Commander Masters,22,normal,uncommon,1,84902,d0ca5bcc-f49f-4370-9f95-031836bb771b,0.15,false,false,false,near_mint,en,false,USD,2026-05-01T04:27:28.722Z
hi,binder,Break Through the Line,FRF,Fate Reforged,94,normal,uncommon,1,12032,81c1cdbe-5ddb-4cc6-975b-42f3f1ee4749,0.36,false,false,false,near_mint,en,false,USD,2026-05-01T04:27:28.723Z
hi,binder,Renowned Weaponsmith,CMM,Commander Masters,114,normal,common,1,84395,5a397298-9d7d-495f-983a-1683291a7b9f,0.16,false,false,false,near_mint,en,false,USD,2026-05-01T04:27:28.724Z
hi,binder,Scoured Barrens,M20,Core Set 2020,251,normal,common,1,45209,3b9edd33-a64e-4526-a89f-edd31ac4b175,0.13,false,false,false,near_mint,en,false,USD,2026-05-01T04:27:28.725Z
hi,binder,Lavakin Brawler,M20,Core Set 2020,147,normal,common,1,45314,3eeea9e5-3041-4439-bc52-fd00ec83c7a1,0.09,false,false,false,near_mint,en,false,USD,2026-05-01T04:27:28.726Z
hi,binder,Moorland Inquisitor,M20,Core Set 2020,31,normal,common,1,45430,9d7b1446-7c9f-4b62-9877-e3d1060948aa,0.09,false,false,false,near_mint,en,false,USD,2026-05-01T04:27:28.727Z
hi,binder,Convolute,M20,Core Set 2020,55,normal,common,1,45406,b8a68347-c0ef-46ff-9705-6d82d004d32c,0.1,false,false,false,near_mint,en,false,USD,2026-05-01T04:27:28.728Z
hi,binder,Epicure of Blood,C21,Commander 2021,143,normal,common,1,58839,ac79386b-91eb-4813-8f3c-3b74b45be188,0.36,false,false,false,near_mint,en,false,USD,2026-05-01T04:27:28.729Z
hi,binder,Feral Invocation,M20,Core Set 2020,170,normal,common,1,45291,c2d08b7a-4ed9-4e4c-a52e-9bf2a16420a9,0.06,false,false,false,near_mint,en,false,USD,2026-05-01T04:27:28.730Z
hi,binder,Battalion Foot Soldier,M20,Core Set 2020,7,normal,common,1,45454,1db6393a-88b0-4973-9832-1482f69917ff,0.07,false,false,false,near_mint,en,false,USD,2026-05-01T04:27:28.731Z
hi,binder,Shock,M20,Core Set 2020,160,normal,common,1,45301,3c866bdb-ff94-4f3f-8429-e72c2cbb94ef,0.12,false,false,false,near_mint,en,false,USD,2026-05-01T04:27:28.732Z
hi,binder,Healer of the Glade,M20,Core Set 2020,176,normal,common,1,45285,cbe262f2-e35b-4c85-938d-3e9e9c764c1b,0.12,false,false,false,near_mint,en,false,USD,2026-05-01T04:27:28.733Z
hi,binder,Marauder's Axe,M20,Core Set 2020,231,normal,common,1,45229,73ac5204-69ef-491d-9ca8-f522b99f1412,0.06,false,false,false,near_mint,en,false,USD,2026-05-01T04:27:28.734Z
hi,binder,Destructive Digger,M20,Core Set 2020,134,normal,common,1,45327,d981b310-5e75-4f30-baf6-37f069f00aa3,0.04,false,false,false,near_mint,en,false,USD,2026-05-01T04:27:28.735Z
hi,binder,Flame Sweep,M20,Core Set 2020,139,normal,uncommon,1,45322,4702a838-8577-49b6-8b7a-f9b6d2929481,0.16,false,false,false,near_mint,en,false,USD,2026-05-01T04:27:28.736Z
hi,binder,Gods Willing,CLU,Ravnica: Clue Edition,63,normal,common,1,90671,138f0e49-71d5-4582-92be-797e753f0f42,0.1,false,false,false,near_mint,en,false,USD,2026-05-01T04:27:28.737Z
hi,binder,Hard Cover,M20,Core Set 2020,63,normal,uncommon,1,45398,e16c9f3a-534b-42d4-9765-8d1cb15375aa,0.22,false,false,false,near_mint,en,false,USD,2026-05-01T04:27:28.738Z
hi,binder,Starfield Mystic,DSC,Duskmourn: House of Horror Commander,105,normal,rare,1,99053,111bc4a3-5318-4c85-b5d4-d85242bff05f,0.43,false,false,false,near_mint,en,false,USD,2026-05-01T04:27:28.739Z
hi,binder,Mountain,CMM,Commander Masters,795,normal,common,1,84498,748b9a1d-0fa3-41bc-beb0-7e3cf2eb33ed,0.12,false,false,false,near_mint,en,false,USD,2026-05-01T04:27:28.740Z
hi,binder,Elemental,TOTC,Outlaws of Thunder Junction Commander Tokens,14,normal,common,1,93631,5411b47d-a7b5-491a-a13b-a2b8bacaa419,0.2,false,false,false,near_mint,en,false,USD,2026-05-01T04:27:28.741Z
hi,binder,Illustrious Historian,STX,Strixhaven: School of Mages,109,normal,common,1,58102,56cc4e7d-3b06-4938-9023-d903912350c0,0.12,false,false,false,near_mint,en,false,USD,2026-05-01T04:27:28.744Z
hi,binder,Vanishing Verse,STX,Strixhaven: School of Mages,244,normal,rare,1,58352,e12573fe-aee3-49db-93e2-d00972cbb3b1,0.46,false,false,false,near_mint,en,false,USD,2026-05-01T04:27:28.749Z
hi,binder,Defiant Strike,STA,Strixhaven Mystical Archive,3,normal,uncommon,1,58269,ade8f339-4afb-477a-9434-e6cd9126cd10,0.19,false,false,false,near_mint,en,false,USD,2026-05-01T04:27:28.751Z
hi,binder,"Killian, Ink Duelist",STX,Strixhaven: School of Mages,197,normal,uncommon,1,58031,23ef4f09-2aa1-4a03-b2e2-66d1522f1e46,0.44,false,false,false,near_mint,en,false,USD,2026-05-01T04:27:28.752Z
hi,binder,Swamp,ZNR,Zendikar Rising,272,normal,common,1,54652,95a58ce4-e07f-4c9c-98ae-3173d6d63cc5,0.27,false,false,false,near_mint,en,false,USD,2026-05-01T04:27:28.755Z
hi,binder,Drana's Silencer,ZNR,Zendikar Rising,99,normal,common,1,54558,59224f9a-deb2-4dd4-b2d4-967232c14254,0.04,false,false,false,near_mint,en,false,USD,2026-05-01T04:27:28.757Z
hi,binder,Highborn Vampire,FDN,Foundations,522,normal,common,1,97177,53c56a23-eb4f-4be1-ada9-1ad5b80195d3,0.11,false,false,false,near_mint,en,false,USD,2026-05-01T04:27:28.758Z
hi,binder,Emeria Captain,ZNR,Zendikar Rising,11,normal,uncommon,1,54581,6490370e-fff5-4f17-b715-74ff8df5bc7c,0.06,false,false,false,near_mint,en,false,USD,2026-05-01T04:27:28.760Z
hi,binder,Relic Axe,ZNR,Zendikar Rising,248,normal,uncommon,1,54751,ca8705e3-0e44-45c9-bcdf-c24507b038fe,0.1,false,false,false,near_mint,en,false,USD,2026-05-01T04:27:28.761Z
hi,binder,Dreadwurm,ZNR,Zendikar Rising,297,normal,common,1,54768,d60c9b15-c824-4203-bdda-ff9c041f9e2f,0.1,false,false,false,near_mint,en,false,USD,2026-05-01T04:27:28.762Z
hi,binder,Sea Gate Banneret,ZNR,Zendikar Rising,36,normal,common,2,54591,6ae4634e-1487-4b66-8f70-bcb4b1fa6e77,0.07,false,false,false,near_mint,en,false,USD,2026-05-01T04:27:28.763Z
hi,binder,Cleric of Life's Bond,ZNR,Zendikar Rising,222,normal,uncommon,1,54649,953db280-6999-4b91-bc40-c6e7f7dd13ef,0.23,false,false,false,near_mint,en,false,USD,2026-05-01T04:27:28.764Z
hi,binder,Cragplate Baloth,ZNR,Zendikar Rising,183,normal,rare,1,54687,ab62382d-2dc9-4a60-b031-c845ebad0357,0.23,false,false,false,near_mint,en,false,USD,2026-05-01T04:27:28.765Z
hi,binder,Spare Supplies,ZNR,Zendikar Rising,254,normal,common,1,54682,a53baf25-1782-427b-a9dd-fc9b8dc6444f,0.22,false,false,false,near_mint,en,false,USD,2026-05-01T04:27:28.766Z
hi,binder,Mountain,STX,Strixhaven: School of Mages,373,normal,common,1,58406,fb8fffd1-aff1-4aad-bfa0-9907adb5ce25,0.11,false,false,false,near_mint,en,false,USD,2026-05-01T04:27:28.767Z
hi,binder,Inkling Summoning,STX,Strixhaven: School of Mages,195,normal,common,1,57975,04a8a5b8-9743-4d1a-89e9-61bdf180b2e0,0.04,false,false,false,near_mint,en,false,USD,2026-05-01T04:27:28.768Z
hi,binder,Tome Shredder,STX,Strixhaven: School of Mages,117,normal,common,1,58254,a7cc9ea8-db4e-4f41-800f-fb0dbcb2c345,0.08,false,false,false,near_mint,en,false,USD,2026-05-01T04:27:28.769Z
hi,binder,Thrilling Discovery,OTC,Outlaws of Thunder Junction Commander,245,normal,common,1,93491,1278b2ef-6c11-4892-9388-833f67bcc858,0.24,false,false,false,near_mint,en,false,USD,2026-05-01T04:27:28.770Z
hi,binder,Karok Wrangler,STX,Strixhaven: School of Mages,135,normal,uncommon,1,58147,74729320-f6ee-4176-9463-397d6e477d7a,0.18,false,false,false,near_mint,en,false,USD,2026-05-01T04:27:28.773Z
hi,binder,Tenured Inkcaster,OTC,Outlaws of Thunder Junction Commander,149,normal,uncommon,1,93905,e315f7ab-14c3-4ad6-8d8d-ac83cee39272,0.26,false,false,false,near_mint,en,false,USD,2026-05-01T04:27:28.774Z
hi,binder,Semester's End,CMM,Commander Masters,834,normal,rare,1,84948,db2bb091-ac6d-4c99-bdf6-70ffb6291ef0,1.1,false,false,false,near_mint,en,false,USD,2026-05-01T04:27:28.776Z
hi,binder,Snakeskin Veil,STA,Strixhaven Mystical Archive,57,normal,uncommon,1,58341,d9849b22-1fba-4f6a-bd94-df1bc1764e6b,0.31,false,false,false,near_mint,en,false,USD,2026-05-01T04:27:28.777Z
hi,binder,Beaming Defiance,STX,Strixhaven: School of Mages,9,normal,common,1,58174,7e22411c-11c1-4770-8491-7952dd406e01,0.13,false,false,false,near_mint,en,false,USD,2026-05-01T04:27:28.778Z
hi,binder,Plains,ZNR,Zendikar Rising,266,normal,common,1,54650,9591fd15-78d9-4089-a075-031ab2affd2d,0.27,false,false,false,near_mint,en,false,USD,2026-05-01T04:27:28.779Z
hi,binder,Kargan Warleader,ZNR,Zendikar Rising,224,normal,uncommon,1,54602,6f921dca-ce93-42d1-87b1-149973558467,0.08,false,false,false,near_mint,en,false,USD,2026-05-01T04:27:28.780Z
hi,binder,Taunting Arbormage,ZNR,Zendikar Rising,212,normal,uncommon,1,54750,ca6f8996-bf72-4e55-944f-5b8202b6068c,0.04,false,false,false,near_mint,en,false,USD,2026-05-01T04:27:28.781Z
hi,binder,Windrider Wizard,CMM,Commander Masters,134,normal,common,1,85023,ed0c2c48-146d-49f6-bc10-2eed733184b4,0.28,false,false,false,near_mint,en,false,USD,2026-05-01T04:27:28.782Z
hi,binder,Merfolk Falconer,ZNR,Zendikar Rising,69,normal,uncommon,1,54689,acb0d55a-9d6a-443d-aa82-5cea93188fd2,0.07,false,false,false,near_mint,en,false,USD,2026-05-01T04:27:28.783Z
hi,binder,Demon's Disciple,CMM,Commander Masters,149,normal,common,2,84884,cc7f2ce1-b442-4051-b1fe-90efde9bc181,0.3,false,false,false,near_mint,en,false,USD,2026-05-01T04:27:28.784Z
hi,binder,Attended Healer,ZNR,Zendikar Rising,6,normal,uncommon,1,54595,6ca80b5a-3943-41ca-8cd1-8e3db1b2a1c8,0.15,false,false,false,near_mint,en,false,USD,2026-05-01T04:27:28.785Z
hi,binder,Canopy Baloth,ZNR,Zendikar Rising,304,normal,common,1,54765,d52e90d3-d356-4b23-8f5c-a4004b20394c,0.08,false,false,false,near_mint,en,false,USD,2026-05-01T04:27:28.786Z
hi,binder,Resolute Strike,ZNR,Zendikar Rising,35,normal,common,1,54615,78b82476-4320-4719-9785-af8d68503234,0.04,false,false,false,near_mint,en,false,USD,2026-05-01T04:27:28.787Z
hi,binder,"Zareth San, the Trickster",ZNR,Zendikar Rising,242,normal,rare,1,54667,9cfe4fbe-277f-410c-9eee-f7617f4cb850,0.29,false,false,false,near_mint,en,false,USD,2026-05-01T04:27:28.789Z
hi,binder,Wizened Cenn,LRW,Lorwyn,49,normal,uncommon,1,25393,585f1c8e-6898-4def-8e3f-d45cd263f776,0.34,false,false,false,near_mint,en,false,USD,2026-05-01T04:27:28.791Z
hi,binder,Mountain,ECL,Lorwyn Eclipsed,282,normal,common,2,110377,96e14936-5614-46ba-874c-c1357243fe02,0.3,false,false,false,near_mint,en,false,USD,2026-05-01T04:27:28.793Z
hi,binder,Blight Rot,ECL,Lorwyn Eclipsed,89,normal,common,2,110748,5201bdeb-ba47-459b-ac0d-603367914578,0.22,false,false,false,near_mint,en,false,USD,2026-05-01T04:27:28.794Z
hi,binder,"Maralen, Fae Ascendant",ECL,Lorwyn Eclipsed,233,normal,rare,1,110836,c50f5408-5b5c-41dc-807e-136233403a09,0.32,false,false,false,near_mint,en,false,USD,2026-05-01T04:27:28.795Z
hi,binder,Unexpected Assistance,ECL,Lorwyn Eclipsed,80,normal,common,1,110077,7b540a5f-7f1b-421a-864f-5af469556fc6,0.16,false,false,false,near_mint,en,false,USD,2026-05-01T04:27:28.797Z
hi,binder,Keep Out,ECL,Lorwyn Eclipsed,19,normal,common,2,110741,4ab1601c-634c-4f21-8926-ba3cb92008c1,0.12,false,false,false,near_mint,en,false,USD,2026-05-01T04:27:28.798Z
hi,binder,Boneclub Berserker,ECL,Lorwyn Eclipsed,126,normal,common,1,110597,b3dbbe30-3d6e-46f8-92c1-caee995cba1a,0.19,false,false,false,near_mint,en,false,USD,2026-05-01T04:27:28.799Z
hi,binder,Lys Alana Informant,ECL,Lorwyn Eclipsed,181,normal,common,2,110386,a79649c4-559e-4306-a102-5fd8750629c7,0.17,false,false,false,near_mint,en,false,USD,2026-05-01T04:27:28.800Z
hi,binder,Chomping Changeling,ECL,Lorwyn Eclipsed,172,normal,uncommon,1,110419,e187dcc6-19ad-4cf6-94b4-daf07f5144e5,0.68,false,false,false,near_mint,en,false,USD,2026-05-01T04:27:28.803Z
hi,binder,Saw,DSK,Duskmourn: House of Horror,254,normal,uncommon,1,98830,603c3ef4-4ef1-4db8-9ed2-e2b0926269d5,0.07,false,false,false,near_mint,en,false,USD,2026-05-01T04:27:28.807Z
hi,binder,Leyline of the Void,DSK,Duskmourn: House of Horror,106,normal,rare,1,98730,aeaa3aff-608d-4723-bb7c-8daedebe9f36,0.57,false,false,false,near_mint,en,false,USD,2026-05-01T04:27:28.809Z
hi,binder,Glimmer Seeker,DSK,Duskmourn: House of Horror,14,normal,uncommon,1,98646,7f06bbb1-0c7d-4803-9b35-8a2206803eed,0.07,false,false,false,near_mint,en,false,USD,2026-05-01T04:27:28.812Z
hi,binder,Appendage Amalgam,DSK,Duskmourn: House of Horror,83,normal,common,1,98919,d16b3cf3-7b85-4153-b25a-e6b5fce725cf,0.06,false,false,false,near_mint,en,false,USD,2026-05-01T04:27:28.813Z
hi,binder,"Golbez, Crystal Collector",FIN,Final Fantasy,395,normal,rare,2,106599,95822b03-a49b-4a77-a257-fe0527088177,2.63,false,false,false,near_mint,en,false,USD,2026-05-01T04:27:28.823Z
hi,binder,The Earth Crystal,FIN,Final Fantasy,184,normal,rare,1,106451,d585e218-3dc8-4fbd-8ad2-795fbc9b2155,10.16,false,false,false,near_mint,en,false,USD,2026-05-01T04:27:28.824Z
hi,binder,Delivery Moogle,FIN,Final Fantasy,15,normal,uncommon,2,106684,f58840dc-c641-4092-8b67-9c0d449af715,0.25,false,false,false,near_mint,en,false,USD,2026-05-01T04:27:28.827Z
hi,binder,Commune with Beavers,FIN,Final Fantasy,182,normal,common,3,105641,784287c2-43c5-4210-93ae-cdd33b9acb1b,0.13,false,false,false,near_mint,en,false,USD,2026-05-01T04:27:28.833Z
hi,binder,Marit Lage,TDMR,Dominaria Remastered Tokens,4,normal,common,1,78355,34db5e62-4792-4207-b008-7d62bae683a7,2.14,false,false,false,near_mint,en,false,USD,2026-05-01T04:27:28.835Z
hi,binder,Island,DMR,Dominaria Remastered,405,normal,common,2,77764,0473605a-6c6a-433e-b828-933544472a3d,0.29,false,false,false,near_mint,en,false,USD,2026-05-01T04:27:28.836Z
hi,binder,Juggernaut,DMR,Dominaria Remastered,228,normal,common,2,77823,211ba3e4-8979-4dd1-b1a0-1d8a19969349,0.07,false,false,false,near_mint,en,false,USD,2026-05-01T04:27:28.837Z
hi,binder,Hinterland Harbor,TDC,Tarkir: Dragonstorm Commander,371,normal,rare,1,104573,3eb512f5-9782-4c49-9b6e-4e967e42408b,0.29,false,false,false,near_mint,en,false,USD,2026-05-01T04:27:28.838Z
hi,binder,Illusion // Reality,DMR,Dominaria Remastered,213,normal,uncommon,1,78101,ba6ea373-65ea-45a8-8fed-31c482ba8387,0.07,false,false,false,near_mint,en,false,USD,2026-05-01T04:27:28.839Z
hi,binder,Thran Golem,DMR,Dominaria Remastered,234,normal,uncommon,1,77768,05ea19b9-d25e-4d46-a7ea-059a3a2fceb1,0.07,false,false,false,near_mint,en,false,USD,2026-05-01T04:27:28.840Z
hi,binder,Necrosavant,DMR,Dominaria Remastered,93,normal,uncommon,1,78014,87ce2548-38d3-4763-960a-d5d802094a0c,0.09,false,false,false,near_mint,en,false,USD,2026-05-01T04:27:28.841Z
hi,binder,Polluted Mire,DMR,Dominaria Remastered,253,normal,common,2,78105,bb724bec-3509-4f5f-84c0-b1b54063d06f,0.18,false,false,false,near_mint,en,false,USD,2026-05-01T04:27:28.842Z
hi,binder,Dragon Engine,DMR,Dominaria Remastered,222,normal,common,1,77763,045f373e-510f-4552-9859-884f6ce4cc59,0.07,false,false,false,near_mint,en,false,USD,2026-05-01T04:27:28.843Z
hi,binder,Kjeldoran Gargoyle,DMR,Dominaria Remastered,11,normal,common,1,77962,6c090af7-3f75-4c14-9ab5-1f409dfd6de1,0.07,false,false,false,near_mint,en,false,USD,2026-05-01T04:27:28.844Z
hi,binder,Wretched Anurid,DMR,Dominaria Remastered,109,normal,common,1,78179,ed8635a8-9e12-4e15-b757-892d0154caea,0.14,false,false,false,near_mint,en,false,USD,2026-05-01T04:27:28.845Z
hi,binder,Spirit Link,DMR,Dominaria Remastered,29,normal,common,1,78210,fc046a97-4699-438d-8da4-022560a18564,0.25,false,false,false,near_mint,en,false,USD,2026-05-01T04:27:28.846Z
hi,binder,Ember Beast,DMR,Dominaria Remastered,117,normal,common,1,78067,a75faca7-cfcf-4c3b-a507-c89659cce93a,0.02,false,false,false,near_mint,en,false,USD,2026-05-01T04:27:28.848Z
hi,binder,Werebear,DMR,Dominaria Remastered,182,normal,common,1,78044,973310bb-ab32-46dc-8f59-8a5d3e1c58cc,0.15,false,false,false,near_mint,en,false,USD,2026-05-01T04:27:28.849Z
hi,binder,Urborg Syphon-Mage,DMR,Dominaria Remastered,106,normal,common,1,78132,cf857d76-f2ca-4323-9611-cb20b9615202,0.06,false,false,false,near_mint,en,false,USD,2026-05-01T04:27:28.850Z
hi,binder,Insect,TDMR,Dominaria Remastered Tokens,10,normal,common,1,78364,e662eefb-c454-44b9-8270-f2229e20024e,0.34,false,false,false,near_mint,en,false,USD,2026-05-01T04:27:28.851Z
hi,binder,"Urza, Lord High Artificer",CMM,Commander Masters,130,normal,mythic,1,84523,7b7a348a-51f7-4dc5-8fe7-1c70fea5e050,14.41,false,false,false,near_mint,en,false,USD,2026-05-01T04:27:28.854Z
hi,binder,Griffin Guide,DMR,Dominaria Remastered,8,normal,uncommon,1,77859,39b8cf5e-10f6-49aa-82eb-2f56cc29d393,0.13,false,false,false,near_mint,en,false,USD,2026-05-01T04:27:28.855Z
hi,binder,Elvish Spirit Guide,DMR,Dominaria Remastered,157,normal,uncommon,1,77904,50aded92-f934-441f-8e48-d68d471e70d8,2.32,false,false,false,near_mint,en,false,USD,2026-05-01T04:27:28.856Z
hi,binder,Mesa Enchantress,CMM,Commander Masters,828,normal,rare,1,84360,51c0ee3e-054e-4b01-b333-4ef3bc904750,0.45,false,false,false,near_mint,en,false,USD,2026-05-01T04:27:28.857Z
hi,binder,Chain Lightning,DMR,Dominaria Remastered,113,normal,common,1,77822,2105a0d9-ea2e-4ffc-be08-424b5617205d,0.31,false,false,false,near_mint,en,false,USD,2026-05-01T04:27:28.859Z
hi,binder,Wild Dogs,DMR,Dominaria Remastered,183,normal,common,2,78205,faa526aa-f569-486a-8712-47c972481cd4,0.12,false,false,false,near_mint,en,false,USD,2026-05-01T04:27:28.860Z
hi,binder,Ridgetop Raptor,DMR,Dominaria Remastered,134,normal,common,1,77976,720a0e44-0675-488e-bfa5-ae557337e9c4,0.06,false,false,false,near_mint,en,false,USD,2026-05-01T04:27:28.864Z
hi,binder,Battlefield Scrounger,DMR,Dominaria Remastered,150,normal,common,1,78194,f5a9f234-c1c1-4b4b-8385-6e0ced9977f1,0.03,false,false,false,near_mint,en,false,USD,2026-05-01T04:27:28.865Z
hi,binder,Hyalopterous Lemure,DMR,Dominaria Remastered,89,normal,common,1,78012,875b7d0b-8354-41a0-9a53-8bc19ffdc016,0.06,false,false,false,near_mint,en,false,USD,2026-05-01T04:27:28.866Z
hi,binder,An Offer You Can't Refuse,FDN,Foundations,160,normal,uncommon,1,100948,a829747f-cf9b-4d81-ba66-9f0630ed4565,2.21,false,false,false,near_mint,en,false,USD,2026-05-01T04:27:28.867Z
hi,binder,Cryptic Pursuit,NCC,New Capenna Commander,70,normal,rare,1,67932,a9cab677-6065-46d4-bc00-10e32de1aed7,0.18,false,false,false,near_mint,en,false,USD,2026-05-01T04:27:28.868Z
hi,binder,"Toluz, Clever Conductor",SNC,Streets of New Capenna,336,normal,rare,1,68059,e6da6284-1577-4bc2-85dd-5984aea72ac6,0.26,false,false,false,near_mint,en,false,USD,2026-05-01T04:27:28.869Z
hi,binder,Arcane Bombardment,OTC,Outlaws of Thunder Junction Commander,154,normal,mythic,1,93922,ef7e6e2d-d984-483e-b117-b1c5d640dc23,6.92,false,false,false,near_mint,en,false,USD,2026-05-01T04:27:28.870Z
hi,binder,Rakish Revelers,SNC,Streets of New Capenna,328,normal,common,1,67644,2258b7b6-e679-4fcf-9cfe-2ff01a8996dc,0.08,false,false,false,near_mint,en,false,USD,2026-05-01T04:27:28.872Z
hi,binder,"Lagrella, the Magpie",SNC,Streets of New Capenna,314,normal,uncommon,2,67772,5956dbe0-0d4c-42b1-8554-0fa6de1ee6bc,0.13,false,false,false,near_mint,en,false,USD,2026-05-01T04:27:28.873Z
hi,binder,Shakedown Heavy,SNC,Streets of New Capenna,95,normal,rare,1,68016,ce418184-a672-46bc-a17d-c559614defb5,0.33,false,false,false,near_mint,en,false,USD,2026-05-01T04:27:28.874Z
hi,binder,Crew Captain,SNC,Streets of New Capenna,303,normal,uncommon,1,67676,2e9e01f5-393e-4f01-86b9-112a9084ad2f,0.07,false,false,false,near_mint,en,false,USD,2026-05-01T04:27:28.875Z
hi,binder,Gathering Throng,SNC,Streets of New Capenna,13,normal,common,1,67659,290347b9-d3cc-4882-8da6-9d8b8677f276,0.05,false,false,false,near_mint,en,false,USD,2026-05-01T04:27:28.876Z
hi,binder,Devil,TSNC,Streets of New Capenna Tokens,8,normal,common,2,68510,ec75fdab-818c-4f3a-94c1-fd3f577a87f5,0.24,false,false,false,near_mint,en,false,USD,2026-05-01T04:27:28.877Z
hi,binder,Corpse Explosion,SNC,Streets of New Capenna,179,normal,rare,1,68001,c700eff3-138b-4d4c-ba36-58b98986168c,0.25,false,false,false,near_mint,en,false,USD,2026-05-01T04:27:28.878Z
hi,binder,"Giott, King of the Dwarves",FIN,Final Fantasy,223,normal,uncommon,1,106565,6a7784de-a10d-4ce6-98a5-aaf3e85773b6,0.06,false,false,false,near_mint,en,false,USD,2026-05-01T04:27:28.879Z
hi,binder,"Baron, Airship Kingdom",FIN,Final Fantasy,273,normal,common,3,106570,6e4bf840-802d-47d5-bffd-8ba495e19cf6,0.2,false,false,false,near_mint,en,false,USD,2026-05-01T04:27:28.880Z
hi,binder,Summon: Primal Garuda,FIN,Final Fantasy,37,normal,uncommon,2,106370,e44497a8-067e-454e-a9c0-684f03df55ff,0.18,false,false,false,near_mint,en,false,USD,2026-05-01T04:27:28.889Z
hi,binder,Vincent Valentine // Galian Beast,FIN,Final Fantasy,125,normal,rare,2,106265,028ef608-acfe-4e9d-90db-eca4411ba78a,1.38,false,false,false,near_mint,en,false,USD,2026-05-01T04:27:28.891Z
hi,binder,Excalibur II,FIN,Final Fantasy,257,normal,rare,3,106655,d42e5fed-67ac-46d7-a5d4-78f661f3e8b4,0.69,false,false,false,near_mint,en,false,USD,2026-05-01T04:27:28.892Z
hi,binder,Antagonize,SNC,Streets of New Capenna,100,normal,common,1,67870,8bac1d2a-99dd-40b3-8823-ce9225efcdcf,0.08,false,false,false,near_mint,en,false,USD,2026-05-01T04:27:28.893Z
hi,binder,Rakish Revelers,SNC,Streets of New Capenna,214,normal,common,1,67912,9c74197a-367c-40a4-9eb5-6943490bba09,0.06,false,false,false,near_mint,en,false,USD,2026-05-01T04:27:28.894Z
hi,binder,Night Clubber,SNC,Streets of New Capenna,89,normal,uncommon,1,67773,59fd3f8a-a13b-4a0a-bb27-b9246949ea7b,0.22,false,false,false,near_mint,en,false,USD,2026-05-01T04:27:28.895Z
hi,binder,Phyrexian Rager,DMR,Dominaria Remastered,99,normal,common,3,77810,1db97152-afd5-4190-8bf1-1276b0fcf005,0.05,false,false,false,near_mint,en,false,USD,2026-05-01T04:27:28.705Z
hi,binder,Ghastly Gloomhunter,ZNR,Zendikar Rising,103,normal,common,2,54818,f272ac54-fea8-4044-83e2-f8fdc10f467d,0.09,false,false,false,near_mint,en,false,USD,2026-05-01T04:27:28.756Z
hi,binder,Nimana Skydancer,ZNR,Zendikar Rising,117,normal,common,2,54794,e72eaa0f-cbec-45a1-b390-cbbedf5a02f2,0.09,false,false,false,near_mint,en,false,USD,2026-05-01T04:27:28.759Z
hi,binder,Summon: Choco/Mog,FIN,Final Fantasy,35,normal,common,5,106493,00546117-018a-4286-bc20-b5446c5be56f,0.13,false,false,false,near_mint,en,false,USD,2026-05-01T04:27:28.829Z
hi,binder,Pacifism,DMR,Dominaria Remastered,19,normal,common,2,77906,5242a576-4d35-4f29-8d40-9a7179e51d0c,0.15,false,false,false,near_mint,en,false,USD,2026-05-01T04:27:28.853Z
hi,binder,The Gold Saucer,FIN,Final Fantasy,279,normal,uncommon,1,106551,5363c881-443d-43df-afd8-f81e1a1741a2,0.26,false,false,false,near_mint,en,false,USD,2026-05-03T21:21:03.723Z
hi,binder,"Jill, Shiva's Dominant // Shiva, Warden of Ice",FIN,Final Fantasy,58,normal,rare,1,105564,1f163763-4802-4a96-a5bc-f3c381db7b5c,0.34,false,false,false,near_mint,en,false,USD,2026-05-03T21:21:03.725Z
hi,binder,"Inalla, Archmage Ritualist",FCA,Final Fantasy: Through the Ages,52,normal,rare,1,106720,786a3daa-41a6-4cf3-97bc-c59e1c7cd674,0.83,false,false,false,near_mint,en,false,USD,2026-05-03T21:21:03.729Z
hi,binder,"Eden, Seat of the Sanctum",FIN,Final Fantasy,277,normal,uncommon,1,106674,e28eac1e-adc7-4f8d-b206-bef09ba07d38,0.21,false,false,false,near_mint,en,false,USD,2026-05-03T21:21:03.733Z
hi,binder,Phoenix Down,FIN,Final Fantasy,29,normal,uncommon,1,105961,62e299b0-9ef6-49d3-aa79-384325fed89e,0.2,false,false,false,near_mint,en,false,USD,2026-05-03T21:21:03.744Z
hi,binder,Mountain,FIN,Final Fantasy,303,normal,common,1,105679,a18ef64b-a9de-4548-b4d5-168758442db7,0.22,false,false,false,near_mint,en,false,USD,2026-05-03T21:21:03.754Z
hi,binder,Memories Returning,FIN,Final Fantasy,63,normal,rare,1,106622,a753abfc-35d3-4faf-ab35-3b51aa778174,0.24,false,false,false,near_mint,en,false,USD,2026-05-03T21:21:03.767Z
hi,binder,Cargo Ship,FIN,Final Fantasy,47,normal,uncommon,1,106597,932b865c-bfe7-4bb7-82e9-2403cf0e0522,0.22,false,false,false,near_mint,en,false,USD,2026-05-03T21:21:03.781Z
hi,binder,Clash of the Eikons,FIN,Final Fantasy,180,normal,uncommon,1,106577,75c18134-f517-4a68-8640-0426b3cd4f6c,0.17,false,false,false,near_mint,en,false,USD,2026-05-03T21:21:03.785Z
hi,binder,Battle Menu,FIN,Final Fantasy,9,normal,uncommon,1,106523,240e1466-bd02-423d-b829-234dcd2bfab2,0.19,false,false,false,near_mint,en,false,USD,2026-05-03T21:21:03.807Z
hi,binder,Al Bhed Salvagers,FIN,Final Fantasy,88,normal,uncommon,1,106278,58ccdcfc-a669-480f-bded-4273cfaf2045,0.17,false,false,false,near_mint,en,false,USD,2026-05-03T21:21:03.808Z
hi,binder,Ride the Shoopuf,FIN,Final Fantasy,197,normal,uncommon,1,106518,19ad36d6-8bf4-490c-9980-b98a470af892,0.34,false,false,false,near_mint,en,false,USD,2026-05-03T21:21:03.809Z
hi,binder,The Emperor of Palamecia // The Lord Master of Hell,FIN,Final Fantasy,219,normal,uncommon,1,105596,3d75e8fd-6139-4b10-9ce3-195b47d72e0c,0.24,false,false,false,near_mint,en,false,USD,2026-05-03T21:21:03.810Z
hi,binder,Sidequest: Raise a Chocobo // Black Chocobo,FIN,Final Fantasy,201,normal,uncommon,1,106508,0cbf911c-a721-4b84-8645-d83a0966be18,0.18,false,false,false,near_mint,en,false,USD,2026-05-03T21:21:03.819Z
hi,binder,Genji Glove,FIN,Final Fantasy,258,normal,rare,1,106687,f724dde1-84b0-4e3b-a9b8-44cd22bb9f79,4.96,false,false,false,near_mint,en,false,USD,2026-05-03T21:21:03.838Z
hi,binder,"Yawgmoth, Thran Physician",FCA,Final Fantasy: Through the Ages,11,normal,mythic,1,106281,6ed83401-0b7e-48c7-b1a4-8e97aec29960,33.51,false,false,false,near_mint,en,false,USD,2026-05-03T21:21:03.839Z
hi,binder,Nibelheim Aflame,FIN,Final Fantasy,146,normal,mythic,1,106337,3d3e926a-74af-4996-849f-d31e0fdedeae,3.05,false,false,false,near_mint,en,false,USD,2026-05-03T21:21:03.844Z
hi,binder,"Ishgard, the Holy See // Faith & Grief",FIN,Final Fantasy,283,normal,rare,1,105804,068bc755-9d3d-430b-abc5-c775a5415bf9,1.36,false,false,false,near_mint,en,false,USD,2026-05-03T21:21:03.853Z
hi,binder,"Garland, Knight of Cornelia // Chaos, the Endless",FIN,Final Fantasy,221,normal,uncommon,1,103808,dd463dbe-5f2c-4d4f-86f8-ad8ff407af62,0.15,false,false,false,near_mint,en,false,USD,2026-05-03T21:21:03.854Z
hi,binder,"Garnet, Princess of Alexandria",FIN,Final Fantasy,222,normal,uncommon,1,106638,b883df14-8d7b-4f6a-9a6a-2f71f5b6ddda,0.19,false,false,false,near_mint,en,false,USD,2026-05-03T21:21:03.862Z
hi,binder,Phantom Train,FIN,Final Fantasy,110,normal,uncommon,1,106350,7a50d2ac-101d-41e1-b400-18fa7d2d7125,0.09,false,false,false,near_mint,en,false,USD,2026-05-03T21:21:03.863Z
hi,binder,Quistis Trepe,FIN,Final Fantasy,66,normal,uncommon,1,106279,61784cbd-92e9-43c7-a1a8-4004b1bf4dae,0.23,false,false,false,near_mint,en,false,USD,2026-05-03T21:21:03.864Z
hi,binder,"Firion, Wild Rose Warrior",FIN,Final Fantasy,386,normal,rare,1,105664,8f1cb5a5-2f52-4a9d-a4fe-9603116b7ad5,2.56,false,false,false,near_mint,en,false,USD,2026-05-03T21:21:03.866Z
hi,binder,Unexpected Request,FIN,Final Fantasy,167,normal,uncommon,1,106495,0265fd20-a85d-49ce-b338-4c40843a5b18,0.07,false,false,false,near_mint,en,false,USD,2026-05-03T21:21:03.869Z
hi,binder,Rufus Shinra,FIN,Final Fantasy,238,normal,uncommon,1,106685,f5fff00b-c9a0-4e90-abc0-349f8716c885,0.16,false,false,false,near_mint,en,false,USD,2026-05-03T21:21:03.871Z
hi,binder,Angelo,TFIN,Final Fantasy Tokens,19,normal,common,1,105619,54347961-0a41-4f62-b47e-2afa0ca07b21,,false,false,false,near_mint,en,false,USD,2026-05-03T21:21:03.879Z
hi,binder,"Jenova, Ancient Calamity",FIN,Final Fantasy,228,normal,rare,1,106404,534f98ee-7bc2-44d6-b49f-f57c051807d5,1.96,false,false,false,near_mint,en,false,USD,2026-05-03T21:21:03.882Z
hi,binder,Summon: Fat Chocobo,FIN,Final Fantasy,371,normal,common,1,106615,a44ae92c-4894-4172-82b3-11e2e94653ef,0.34,false,false,false,near_mint,en,false,USD,2026-05-03T21:21:03.883Z
hi,binder,"Bruse Tarl, Boorish Herder",FCA,Final Fantasy: Through the Ages,50,normal,rare,1,106325,07889f56-740f-4d17-9b0e-8d8e9e327f31,1.92,false,false,false,near_mint,en,false,USD,2026-05-03T21:21:03.885Z
hi,binder,Bird,TFIN,Final Fantasy Tokens,16,normal,common,1,106716,1fbc471d-5948-47fc-b7cc-81cc13a4cd15,,false,false,false,near_mint,en,false,USD,2026-05-03T21:21:03.898Z
hi,binder,Tonberry,FIN,Final Fantasy,122,normal,uncommon,1,103781,1a9b8723-4383-4c14-b24d-52863af8703d,0.56,false,false,false,near_mint,en,false,USD,2026-05-03T21:21:03.899Z
hi,binder,Rydia's Return,FIN,Final Fantasy,198,normal,uncommon,1,106718,40a06165-2835-4610-86a1-7f684992fcf2,0.15,false,false,false,near_mint,en,false,USD,2026-05-03T21:21:03.915Z
hi,binder,Nature's Claim,FCA,Final Fantasy: Through the Ages,47,normal,uncommon,1,106366,d349901d-f9a6-4f09-a881-531c695cf1c4,0.38,false,false,false,near_mint,en,false,USD,2026-05-03T21:21:03.918Z
hi,binder,"Venat, Heart of Hydaelyn // Hydaelyn, the Mothercrystal",FIN,Final Fantasy,39,normal,rare,1,106526,2625c00d-0a51-4481-bf36-cf13a2546242,1.01,false,false,false,near_mint,en,false,USD,2026-05-03T21:21:03.923Z
hi,binder,Summoner's Grimoire,FIN,Final Fantasy,205,normal,rare,1,105730,d9fda3fc-569d-49f8-a2ed-e0b1d6668426,0.31,false,false,false,near_mint,en,false,USD,2026-05-03T21:21:03.926Z
hi,binder,Stolen Uniform,FIN,Final Fantasy,75,normal,uncommon,1,106510,0d80c511-2f4d-4f77-8143-7b49b2b19fae,0.06,false,false,false,near_mint,en,false,USD,2026-05-03T21:21:03.927Z
hi,binder,Diamond Weapon,FIN,Final Fantasy,183,normal,uncommon,1,106567,6ce7f494-2a19-4b11-94d4-fc5e5a7068bd,0.24,false,false,false,near_mint,en,false,USD,2026-05-03T21:21:03.929Z
hi,binder,The Lunar Whale,FIN,Final Fantasy,60,normal,rare,1,106630,ae875471-346c-4a76-b26f-b7205dad5b80,0.25,false,false,false,near_mint,en,false,USD,2026-05-03T21:21:03.945Z
hi,binder,Sidequest: Card Collection // Magicked Card,FIN,Final Fantasy,73,normal,uncommon,1,106589,8ac3d2c9-5978-4cfb-a746-c901decff093,0.03,false,false,false,near_mint,en,false,USD,2026-05-03T21:21:03.947Z
hi,binder,Lion Heart,FIN,Final Fantasy,261,normal,uncommon,1,106420,04d327a3-1699-4556-b681-a957671ad142,0.09,false,false,false,near_mint,en,false,USD,2026-05-03T21:21:03.956Z
hi,binder,Capital City,FIN,Final Fantasy,274,normal,uncommon,1,106379,f73ce8ec-c916-48eb-ae20-c0d6d03d7145,0.25,false,false,false,near_mint,en,false,USD,2026-05-03T21:21:03.958Z
hi,binder,"Clive, Ifrit's Dominant // Ifrit, Warden of Inferno",FIN,Final Fantasy,133,normal,mythic,1,105675,9a069e96-2786-493d-aca8-f70611435dbe,3.45,false,false,false,near_mint,en,false,USD,2026-05-03T21:21:03.959Z
hi,binder,Plains,FIN,Final Fantasy,294,normal,common,1,105678,9dd2d666-7c6b-48ce-93dc-c004ebdd1fe9,0.2,false,false,false,near_mint,en,false,USD,2026-05-03T21:21:03.961Z
hi,binder,Summon: Esper Ramuh,FIN,Final Fantasy,161,normal,uncommon,1,106286,840659ee-1493-4190-a514-c2c9ae14e331,0.16,false,false,false,near_mint,en,false,USD,2026-05-03T21:21:03.972Z
hi,binder,"Balamb Garden, SeeD Academy // Balamb Garden, Airborne",FIN,Final Fantasy,272,normal,rare,1,106492,001e9f20-5b15-41cb-bf82-46172decc235,0.28,false,false,false,near_mint,en,false,USD,2026-05-03T21:21:03.973Z
hi,binder,"Danitha Capashen, Paragon",FCA,Final Fantasy: Through the Ages,22,normal,uncommon,1,106329,210ff924-215e-4ae8-8706-5af3891c6605,0.7,false,false,false,near_mint,en,false,USD,2026-05-03T21:21:03.974Z
hi,binder,Wizard,TFIN,Final Fantasy Tokens,14,normal,common,1,105559,187fe54c-7d0c-4225-9d46-3affbead897d,,false,false,false,near_mint,en,false,USD,2026-05-03T21:21:03.978Z
hi,binder,Ancient Adamantoise,FIN,Final Fantasy,172,normal,mythic,1,106545,4c139f30-5ecd-48fd-ae7c-ec2cc98889ff,3.74,false,false,false,near_mint,en,false,USD,2026-05-03T21:21:03.979Z
hi,binder,Jumbo Cactuar,FIN,Final Fantasy,191,normal,rare,1,103807,db01c222-8795-47e9-a789-e7f749a3ee7d,9.05,false,false,false,near_mint,en,false,USD,2026-05-03T21:21:03.980Z
hi,binder,Wastes,FIN,Final Fantasy,309,normal,common,1,105711,c61feafd-ef09-437c-a12c-fd7d6cb8c15a,0.54,false,false,false,near_mint,en,false,USD,2026-05-03T21:21:03.981Z
hi,binder,The Regalia,FIN,Final Fantasy,267,normal,rare,1,106665,dc420e79-c483-474f-97cd-e9c6a636c306,0.78,false,false,false,near_mint,en,false,USD,2026-05-03T21:21:03.982Z
hi,binder,Summon: Brynhildr,FIN,Final Fantasy,160,normal,rare,1,106588,8ab5429a-1075-49aa-9608-0610080fbf7a,0.28,false,false,false,near_mint,en,false,USD,2026-05-03T21:21:03.984Z
hi,binder,"Syr Konrad, the Grim",FCA,Final Fantasy: Through the Ages,10,normal,uncommon,1,105946,5b40815d-0104-461e-b193-fcf5e1f35299,1.03,false,false,false,near_mint,en,false,USD,2026-05-03T21:21:03.985Z
hi,binder,"Stiltzkin, Moogle Merchant",FIN,Final Fantasy,34,normal,rare,1,103775,06a972a4-0c1b-4f12-a5a5-fdea47c4cd35,0.24,false,false,false,near_mint,en,false,USD,2026-05-03T21:21:04.007Z
hi,binder,"Fynn, the Fangbearer",FCA,Final Fantasy: Through the Ages,46,normal,uncommon,1,106372,e983925b-de9c-4a09-8bff-913301aff269,0.25,false,false,false,near_mint,en,false,USD,2026-05-03T21:21:04.022Z
hi,binder,"Quina, Qu Gourmet",FIN,Final Fantasy,194,normal,uncommon,1,106341,4f352b5e-9731-4a8e-b872-db5d3bf32211,0.24,false,false,false,near_mint,en,false,USD,2026-05-03T21:21:04.024Z
hi,binder,Dark Confidant,FIN,Final Fantasy,94,normal,mythic,1,105571,2520ab23-a068-4462-b261-2754409b4108,4.06,false,false,false,near_mint,en,false,USD,2026-05-03T21:21:04.027Z
hi,binder,Evil Reawakened,FIN,Final Fantasy,98,normal,uncommon,1,106300,eb98cbc3-749c-44f4-974c-00be1286d69e,0.23,false,false,false,near_mint,en,false,USD,2026-05-03T21:21:04.035Z
hi,binder,Summon: Shiva,FIN,Final Fantasy,78,normal,uncommon,1,103800,a80511f8-7cb1-4974-afde-8a5cebe13ad7,0.24,false,false,false,near_mint,en,false,USD,2026-05-03T21:21:04.047Z
hi,binder,Captain Lannery Storm,FCA,Final Fantasy: Through the Ages,38,normal,uncommon,1,106438,7c3aeedd-d41b-44c9-9b0a-e5952202f632,0.33,false,false,false,near_mint,en,false,USD,2026-05-03T21:21:04.067Z
hi,binder,Louisoix's Sacrifice,FIN,Final Fantasy,59,normal,rare,1,106544,4a6976f2-0bd5-449a-8fcf-f5a732ce22c1,0.29,false,false,false,near_mint,en,false,USD,2026-05-03T21:21:04.068Z
hi,binder,Ether,FIN,Final Fantasy,53,normal,uncommon,1,106586,896ee6e9-15a9-4974-b576-50f4759fac38,0.07,false,false,false,near_mint,en,false,USD,2026-05-03T21:21:04.069Z
hi,binder,Bartz and Boko,FIN,Final Fantasy,175,normal,rare,1,105728,d818d574-2832-4a7a-a13b-aa6e695fdaa5,0.28,false,false,false,near_mint,en,false,USD,2026-05-03T21:21:04.071Z
hi,binder,"Cid, Timeless Artificer",FIN,Final Fantasy,216,normal,uncommon,1,105647,7fb99393-d2b6-40a6-8de7-317efdc4c50b,4.7,false,false,false,near_mint,en,false,USD,2026-05-03T21:21:04.072Z
hi,binder,Sazh's Chocobo,FIN,Final Fantasy,200,normal,uncommon,1,103809,dda6b4d0-1b60-46b0-b321-b9ffe15afff4,1.49,false,false,false,near_mint,en,false,USD,2026-05-03T21:21:04.074Z
hi,binder,"Yuna, Hope of Spira",FIN,Final Fantasy,250,normal,mythic,1,105590,35b613ad-86f0-431b-af93-147d21041fde,4.09,false,false,false,near_mint,en,false,USD,2026-05-03T21:21:04.095Z
hi,binder,Command Beacon,FCA,Final Fantasy: Through the Ages,64,normal,rare,1,106331,2670653e-fcaa-46e3-b3bf-cb8e8b981a9c,6.31,false,false,false,near_mint,en,false,USD,2026-05-03T21:21:04.096Z
hi,binder,"Rabanastre, Royal City",FIN,Final Fantasy,287,normal,common,2,106294,c44c9bbe-f4c6-41cf-b3c3-b943f4011bc1,0.16,false,false,false,near_mint,en,false,USD,2026-05-03T21:21:04.098Z
hi,binder,Ambrosia Whiteheart,FIN,Final Fantasy,6,normal,uncommon,2,106459,f2596767-7d19-4110-86ed-3cfc93ac7483,0.18,false,false,false,near_mint,en,false,USD,2026-05-03T21:21:04.106Z
hi,binder,Ninja's Blades,FIN,Final Fantasy,108,normal,rare,1,106620,a6b5af82-3646-44f9-ac12-1d7fa698f037,0.53,false,false,false,near_mint,en,false,USD,2026-05-03T21:21:04.110Z
hi,binder,Forest,FIN,Final Fantasy,307,normal,common,1,105595,3d08f6a6-316d-45d8-aabe-1760a20903ac,0.27,false,false,false,near_mint,en,false,USD,2026-05-03T21:21:04.112Z
hi,binder,Relm's Sketching,FIN,Final Fantasy,67,normal,uncommon,1,106345,6aedac12-3714-4a81-bd4d-1d2555c66f78,0.21,false,false,false,near_mint,en,false,USD,2026-05-03T21:21:04.115Z
hi,binder,Dark Knight's Greatsword,FIN,Final Fantasy,95,normal,uncommon,1,106634,b50dcc7c-260f-4d8c-9a9e-9244ec23a91e,0.18,false,false,false,near_mint,en,false,USD,2026-05-03T21:21:04.116Z
hi,binder,Crystal Fragments // Summon: Alexander,FIN,Final Fantasy,13,normal,uncommon,1,106434,5f51c853-949d-44e9-a3a2-02e1ce69a147,0.18,false,false,false,near_mint,en,false,USD,2026-05-03T21:21:04.128Z
hi,binder,Fire Magic,FIN,Final Fantasy,136,normal,uncommon,1,105601,415ff6a5-61ef-4b37-ae08-e44476300d4a,0.88,false,false,false,near_mint,en,false,USD,2026-05-03T21:21:04.130Z
hi,binder,Mountain,FIN,Final Fantasy,304,normal,common,1,105719,d061b9a8-e95d-48ec-a1c9-337433b62dfc,0.24,false,false,false,near_mint,en,false,USD,2026-05-03T21:21:04.138Z
hi,binder,"Fang, Fearless l'Cie",FIN,Final Fantasy,381,normal,uncommon,1,105733,dca1a706-9eee-4d75-80ee-fa12257908e3,0.33,false,false,false,near_mint,en,false,USD,2026-05-03T21:21:04.140Z
hi,binder,Balthier and Fran,FIN,Final Fantasy,213,normal,rare,1,105695,afcaed7d-7ea3-4f2a-a7f5-ee3315226369,0.19,false,false,false,near_mint,en,false,USD,2026-05-03T21:21:04.142Z
hi,binder,Cloud of Darkness,FIN,Final Fantasy,217,normal,uncommon,1,106614,a292094a-674a-401f-8776-ba5ebe57c946,0.08,false,false,false,near_mint,en,false,USD,2026-05-03T21:21:04.149Z
hi,binder,The Crystal's Chosen,FIN,Final Fantasy,14,normal,uncommon,1,105725,d4df4373-0ee6-44e3-81c6-0881c070014c,0.14,false,false,false,near_mint,en,false,USD,2026-05-03T21:21:04.150Z
hi,binder,Freya Crescent,FIN,Final Fantasy,138,normal,uncommon,1,106289,9921f646-e893-44db-ac89-0633c1009788,0.24,false,false,false,near_mint,en,false,USD,2026-05-03T21:21:04.151Z
hi,binder,"Vanille, Cheerful l'Cie",FIN,Final Fantasy,392,normal,uncommon,1,105574,28cdd11b-7337-4696-b2a0-77236c7b7210,0.36,false,false,false,near_mint,en,false,USD,2026-05-03T21:21:04.152Z
hi,binder,Starting Town,FIN,Final Fantasy,289,normal,rare,1,105768,fc7d1912-7e27-49ef-bd98-375d975a42b0,9.72,false,false,false,near_mint,en,false,USD,2026-05-03T21:21:04.153Z
hi,binder,"Choco, Seeker of Paradise",FIN,Final Fantasy,215,normal,rare,1,106273,409c305a-52dc-4538-8e72-efcd568eaf49,0.43,false,false,false,near_mint,en,false,USD,2026-05-03T21:21:04.167Z
hi,binder,Il Mheg Pixie,FIN,Final Fantasy,57,normal,uncommon,1,106629,ae612312-3a8e-495f-8730-deaaf7505ca1,0.13,false,false,false,near_mint,en,false,USD,2026-05-03T21:21:04.173Z
hi,binder,Gaius van Baelsar,FIN,Final Fantasy,102,normal,uncommon,1,106446,a4ee8ba5-6a79-4652-b2a4-a3dae804bc28,0.24,false,false,false,near_mint,en,false,USD,2026-05-03T21:21:04.174Z
hi,binder,Prompto Argentum,FIN,Final Fantasy,387,normal,uncommon,1,106661,d8f9b257-6491-46d2-be41-846ab4c39d5e,0.26,false,false,false,near_mint,en,false,USD,2026-05-03T21:21:04.185Z
hi,binder,"Guadosalam, Farplane Gateway",FIN,Final Fantasy,281,normal,common,3,106668,dfcbc131-fd50-4908-b539-c8e52bb70c58,0.15,false,false,false,near_mint,en,false,USD,2026-05-03T21:21:03.727Z
hi,binder,Poison the Waters,FIN,Final Fantasy,111,normal,uncommon,2,106380,ff2bafe7-4d0f-464d-b7ba-55a54366fc68,0.11,false,false,false,near_mint,en,false,USD,2026-05-03T21:21:03.732Z
hi,binder,Black Mage's Rod,FIN,Final Fantasy,90,normal,common,4,105591,35e8f140-055f-4fc7-a765-fb030d828214,0.27,false,false,false,near_mint,en,false,USD,2026-05-03T21:21:03.742Z
hi,binder,Summon: Anima,FIN,Final Fantasy,120,normal,uncommon,2,106356,aa4f6703-21f8-4c29-ad5a-5afb54188ade,0.14,false,false,false,near_mint,en,false,USD,2026-05-03T21:21:03.743Z
hi,binder,Sorceress's Schemes,FIN,Final Fantasy,159,normal,uncommon,2,106582,7efd7627-0754-4685-9d04-8f5f82f45632,0.21,false,false,false,near_mint,en,false,USD,2026-05-03T21:21:03.745Z
hi,binder,Sage's Nouliths,FIN,Final Fantasy,70,normal,common,3,106088,a12ff7c3-6ae0-4098-9240-ff3fd16a5288,0.11,false,false,false,near_mint,en,false,USD,2026-05-03T21:21:03.748Z
hi,binder,Sabotender,FIN,Final Fantasy,153,normal,common,2,106513,12df1295-8b08-4c8e-bac9-55b4f514c0be,0.19,false,false,false,near_mint,en,false,USD,2026-05-03T21:21:03.750Z
hi,binder,Restoration Magic,FIN,Final Fantasy,30,normal,uncommon,3,106543,494e68e9-ecba-4482-82bc-207ad59144c1,1.42,false,false,false,near_mint,en,false,USD,2026-05-03T21:21:03.755Z
hi,binder,PuPu UFO,FIN,Final Fantasy,266,normal,uncommon,2,106353,989b52f7-d8a5-4488-9a5d-f14a1d48686d,0.31,false,false,false,near_mint,en,false,USD,2026-05-03T21:21:03.756Z
hi,binder,Hecteyes,FIN,Final Fantasy,103,normal,common,4,106585,8680d052-c07b-4d9b-bda9-b5f69f44f424,0.15,false,false,false,near_mint,en,false,USD,2026-05-03T21:21:03.759Z
hi,binder,Blazing Bomb,FIN,Final Fantasy,130,normal,common,4,106573,70f47277-ca47-428a-808f-0fb32e820a71,0.14,false,false,false,near_mint,en,false,USD,2026-05-03T21:21:03.760Z
hi,binder,Aerith Rescue Mission,FIN,Final Fantasy,5,normal,common,3,106532,3123d16c-e1e6-4659-a7a3-2ec6efc6bf08,0.14,false,false,false,near_mint,en,false,USD,2026-05-03T21:21:03.762Z
hi,binder,Barret Wallace,FIN,Final Fantasy,129,normal,uncommon,2,105840,1a504dff-5857-4a61-ab99-616d5df7cf5a,0.09,false,false,false,near_mint,en,false,USD,2026-05-03T21:21:03.783Z
hi,binder,Ahriman,FIN,Final Fantasy,87,normal,common,3,106517,162a415c-5465-497e-8f4e-c6f09681641d,0.19,false,false,false,near_mint,en,false,USD,2026-05-03T21:21:03.786Z
hi,binder,Summon: G.F. Cerberus,FIN,Final Fantasy,162,normal,rare,2,106653,d0e5cbd4-401b-4456-80bf-d90beadfd1f8,0.3,false,false,false,near_mint,en,false,USD,2026-05-03T21:21:03.792Z
hi,binder,Paladin's Arms,FIN,Final Fantasy,28,normal,common,4,106338,446506c5-5e1d-4b42-aef3-ea247d7881ef,0.19,false,false,false,near_mint,en,false,USD,2026-05-03T21:21:03.794Z
hi,binder,Vayne's Treachery,FIN,Final Fantasy,124,normal,common,4,106569,6de6d23b-7d42-41c1-be1c-010fe43ee586,0.1,false,false,false,near_mint,en,false,USD,2026-05-03T21:21:03.816Z
hi,binder,Summon: Fat Chocobo,FIN,Final Fantasy,202,normal,common,2,106533,32eb192b-de6b-4814-8077-628d343d014e,0.18,false,false,false,near_mint,en,false,USD,2026-05-03T21:21:03.817Z
hi,binder,"Omega, Heartless Evolution",FIN,Final Fantasy,236,normal,uncommon,2,106604,9a8eb7e6-0c0b-42d0-aa90-2d3d29bc15aa,0.16,false,false,false,near_mint,en,false,USD,2026-05-03T21:21:03.822Z
hi,binder,Cloudbound Moogle,FIN,Final Fantasy,11,normal,common,2,106283,7387bca7-f496-45da-a0ac-6be049303a8f,0.1,false,false,false,near_mint,en,false,USD,2026-05-03T21:21:03.860Z
hi,binder,"Sidequest: Play Blitzball // World Champion, Celestial Weapon",FIN,Final Fantasy,158,normal,uncommon,2,106401,31e2ad37-73cf-4858-8a3a-fc1165cd21a7,0.15,false,false,false,near_mint,en,false,USD,2026-05-03T21:21:03.865Z
hi,binder,Goobbue Gardener,FIN,Final Fantasy,188,normal,common,3,106636,b7c3544a-5dd5-423e-8a40-ac4803db8adc,0.18,false,false,false,near_mint,en,false,USD,2026-05-03T21:21:03.887Z
hi,binder,"Golbez, Crystal Collector",FIN,Final Fantasy,225,normal,rare,2,106584,849f5716-7211-4e93-a220-f88d49f937f4,0.31,false,false,false,near_mint,en,false,USD,2026-05-03T21:21:03.892Z
hi,binder,"Zidane, Tantalus Thief",FIN,Final Fantasy,251,normal,uncommon,2,106213,e42c7d9d-8685-415b-8c5d-6ab2165863b9,0.16,false,false,false,near_mint,en,false,USD,2026-05-03T21:21:03.900Z
hi,binder,"Ultros, Obnoxious Octopus",FIN,Final Fantasy,83,normal,uncommon,2,106515,14379198-9a0a-4853-9d51-fb074a24b1c0,0.12,false,false,false,near_mint,en,false,USD,2026-05-03T21:21:03.902Z
hi,binder,Sandworm,FIN,Final Fantasy,155,normal,uncommon,2,106621,a6e021da-2397-4ad3-a07b-65c701df531a,0.14,false,false,false,near_mint,en,false,USD,2026-05-03T21:21:03.913Z
hi,binder,Malboro,FIN,Final Fantasy,106,normal,common,3,105739,e46d8048-03ce-4e07-ba24-f41ba6140a4e,0.14,false,false,false,near_mint,en,false,USD,2026-05-03T21:21:03.920Z
hi,binder,Opera Love Song,FIN,Final Fantasy,147,normal,uncommon,2,106496,0343916d-1b65-4e95-aef1-e72dbcebf0c4,0.27,false,false,false,near_mint,en,false,USD,2026-05-03T21:21:03.928Z
hi,binder,"Sharlayan, Nation of Scholars",FIN,Final Fantasy,288,normal,common,2,106579,7a745b5e-cdb8-4d05-ac5c-87be69536da6,0.23,false,false,false,near_mint,en,false,USD,2026-05-03T21:21:03.943Z
hi,binder,G'raha Tia,FIN,Final Fantasy,21,normal,uncommon,2,106501,076a8eca-ed73-4ee9-aab4-d9d43d394ee6,0.12,false,false,false,near_mint,en,false,USD,2026-05-03T21:21:03.946Z
hi,binder,Town Greeter,FIN,Final Fantasy,209,normal,common,3,105610,49cd4efa-4df4-4257-9a42-60330f7781e2,0.22,false,false,false,near_mint,en,false,USD,2026-05-03T21:21:04.005Z
hi,binder,Haste Magic,FIN,Final Fantasy,140,normal,common,3,106402,3af9d100-70ee-4c6c-a762-11a0c4f3ef6f,0.2,false,false,false,near_mint,en,false,USD,2026-05-03T21:21:04.006Z
hi,binder,Instant Ramen,FIN,Final Fantasy,259,normal,common,2,106374,ef7011f4-fc08-4b15-973d-d15357cbe744,0.14,false,false,false,near_mint,en,false,USD,2026-05-03T21:21:04.013Z
hi,binder,"Treno, Dark City",FIN,Final Fantasy,290,normal,common,2,106686,f6285535-bc44-4274-a886-b14d7c7aaba8,0.15,false,false,false,near_mint,en,false,USD,2026-05-03T21:21:04.020Z
hi,binder,Cornered by Black Mages,FIN,Final Fantasy,93,normal,common,4,106564,688fcf8a-0a44-416a-8086-83acf9a6fe69,0.26,false,false,false,near_mint,en,false,USD,2026-05-03T21:21:04.026Z
hi,binder,Coliseum Behemoth,FIN,Final Fantasy,181,normal,uncommon,2,106594,900206f1-7dd6-4db9-a430-73e560fd196b,0.1,false,false,false,near_mint,en,false,USD,2026-05-03T21:21:04.033Z
hi,binder,Aerith Gainsborough,FIN,Final Fantasy,4,normal,rare,2,105744,e86328b6-ded2-41df-8b6e-4a770e7b171e,1.62,false,false,false,near_mint,en,false,USD,2026-05-03T21:21:04.037Z
hi,binder,Rinoa Heartilly,FIN,Final Fantasy,237,normal,uncommon,2,105701,ba79d293-bf42-48b6-a868-5249f4beeb76,0.1,false,false,false,near_mint,en,false,USD,2026-05-03T21:21:04.038Z
hi,binder,Shambling Cie'th,FIN,Final Fantasy,117,normal,uncommon,2,106302,f02ce338-4fe2-44b0-a896-3ed7e6c874a3,0.14,false,false,false,near_mint,en,false,USD,2026-05-03T21:21:04.048Z
hi,binder,Magic Damper,FIN,Final Fantasy,61,normal,common,3,106540,44921b2e-5938-4f63-92b9-0b719a2f8c68,0.2,false,false,false,near_mint,en,false,USD,2026-05-03T21:21:04.078Z
hi,binder,Sleep Magic,FIN,Final Fantasy,74,normal,uncommon,2,106650,c96cae63-7625-48e3-aaba-5b1632a8642d,0.08,false,false,false,near_mint,en,false,USD,2026-05-03T21:21:04.143Z
hi,binder,Hero,TFIN,Final Fantasy Tokens,7,normal,common,3,106160,c82c74c1-fb73-4d4d-808e-2f4d7b97c97d,,false,false,false,near_mint,en,false,USD,2026-05-03T21:21:03.753Z
hi,binder,Hero,TFIN,Final Fantasy Tokens,4,normal,common,2,106091,a257329e-28b9-4ab6-ae05-f6ce0070cb35,,false,false,false,near_mint,en,false,USD,2026-05-03T21:21:03.773Z
hi,binder,Treasure,TFIN,Final Fantasy Tokens,23,normal,common,2,106110,ab0cda01-10b5-4a1b-b2bb-ad8bb296590f,,false,false,false,near_mint,en,false,USD,2026-05-03T21:21:03.799Z
hi,binder,Hero,TFIN,Final Fantasy Tokens,3,normal,common,3,105882,3308e4bf-950f-4b83-969a-2a95f077552f,,false,false,false,near_mint,en,false,USD,2026-05-03T21:21:03.846Z
hi,binder,Infestation Sage,FDN,Foundations,64,normal,common,1,101601,d40c73de-7a5f-46f2-a70b-449bc8ecfe24,0.18,false,false,false,near_mint,en,false,USD,2026-07-01T03:22:33.440Z
hi,binder,Grow from the Ashes,FDN,Foundations,225,normal,common,1,101502,42525f8a-aee7-4811-8f05-471b559c2c4a,0.23,false,false,false,near_mint,en,false,USD,2026-07-01T03:22:33.439Z
hi,binder,Tolarian Terror,FDN,Foundations,167,normal,common,1,100270,2569d4f3-55ed-4f99-9592-34c7df0aab72,0.22,false,false,false,near_mint,en,false,USD,2026-07-01T03:22:33.438Z
hi,binder,Squad Rallier,FDN,Foundations,24,normal,common,1,101534,65e1ee86-6f08-4aa0-bf63-ae12028ef080,0.07,false,false,false,near_mint,en,false,USD,2026-07-01T03:22:33.437Z
hi,binder,Mild-Mannered Librarian,FDN,Foundations,228,normal,uncommon,1,100515,5389663a-fe25-41b9-8c92-1f4d7721ffc2,0.1,false,false,false,near_mint,en,false,USD,2026-07-01T03:22:33.434Z
hi,binder,Stromkirk Bloodthief,FDN,Foundations,185,normal,uncommon,1,97176,485d6a5a-2054-47d5-91b8-71ce308ed4dc,0.15,false,false,false,near_mint,en,false,USD,2026-07-01T03:22:33.433Z
hi,binder,Raise the Past,FDN,Foundations,22,normal,rare,1,100641,6c6be129-56da-4fe7-a6bd-6a1d402c09e1,0.47,false,false,false,near_mint,en,false,USD,2026-07-01T03:22:33.431Z
hi,binder,"Kaito, Cunning Infiltrator",FDN,Foundations,358,normal,mythic,1,101078,be447408-0846-49be-b47e-c6f256032deb,4.32,false,false,false,near_mint,en,false,USD,2026-07-01T03:22:33.430Z
hi,binder,Forest,FDN,Foundations,281,normal,common,1,100973,ab8affbb-d2a2-436b-bbc2-9e8b6cf0d2c4,0.14,false,false,false,near_mint,en,false,USD,2026-07-01T03:22:33.428Z
hi,binder,Petrifying Meddler,MH3,Modern Horizons 3,66,normal,common,1,94673,f0f2bdfd-1cbc-456e-aba7-4e0b6485cf8a,0.14,false,false,false,near_mint,en,false,USD,2026-07-01T03:22:33.423Z
hi,binder,Temperamental Oozewagg,MH3,Modern Horizons 3,172,normal,common,1,94484,6625df2e-7046-411a-ae86-c46ac0953a0b,0.23,false,false,false,near_mint,en,false,USD,2026-07-01T03:22:33.421Z
hi,binder,Rosecot Knight,MH3,Modern Horizons 3,42,normal,common,1,94874,9ae7df20-1ccf-459b-b81c-ab8763c77ccf,0.11,false,false,false,near_mint,en,false,USD,2026-07-01T03:22:33.420Z
hi,binder,Expanding Ooze,MH3,Modern Horizons 3,184,normal,common,1,94599,bbdb095d-b826-4e3e-8c61-0d408e52d6b8,0.17,false,false,false,near_mint,en,false,USD,2026-07-01T03:22:33.419Z
hi,binder,Twisted Riddlekeeper,MH3,Modern Horizons 3,14,normal,uncommon,1,94743,534d7ae4-9c4b-4a5a-a109-7630a07aeb45,0.16,false,false,false,near_mint,en,false,USD,2026-07-01T03:22:33.417Z
hi,binder,Urza's Cave,MH3,Modern Horizons 3,234,normal,uncommon,1,94247,926916ed-2f22-4ba9-9427-194886ad6c1e,0.83,false,false,false,near_mint,en,false,USD,2026-07-01T03:22:33.415Z
hi,binder,Suppression Ray // Orderly Plaza,MH3,Modern Horizons 3,260,normal,uncommon,1,94338,0cccd328-457a-48ab-97fb-4bc319db2e60,0.26,false,false,false,near_mint,en,false,USD,2026-07-01T03:22:33.414Z
hi,binder,Distinguished Conjurer,MH3,Modern Horizons 3,264,normal,uncommon,1,94860,5ed5bc3d-4056-40b0-a47a-2841692614b3,0.26,false,false,false,near_mint,en,false,USD,2026-07-01T03:22:33.413Z
hi,binder,Warren Soultrader,MH3,Modern Horizons 3,110,normal,rare,1,94585,b334e4c6-d316-4141-8889-f95afcc04701,12.6,false,false,false,near_mint,en,false,USD,2026-07-01T03:22:33.412Z
hi,binder,Ovinize,DMR,Dominaria Remastered,63,normal,common,1,78170,e92204e3-2c98-4834-a838-ddc9f85fdeea,0.1,false,false,false,near_mint,en,false,USD,2026-07-01T03:22:33.410Z
hi,binder,Nightscape Familiar,DMR,Dominaria Remastered,94,normal,common,1,77896,4cf1918f-ad58-4f62-bd8c-649919de0e75,0.43,false,false,false,near_mint,en,false,USD,2026-07-01T03:22:33.408Z
hi,binder,Seton's Desire,DMR,Dominaria Remastered,176,normal,common,1,77979,72c7f922-c334-4a75-9f5a-e68595049318,0.04,false,false,false,near_mint,en,false,USD,2026-07-01T03:22:33.407Z
hi,binder,Macetail Hystrodon,DMR,Dominaria Remastered,130,normal,common,1,78118,c750f7d7-25b8-433f-b3a8-0d842b99276f,0.03,false,false,false,near_mint,en,false,USD,2026-07-01T03:22:33.406Z
hi,binder,Man-o'-War,DMR,Dominaria Remastered,58,normal,common,1,78057,a1ef40d5-c287-4229-8059-3505d9f251ca,0.13,false,false,false,near_mint,en,false,USD,2026-07-01T03:22:33.405Z
hi,binder,Break Asunder,DMR,Dominaria Remastered,152,normal,common,1,78001,80f334d2-d450-4a36-9b2e-ce81297b22e3,0.04,false,false,false,near_mint,en,false,USD,2026-07-01T03:22:33.404Z
hi,binder,Stand // Deliver,DMR,Dominaria Remastered,207,normal,uncommon,1,77964,6c9c00a1-8c24-4f35-aac9-00304687ee2b,0.09,false,false,false,near_mint,en,false,USD,2026-07-01T03:22:33.401Z
hi,binder,Lightning Rift,DMR,Dominaria Remastered,129,normal,uncommon,1,78137,d1b731b2-70cb-4e94-8c9a-d694f617a521,0.25,false,false,false,near_mint,en,false,USD,2026-07-01T03:22:33.400Z
hi,binder,Nature's Lore,EOC,Edge of Eternities Commander,101,normal,uncommon,1,107027,5b42a79a-1f08-4e15-b40e-c993307ae066,3.04,false,false,false,near_mint,en,false,USD,2026-07-01T03:22:33.399Z
hi,binder,Oversold Cemetery,DMR,Dominaria Remastered,96,normal,rare,1,77771,06b7312a-c775-4fa8-ba62-c84ff38459e8,3.48,false,false,false,near_mint,en,false,USD,2026-07-01T03:22:33.398Z
hi,binder,Tormod's Crypt,DMR,Dominaria Remastered,235,normal,uncommon,1,77982,752bf493-5839-47e8-95f2-6d8201907428,1.35,false,false,false,near_mint,en,false,USD,2026-07-01T03:22:33.397Z
hi,binder,Plains,DMR,Dominaria Remastered,402,normal,common,1,78103,bac23c5e-a489-4fba-b14f-a968b202ac22,0.26,false,false,false,near_mint,en,false,USD,2026-07-01T03:22:33.396Z
hi,binder,Copy,TSOS,Secrets of Strixhaven Tokens,1,normal,common,1,112610,4e119457-948d-4ef8-8c27-59fa675f766f,0.19,false,false,false,near_mint,en,false,USD,2026-07-01T03:22:33.395Z
hi,binder,Plains,SOS,Secrets of Strixhaven,272,normal,common,7,112144,d85d0f25-a24a-4de0-9b8b-93fb5017bce9,0.18,false,false,false,near_mint,en,false,USD,2026-07-01T03:22:33.394Z
hi,binder,Knockout Maneuver,SOA,Secrets of Strixhaven Mystical Archive,54,normal,uncommon,2,112436,42d90959-b88c-4321-b2af-78ac7aab9909,0.18,false,false,false,near_mint,en,false,USD,2026-07-01T03:22:33.392Z
hi,binder,"Moseo, Vein's New Dean",SOS,Secrets of Strixhaven,91,normal,rare,1,112625,6877180c-22a1-4c4d-9178-316f4c34661b,1.16,false,false,false,near_mint,en,false,USD,2026-07-01T03:22:33.391Z
hi,binder,Thornfist Striker,SOS,Secrets of Strixhaven,164,normal,uncommon,1,112717,f6cb838e-a06a-46ae-a30f-e5192178c1cc,0.14,false,false,false,near_mint,en,false,USD,2026-07-01T03:22:33.390Z
hi,binder,Vibrant Outburst,SOS,Secrets of Strixhaven,240,normal,uncommon,2,112721,f9ba68ef-6efc-4249-8b74-e33f47173902,0.26,false,false,false,near_mint,en,false,USD,2026-07-01T03:22:33.389Z
hi,binder,Teacher's Pest,SOS,Secrets of Strixhaven,238,normal,uncommon,1,112171,eaa358ac-761d-4507-aa15-3d4684027207,0.32,false,false,false,near_mint,en,false,USD,2026-07-01T03:22:33.388Z
hi,binder,Elemental Mascot,SOS,Secrets of Strixhaven,185,normal,common,2,111741,c507eb1c-48e9-4d28-bb2d-71f2a9df9ab0,0.1,false,false,false,near_mint,en,false,USD,2026-07-01T03:22:33.387Z
hi,binder,Inkling Mascot,SOS,Secrets of Strixhaven,196,normal,common,1,111711,6d4a2f39-0e1e-4076-815a-2676a09a1aab,0.08,false,false,false,near_mint,en,false,USD,2026-07-01T03:22:33.386Z
hi,binder,Melancholic Poet,SOS,Secrets of Strixhaven,90,normal,common,2,112696,d8309815-7035-47a5-acf2-2b2ac1e65037,0.15,false,false,false,near_mint,en,false,USD,2026-07-01T03:22:33.385Z
hi,binder,Studious First-Year // Rampant Growth,SOS,Secrets of Strixhaven,162,normal,common,4,111693,24f888dd-785c-4089-a89c-03f9080130ed,0.34,false,false,false,near_mint,en,false,USD,2026-07-01T03:22:33.384Z
hi,binder,Heated Argument,SOS,Secrets of Strixhaven,118,normal,common,3,111679,0038d212-3d95-4f98-8c2e-7b2404d0ced7,0.08,false,false,false,near_mint,en,false,USD,2026-07-01T03:22:33.383Z
hi,binder,Textbook Tabulator,SOS,Secrets of Strixhaven,70,normal,common,3,112615,56f54fee-b48d-4582-8982-ca4c7b8ef553,0.19,false,false,false,near_mint,en,false,USD,2026-07-01T03:22:33.382Z
hi,binder,Dig Site Inventory,SOS,Secrets of Strixhaven,10,normal,common,4,112707,e52464ee-df8b-41ec-af93-4b0eb004383e,0.14,false,false,false,near_mint,en,false,USD,2026-07-01T03:22:33.381Z
hi,binder,Glintwing Invoker,DMR,Dominaria Remastered,52,normal,common,1,78187,f1b26379-0007-450e-9b94-2932eef6ac2c,0.02,false,false,false,near_mint,en,false,USD,2026-07-01T03:22:33.380Z
hi,binder,Krosan Restorer,DMR,Dominaria Remastered,168,normal,common,1,77781,12508498-ecb7-4df9-b83f-87ef3bc2f4e2,0.26,false,false,false,near_mint,en,false,USD,2026-07-01T03:22:33.378Z
hi,binder,Goblin Turncoat,DMR,Dominaria Remastered,87,normal,common,1,77922,5b9e49ee-9103-4340-bf92-f888c722af47,0.09,false,false,false,near_mint,en,false,USD,2026-07-01T03:22:33.377Z
hi,binder,Subterranean Scout,DMR,Dominaria Remastered,143,normal,common,1,78098,b9e6c26c-84f8-46dd-bb32-b3fc57e172c0,0.1,false,false,false,near_mint,en,false,USD,2026-07-01T03:22:33.376Z
hi,binder,Terror,DMR,Dominaria Remastered,103,normal,common,1,78062,a3870eba-4e8f-414d-817c-14ec97f6a93c,0.22,false,false,false,near_mint,en,false,USD,2026-07-01T03:22:33.375Z
hi,binder,Lull,DMR,Dominaria Remastered,169,normal,common,1,77867,3d24540d-28e6-4e49-acd4-216b1ef27e7f,0.18,false,false,false,near_mint,en,false,USD,2026-07-01T03:22:33.374Z
hi,binder,Fireblast,DMR,Dominaria Remastered,119,normal,uncommon,1,78056,a0ab67cc-b553-4451-9cda-0e5fe3303940,1.22,false,false,false,near_mint,en,false,USD,2026-07-01T03:22:33.372Z
hi,binder,High Tide,DMR,Dominaria Remastered,54,normal,uncommon,1,78102,babd2248-5517-4b7b-a159-9a1f7b5583c8,1.63,false,false,false,near_mint,en,false,USD,2026-07-01T03:22:33.371Z
hi,binder,Battle Screech,ONC,Phyrexia: All Will Be One Commander,59,normal,uncommon,1,78675,8577272c-d493-48c3-9a3e-5a6e896da71e,0.26,false,false,false,near_mint,en,false,USD,2026-07-01T03:22:33.370Z
hi,binder,Glory,DMR,Dominaria Remastered,7,normal,rare,1,77960,6b01ebcf-8451-486e-84f6-8e6e1bb9d6e3,0.39,false,false,false,near_mint,en,false,USD,2026-07-01T03:22:33.369Z
hi,binder,Goblin Medics,MOC,March of the Machine Commander,283,normal,common,1,82004,deda9adf-43db-481b-840d-518a12873782,0.16,false,false,false,near_mint,en,false,USD,2026-07-01T03:22:33.367Z
hi,binder,Sheep,TDMR,Dominaria Remastered Tokens,12,normal,common,1,78356,3acb4442-e7e5-482b-9ce8-f1af8069114e,0.13,false,false,false,near_mint,en,false,USD,2026-07-01T03:22:33.365Z
hi,binder,Angel Warrior,TZNR,Zendikar Rising Tokens,1,normal,common,1,54644,91098481-46c2-49bf-8123-e9cab2f22b84,0.39,false,false,false,near_mint,en,false,USD,2026-07-01T03:22:33.364Z
hi,binder,Deliberate,ZNR,Zendikar Rising,56,normal,common,1,54741,c41c0dd0-fef2-4f3c-8f3c-9c9c521b5442,0.22,false,false,false,near_mint,en,false,USD,2026-07-01T03:22:33.363Z
hi,binder,Coralhelm Chronicler,ZNR,Zendikar Rising,54,normal,rare,1,54544,50b54524-8345-4b47-913f-d883a1cbe3a1,0.14,false,false,false,near_mint,en,false,USD,2026-07-01T03:22:33.362Z
hi,binder,Paired Tactician,ZNR,Zendikar Rising,31,normal,uncommon,1,54585,67930e10-4de8-4d40-af27-4a38d35ab16f,0.04,false,false,false,near_mint,en,false,USD,2026-07-01T03:22:33.361Z
hi,binder,Adventure Awaits,ZNR,Zendikar Rising,177,normal,common,1,54776,db50f988-da46-4b9b-9cc5-78497df2df8b,0.12,false,false,false,near_mint,en,false,USD,2026-07-01T03:22:33.360Z
hi,binder,Zof Consumption // Zof Bloodbog,ZNR,Zendikar Rising,132,normal,uncommon,1,54657,98496d5b-1519-4f0c-8b46-0a43be643dfb,0.17,false,false,false,near_mint,en,false,USD,2026-07-01T03:22:33.359Z
hi,binder,Scion of the Swarm,ZNR,Zendikar Rising,121,normal,uncommon,1,54413,043926fe-d25f-40b4-b556-181503434e68,0.09,false,false,false,near_mint,en,false,USD,2026-07-01T03:22:33.358Z
hi,binder,Grotag Night-Runner,ZNR,Zendikar Rising,143,normal,uncommon,1,54419,0568341b-f972-407f-92ce-1b7c9ef742f6,0.1,false,false,false,near_mint,en,false,USD,2026-07-01T03:22:33.357Z
hi,binder,Kabira Outrider,ZNR,Zendikar Rising,18,normal,common,1,54550,53c81719-f820-4674-9cfb-cd5eaf0c1f0d,0.07,false,false,false,near_mint,en,false,USD,2026-07-01T03:22:33.356Z
hi,binder,Swamp,ZNR,Zendikar Rising,273,normal,common,1,54489,26142ae3-5aa1-4b9b-989a-21c0e4e5089d,0.28,false,false,false,near_mint,en,false,USD,2026-07-01T03:22:33.352Z
hi,binder,Glorious Decay,SOS,Secrets of Strixhaven,150,normal,common,1,112657,a335f396-1004-4fee-842a-a35ff6ba17f2,0.16,false,false,false,near_mint,en,false,USD,2026-07-01T03:22:33.351Z
hi,binder,Sneering Shadewriter,SOS,Secrets of Strixhaven,101,normal,common,2,112608,4b4c120e-abe9-4f11-a7e4-bc3f723da4b2,0.15,false,false,false,near_mint,en,false,USD,2026-07-01T03:22:33.350Z
hi,binder,Eager Glyphmage,SOS,Secrets of Strixhaven,11,normal,common,2,112507,bf736de9-9bc4-49df-ae60-672ed4f83f32,0.1,false,false,false,near_mint,en,false,USD,2026-07-01T03:22:33.349Z
hi,binder,Run Behind,SOS,Secrets of Strixhaven,66,normal,common,1,112601,40ecc34b-4cd0-4998-bbf4-7faa6fd3d7e0,0.11,false,false,false,near_mint,en,false,USD,2026-07-01T03:22:33.348Z
hi,binder,Biblioplex Tomekeeper,SOS,Secrets of Strixhaven,247,normal,common,2,111740,bf2efdd9-d2b4-4bea-a5b9-dbb2eee4dfba,0.08,false,false,false,near_mint,en,false,USD,2026-07-01T03:22:33.347Z
hi,binder,Stadium Tidalmage,SOS,Secrets of Strixhaven,232,normal,common,2,112658,a689289e-7141-4950-8a87-82e9bd6846fe,0.07,false,false,false,near_mint,en,false,USD,2026-07-01T03:22:33.346Z
hi,binder,Paradox Surveyor,SOS,Secrets of Strixhaven,208,normal,uncommon,1,112394,d7cb1af2-0302-46ff-8303-ae9d07541a01,0.07,false,false,false,near_mint,en,false,USD,2026-07-01T03:22:33.345Z
hi,binder,Stirring Honormancer,SOS,Secrets of Strixhaven,234,normal,uncommon,1,112709,ee84b04d-78fc-416f-9166-72e5417c3e17,0.12,false,false,false,near_mint,en,false,USD,2026-07-01T03:22:33.344Z
hi,binder,Lumaret's Favor,SOS,Secrets of Strixhaven,153,normal,uncommon,2,111742,c5e7c856-8b71-44e6-8998-0b0b3ff0ef99,0.1,false,false,false,near_mint,en,false,USD,2026-07-01T03:22:33.343Z
hi,binder,Living History,SOS,Secrets of Strixhaven,121,normal,uncommon,1,112569,2028792c-fd60-40d4-bff7-3b82dbe1ffb5,0.1,false,false,false,near_mint,en,false,USD,2026-07-01T03:22:33.342Z
hi,binder,Planar Engineering,SOS,Secrets of Strixhaven,158,normal,rare,2,112391,c83b96a3-ddfd-4d11-8a85-5bf62087cbb9,1.67,false,false,false,near_mint,en,false,USD,2026-07-01T03:22:33.341Z
hi,binder,Armageddon,SOA,Secrets of Strixhaven Mystical Archive,3,normal,mythic,1,112435,41954132-2c71-4b3a-8893-20e0df68a848,8.08,false,false,false,near_mint,en,false,USD,2026-07-01T03:22:33.340Z
hi,binder,Burrog Barrage,SOS,Secrets of Strixhaven,141,normal,common,2,112647,95d5b0a8-2b66-418e-9e5e-ecf7b304c31e,0.14,false,false,false,near_mint,en,false,USD,2026-07-01T03:22:33.339Z
hi,binder,Swamp,SOS,Secrets of Strixhaven,277,normal,common,5,111898,36af939c-11d9-43a5-bd69-c915a62e972b,0.18,false,false,false,near_mint,en,false,USD,2026-07-01T03:22:33.338Z
hi,binder,Pest Mascot,SOS,Secrets of Strixhaven,209,normal,common,2,111751,d882beb9-6766-4818-afbb-f6fd7a2d5b70,0.23,false,false,false,near_mint,en,false,USD,2026-07-01T03:22:33.337Z
hi,binder,Mountain,SOS,Secrets of Strixhaven,270,normal,common,2,111710,6af1f1db-eb91-4297-83f6-9318b87fd220,0.64,false,false,false,near_mint,en,false,USD,2026-07-01T03:22:33.336Z
hi,binder,Lecturing Scornmage,SOS,Secrets of Strixhaven,87,normal,uncommon,1,112663,ad07091e-8c24-43af-8ce8-031847bcaf30,0.19,false,false,false,near_mint,en,false,USD,2026-07-01T03:22:33.335Z
hi,binder,Pick Your Poison,SOA,Secrets of Strixhaven Mystical Archive,55,normal,uncommon,1,112489,a11f1013-d747-4cf2-bbf5-0bd68a949ddf,0.26,false,false,false,near_mint,en,false,USD,2026-07-01T03:22:33.334Z
hi,binder,Conciliator's Duelist,SOS,Secrets of Strixhaven,182,normal,rare,1,111758,e225929b-6197-4550-969e-3c4a97206a68,0.22,false,false,false,near_mint,en,false,USD,2026-07-01T03:22:33.333Z
hi,binder,Tome Blast,SOS,Secrets of Strixhaven,135,normal,common,2,112630,72a3b17d-1e00-48e9-8402-c81bacd595a7,0.11,false,false,false,near_mint,en,false,USD,2026-07-01T03:22:33.332Z
hi,binder,Ulna Alley Shopkeep,SOS,Secrets of Strixhaven,103,normal,common,2,112681,c25e1ae5-f17c-4eee-98f1-5681981af31c,0.06,false,false,false,near_mint,en,false,USD,2026-07-01T03:22:33.330Z
hi,binder,Shattered Acolyte,SOS,Secrets of Strixhaven,31,normal,common,3,111659,dc0517ca-b271-49a1-a286-c20f4e5b9309,0.21,false,false,false,near_mint,en,false,USD,2026-07-01T03:22:33.329Z
hi,binder,Quick Study,SOS,Secrets of Strixhaven,65,normal,common,2,112583,2d4f0bc7-da7c-4749-a24c-b01f3eb5860c,0.19,false,false,false,near_mint,en,false,USD,2026-07-01T03:22:33.328Z
hi,binder,Arcane Omens,SOS,Secrets of Strixhaven,73,normal,uncommon,1,111654,d357d997-9d4e-4ade-81f2-37629853f13a,0.12,false,false,false,near_mint,en,false,USD,2026-07-01T03:22:33.327Z
hi,binder,Horrible Hordes,MIR,Mirage,304,normal,uncommon,1,38286,cf04f2cd-d9f8-4e0c-adaf-6d38bc14dd7a,0.2,false,false,false,near_mint,en,false,USD,2026-07-01T03:22:33.326Z
hi,binder,Chelonian Tackle,SOS,Secrets of Strixhaven,142,normal,uncommon,2,112659,a82a4d8c-4105-4923-85a2-ef58241f725c,0.21,false,false,false,near_mint,en,false,USD,2026-07-01T03:22:33.325Z
hi,binder,Lorehold Charm,SOS,Secrets of Strixhaven,200,normal,uncommon,1,111656,5fe70295-e550-4577-a341-dab6c25aabfd,0.28,false,false,false,near_mint,en,false,USD,2026-07-01T03:22:33.324Z
hi,binder,Elemental,TSOS,Secrets of Strixhaven Tokens,2,normal,common,2,112617,57b98846-85e3-47c7-a903-29953d0b0e8a,0.17,false,false,false,near_mint,en,false,USD,2026-07-01T03:22:33.323Z
hi,binder,Fractal,TSOS,Secrets of Strixhaven Tokens,5,normal,common,2,112640,8b5f1fdb-04df-4224-acb4-7819c37565f5,0.17,false,false,false,near_mint,en,false,USD,2026-07-01T03:22:33.322Z
hi,binder,Titan's Grave,SOS,Secrets of Strixhaven,266,normal,common,1,112068,a9ab41c8-3ee2-4676-9b8b-20c34d9f5f21,0.12,false,false,false,near_mint,en,false,USD,2026-07-01T03:22:33.321Z
hi,binder,Follow the Lumarets,SOS,Secrets of Strixhaven,148,normal,common,1,112719,f9488480-2b6c-40bc-a93e-29fb1292a2e4,0.15,false,false,false,near_mint,en,false,USD,2026-07-01T03:22:33.320Z
hi,binder,Sleight of Hand,SOA,Secrets of Strixhaven Mystical Archive,22,normal,uncommon,2,112686,c837c418-2fe9-4ce8-b76d-c37241579a93,0.3,false,false,false,near_mint,en,false,USD,2026-07-01T03:22:33.319Z
hi,binder,Tenured Concocter,SOS,Secrets of Strixhaven,163,normal,common,3,112592,376c8b7d-1c90-47e1-bd01-e4c67f3fc4fc,0.05,false,false,false,near_mint,en,false,USD,2026-07-01T03:22:33.318Z
hi,binder,Cost of Brilliance,SOS,Secrets of Strixhaven,77,normal,common,1,112594,3a46816b-9f75-4c72-9ec6-cded6a4a0d01,0.16,false,false,false,near_mint,en,false,USD,2026-07-01T03:22:33.317Z
hi,binder,Owlin Historian,SOS,Secrets of Strixhaven,24,normal,common,2,112620,5fe99be0-e1ec-485e-82f8-02eba7b82441,0.09,false,false,false,near_mint,en,false,USD,2026-07-01T03:22:33.316Z
hi,binder,Procrastinate,SOS,Secrets of Strixhaven,64,normal,common,2,111692,1edb449d-620f-4e21-9d76-2c840635eb9d,0.21,false,false,false,near_mint,en,false,USD,2026-07-01T03:22:33.315Z
hi,binder,Zealous Lorecaster,SOS,Secrets of Strixhaven,137,normal,common,1,112590,36ab2130-9f21-4d30-873a-aa72d3d15fa8,0.06,false,false,false,near_mint,en,false,USD,2026-07-01T03:22:33.314Z
hi,binder,Pursue the Past,SOS,Secrets of Strixhaven,216,normal,common,6,112605,4584d5f7-b1f1-4c8e-80c5-ad35e44a968e,0.31,false,false,false,near_mint,en,false,USD,2026-07-01T03:22:33.313Z
hi,binder,"Page, Loose Leaf",SOS,Secrets of Strixhaven,250,normal,common,3,112642,8c6fecfd-8241-4cf0-b1eb-19472b99e0ed,0.18,false,false,false,near_mint,en,false,USD,2026-07-01T03:22:33.312Z
hi,binder,Mind Roots,SOS,Secrets of Strixhaven,203,normal,uncommon,1,112655,9d5fdbda-ebbe-45d6-a668-5ddee057a063,0.23,false,false,false,near_mint,en,false,USD,2026-07-01T03:22:33.311Z
hi,binder,Duel Tactics,SOS,Secrets of Strixhaven,112,normal,uncommon,1,111722,8f3a1675-0cc7-4dfd-a12e-4740a2cf81e8,0.1,false,false,false,near_mint,en,false,USD,2026-07-01T03:22:33.310Z
hi,binder,"Orysa, Tide Choreographer",SOS,Secrets of Strixhaven,62,normal,uncommon,1,112212,010ed379-63f5-452c-9cd4-00d51647c0e3,0.15,false,false,false,near_mint,en,false,USD,2026-07-01T03:22:33.309Z
hi,binder,The Dawning Archaic,SOS,Secrets of Strixhaven,1,normal,mythic,1,111719,7a451985-37e1-44d8-839b-dc1e88df5c96,1.86,false,false,false,near_mint,en,false,USD,2026-07-01T03:22:33.308Z
hi,binder,Coal Stoker,DMR,Dominaria Remastered,114,normal,common,1,77949,67c8578e-052f-4182-9bb1-fb35450d22c0,0.06,false,false,false,near_mint,en,false,USD,2026-07-01T03:22:33.307Z
hi,binder,Twisted Experiment,DMR,Dominaria Remastered,104,normal,common,1,77945,655c26af-2b73-48fd-b7e3-ba217c9853d3,0.12,false,false,false,near_mint,en,false,USD,2026-07-01T03:22:33.304Z
hi,binder,Primal Boost,DMR,Dominaria Remastered,173,normal,common,1,77916,59f93eb0-cb0c-4ee0-8006-3d3c7515d254,0.04,false,false,false,near_mint,en,false,USD,2026-07-01T03:22:33.303Z
hi,binder,Swords to Plowshares,TDC,Tarkir: Dragonstorm Commander,134,normal,uncommon,1,105063,f87cf997-14b5-4a2c-a7d1-34b7de6561a2,1.03,false,false,false,near_mint,en,false,USD,2026-07-01T03:22:33.298Z
hi,binder,Squirrel Nest,BLC,Bloomburrow Commander,239,normal,uncommon,1,96439,bac26044-b41f-4c75-8bc1-26359250d8bc,0.33,false,false,false,near_mint,en,false,USD,2026-07-01T03:22:33.297Z
hi,binder,Triskelion,DMR,Dominaria Remastered,236,normal,rare,1,77848,3151a1d7-bf4a-4615-8bf1-37d1e406a708,0.31,false,false,false,near_mint,en,false,USD,2026-07-01T03:22:33.295Z
hi,binder,Plains,DMR,Dominaria Remastered,403,normal,common,1,77930,5e8b581b-5177-4cea-8021-42f4d21583ad,0.3,false,false,false,near_mint,en,false,USD,2026-07-01T03:22:33.293Z
hi,binder,Goblin,TDMR,Dominaria Remastered Tokens,7,normal,common,1,78365,f9b8316a-ec6d-43de-a1c5-6ef3c5c53146,0.27,false,false,false,near_mint,en,false,USD,2026-07-01T03:22:33.292Z
hi,binder,Savannah Lions,FDN,Foundations,146,normal,uncommon,1,97184,9c9ac1bc-cdf3-4fa6-8319-a7ea164e9e47,0.18,false,false,false,near_mint,en,false,USD,2026-07-01T03:22:33.291Z
hi,binder,Urborg Uprising,DMR,Dominaria Remastered,107,normal,common,1,77892,497dedba-909a-4f1d-8b05-39c512007fbd,0.1,false,false,false,near_mint,en,false,USD,2026-07-01T03:22:33.290Z
hi,binder,Emerald Charm,DMR,Dominaria Remastered,158,normal,common,1,78092,b5862e38-b48b-45e1-b0f6-d1d0d1124e50,0.11,false,false,false,near_mint,en,false,USD,2026-07-01T03:22:33.289Z
hi,binder,Avarax,DMR,Dominaria Remastered,112,normal,common,1,78145,d895ddf9-7d94-411c-ad2e-90d47e51810d,0.07,false,false,false,near_mint,en,false,USD,2026-07-01T03:22:33.288Z
hi,binder,Impulse,DMR,Dominaria Remastered,56,normal,common,1,77873,3ec50625-5e14-4fd0-9a96-86f195342695,0.21,false,false,false,near_mint,en,false,USD,2026-07-01T03:22:33.287Z
hi,binder,Wax // Wane,DMR,Dominaria Remastered,211,normal,uncommon,1,78201,f93b22de-93f3-4f05-8960-fa6a539ea882,0.09,false,false,false,near_mint,en,false,USD,2026-07-01T03:22:33.283Z
hi,binder,Mystic Enforcer,DMR,Dominaria Remastered,192,normal,uncommon,1,77797,187ebb67-1bdd-4a9c-aeeb-554e7580ce24,0.09,false,false,false,near_mint,en,false,USD,2026-07-01T03:22:33.281Z
hi,binder,Pashalik Mons,DMR,Dominaria Remastered,133,normal,rare,1,78125,ca20a650-65b0-4714-b7ce-0481af3db377,3.15,false,false,false,near_mint,en,false,USD,2026-07-01T03:22:33.280Z
hi,binder,Deadwood Treefolk,DMR,Dominaria Remastered,155,normal,uncommon,1,78099,ba393aa0-06d3-4811-85f5-a812c6ac5acf,0.16,false,false,false,near_mint,en,false,USD,2026-07-01T03:22:33.278Z
hi,binder,Swamp,DMR,Dominaria Remastered,406,normal,common,1,77952,689cf978-7492-4bf9-9b20-a91c21008841,0.24,false,false,false,near_mint,en,false,USD,2026-07-01T03:22:33.277Z
hi,binder,Refute,FDN,Foundations,48,normal,common,1,100368,38806934-dd9c-4ad4-a59c-a16dce03a14a,0.26,false,false,false,near_mint,en,false,USD,2026-07-01T03:22:33.276Z
hi,binder,Make Your Move,FDN,Foundations,143,normal,common,1,101546,7368f861-3288-4645-90a7-ca35d6da3721,0.12,false,false,false,near_mint,en,false,USD,2026-07-01T03:22:33.275Z
hi,binder,Crackling Cyclops,FDN,Foundations,83,normal,common,1,101541,6e5b899a-52f7-471b-ad50-4fa6566758fd,0.1,false,false,false,near_mint,en,false,USD,2026-07-01T03:22:33.274Z
hi,binder,Bushwhack,FDN,Foundations,215,normal,common,1,101469,03ebdb36-55e0-49dd-a514-785fbeb4ae19,0.28,false,false,false,near_mint,en,false,USD,2026-07-01T03:22:33.272Z
hi,binder,Reassembling Skeleton,TDC,Tarkir: Dragonstorm Commander,195,normal,uncommon,1,104627,4d431445-d7db-4ce1-b422-41494d9be1b4,0.25,false,false,false,near_mint,en,false,USD,2026-07-01T03:22:33.269Z
hi,binder,Heartfire Immolator,FDN,Foundations,201,normal,uncommon,1,100390,3ca38f4d-01f5-4a02-9000-01261a440dbf,0.19,false,false,false,near_mint,en,false,USD,2026-07-01T03:22:33.268Z
hi,binder,Micromancer,FDN,Foundations,158,normal,uncommon,1,101274,e6af54ea-b57a-4e50-8e46-1747cca14430,0.21,false,false,false,near_mint,en,false,USD,2026-07-01T03:22:33.267Z
hi,binder,Mossborn Hydra,FDN,Foundations,107,normal,rare,1,100661,7054a0d7-396f-40b4-ab24-db591c3b08f0,11.9,false,false,false,near_mint,en,false,USD,2026-07-01T03:22:33.265Z
hi,binder,Incinerating Blast,FDN,Foundations,90,normal,common,1,101603,d58e20ab-c5ca-4295-884d-78efdaa83243,0.1,false,false,false,near_mint,en,false,USD,2026-07-01T03:22:33.264Z
hi,binder,Island,FDN,Foundations,275,normal,common,1,100260,23635e40-d040-40b7-8b98-90ed362aa028,0.23,false,false,false,near_mint,en,false,USD,2026-07-01T03:22:33.263Z
hi,binder,Goblin,TFDN,Foundations Tokens,18,normal,common,2,101544,70f8a1de-cd4c-4afa-bf03-0245d375d42e,,false,false,false,near_mint,en,false,USD,2026-07-01T03:22:33.262Z
hi,binder,Civil Servant,SNC,Streets of New Capenna,176,normal,common,1,67632,1cf5da68-a79b-40a3-93bc-785fb2352b05,0.1,false,false,false,near_mint,en,false,USD,2026-07-01T03:22:33.261Z
hi,binder,Warm Welcome,SNC,Streets of New Capenna,164,normal,common,1,67972,bad9e58e-c9a3-4a0d-9a59-71c20a3275b6,0.15,false,false,false,near_mint,en,false,USD,2026-07-01T03:22:33.259Z
hi,binder,Fatal Grudge,SNC,Streets of New Capenna,187,normal,uncommon,1,68068,ec7de8d6-edad-4845-9868-781351480258,0.17,false,false,false,near_mint,en,false,USD,2026-07-01T03:22:33.257Z
hi,binder,Grisly Sigil,SNC,Streets of New Capenna,82,normal,uncommon,1,67792,6322e12d-b932-4ca1-a51d-e2a928140cc7,0.1,false,false,false,near_mint,en,false,USD,2026-07-01T03:22:33.256Z
hi,binder,Tramway Station,SNC,Streets of New Capenna,356,normal,common,2,67803,688c5428-0ec0-4778-801b-a5ea83c88691,0.15,false,false,false,near_mint,en,false,USD,2026-07-01T03:22:33.254Z
hi,binder,Brokers Charm,SNC,Streets of New Capenna,298,normal,uncommon,1,67599,0aac0943-6c9a-4c65-9d17-3ca0f2ba2340,0.2,false,false,false,near_mint,en,false,USD,2026-07-01T03:22:33.253Z
hi,binder,"Queza, Augur of Agonies",SNC,Streets of New Capenna,326,normal,uncommon,1,67873,8be62891-93fa-4642-ad44-8c8695a9c960,0.22,false,false,false,near_mint,en,false,USD,2026-07-01T03:22:33.252Z
hi,binder,Riveteers Ascendancy,SNC,Streets of New Capenna,216,normal,rare,1,67640,21235916-2379-470c-b9ee-84246043d703,0.6,false,false,false,near_mint,en,false,USD,2026-07-01T03:22:33.251Z
hi,binder,Wave of Rats,NCC,New Capenna Commander,41,normal,rare,1,68128,154dc126-67ca-4759-a424-37f0eb52e1fa,2.94,false,false,false,near_mint,en,false,USD,2026-07-01T03:22:33.250Z
hi,binder,Rabble Rousing,SNC,Streets of New Capenna,24,normal,rare,1,67639,206c8529-56df-4ed9-97bc-6c9b5e2a04c4,1.37,false,false,false,near_mint,en,false,USD,2026-07-01T03:22:33.249Z
hi,binder,Unleash the Inferno,SNC,Streets of New Capenna,337,normal,rare,1,67832,746c267f-ae38-45f4-9dca-8c7278843526,0.21,false,false,false,near_mint,en,false,USD,2026-07-01T03:22:33.248Z
hi,binder,"Evelyn, the Covetous",SNC,Streets of New Capenna,306,normal,rare,1,67842,7abd914b-4f66-4b80-8249-86f2e77f0452,0.33,false,false,false,near_mint,en,false,USD,2026-07-01T03:22:33.247Z
hi,binder,Strongbox Raider,FDN,Foundations,96,normal,uncommon,2,101006,b2223eb8-59f9-489b-a3f3-b6496218cb79,0.17,false,false,false,near_mint,en,false,USD,2026-07-01T03:22:33.266Z
hi,binder,Mogg War Marshal,DMR,Dominaria Remastered,131,normal,common,2,78071,a7f7f39c-94a0-4ccb-b658-23095ada4005,0.18,false,false,false,near_mint,en,false,USD,2026-07-01T03:22:33.279Z
hi,binder,Congregate,DMR,Dominaria Remastered,4,normal,uncommon,2,78018,89396f5e-5bc3-4c8a-976b-2cb2946eb35d,0.24,false,false,false,near_mint,en,false,USD,2026-07-01T03:22:33.282Z
hi,binder,Vigilant Sentry,DMR,Dominaria Remastered,33,normal,common,2,78119,c75772e5-257e-4b08-90a4-492a43f229b3,0.04,false,false,false,near_mint,en,false,USD,2026-07-01T03:22:33.285Z
hi,binder,Renewed Faith,DMR,Dominaria Remastered,23,normal,common,2,78070,a7d66dd3-330f-4b12-81f6-52d7a31013a9,0.14,false,false,false,near_mint,en,false,USD,2026-07-01T03:22:33.305Z
hi,binder,Mindful Biomancer,SOS,Secrets of Strixhaven,154,normal,common,3,112582,2c3a6eb8-ce0c-4dc8-9ed6-d2a9223eef53,0.07,false,false,false,near_mint,en,false,USD,2026-07-01T03:22:33.331Z
hi,binder,Evolving Wilds,FDN,Foundations,262,normal,common,2,100376,3a0b9356-5b91-4542-8802-f0f7275238e1,0.29,false,false,false,near_mint,en,false,USD,2026-07-01T03:22:33.429Z
hi,binder,Cat Warrior,TMH3,Modern Horizons 3 Tokens,5,normal,common,1,95221,ce5c5bcf-1fdd-4d73-a92b-223292da00ca,,false,false,false,near_mint,en,false,USD,2026-07-01T03:23:15.869Z
hi,binder,Reckoner's Bargain,NEO,Kamigawa: Neon Dynasty,120,normal,common,1,66883,6338942d-d650-4571-8ec6-4d658792c53e,1.4,false,false,false,near_mint,en,false,USD,2026-07-01T03:29:14.129Z
hi,binder,Cinderheart Giant,KHM,Kaldheim,126,normal,common,1,57122,e4802e6c-6921-4dac-bf44-7e09d6942b71,0.22,false,false,false,near_mint,en,false,USD,2026-07-01T03:29:14.128Z
hi,binder,Dreadhound,MID,Innistrad: Midnight Hunt,97,normal,uncommon,1,63178,27fd571b-8316-4c60-a042-8bcf4816b126,0.26,false,false,false,near_mint,en,false,USD,2026-07-01T03:29:14.127Z
hi,binder,Burnt Offering,ICE,Ice Age,116,normal,common,1,39693,1dae52a2-3af7-4b97-9d2e-2448b7c413fb,1.73,false,false,false,near_mint,en,false,USD,2026-07-01T03:29:14.126Z
hi,binder,Necropolis Regent,VOC,Crimson Vow Commander,132,normal,mythic,1,64598,9cd548d5-6162-4eff-adfc-69b7e3b45712,0.53,false,false,false,near_mint,en,false,USD,2026-07-01T03:29:14.125Z
hi,binder,Anodet Lurker,5DN,Fifth Dawn,101,normal,common,1,29394,c97773f5-548a-4107-b29c-56b5428d5ddb,0.12,false,false,false,near_mint,en,false,USD,2026-07-01T03:29:14.124Z
hi,binder,Culling the Weak,EXO,Exodus,55,normal,common,1,36281,50c33f18-0a5c-4e46-ab0d-6e450915594f,8.51,false,false,false,near_mint,en,false,USD,2026-07-01T03:29:14.123Z
hi,binder,Victimize,TDC,Tarkir: Dragonstorm Commander,198,normal,uncommon,1,105036,ee008d81-df28-49a8-917d-44f66527e469,2.57,false,false,false,near_mint,en,false,USD,2026-07-01T03:29:14.122Z
hi,binder,Arcane Signet,M3C,Modern Horizons 3 Commander,283,normal,common,1,94711,156a1ca1-e4b1-4e0c-a786-fd80fe189896,0.61,false,false,false,near_mint,en,false,USD,2026-07-01T03:29:14.121Z
hi,binder,Twilight Prophet,LCC,The Lost Caverns of Ixalan Commander,211,normal,mythic,1,88437,41f90e2b-cdbb-4a7c-aba0-c72055b414ed,2.4,false,false,false,near_mint,en,false,USD,2026-07-01T03:29:14.120Z
hi,binder,Witch of the Moors,OTC,Outlaws of Thunder Junction Commander,152,normal,rare,1,93674,6914b30b-24f3-48cb-832f-c1f8510e2c9c,2.06,false,false,false,near_mint,en,false,USD,2026-07-01T03:29:14.119Z
hi,binder,Akki Battle Squad,NEC,Neon Dynasty Commander,18,normal,rare,1,66954,ca624ce6-5b99-41af-8e26-b952f5a30916,4.65,false,false,false,near_mint,en,false,USD,2026-07-01T03:29:14.118Z
hi,binder,Overseer of the Damned,MKC,Murders at Karlov Manor Commander,132,normal,rare,1,90255,0a1a06a4-af73-43e3-a2cd-3a2f0f9b18f0,0.36,false,false,false,near_mint,en,false,USD,2026-07-01T03:29:14.117Z
hi,binder,Triplicate Titan,DRC,Aetherdrift Commander,143,normal,rare,1,102980,36726ee1-b960-4f85-b648-dd3fe0c38e6f,0.38,false,false,false,near_mint,en,false,USD,2026-07-01T03:29:14.116Z
hi,binder,Faithless Looting,OTC,Outlaws of Thunder Junction Commander,165,normal,common,1,93520,1ea23c17-6960-44fd-bae3-e24595b00c22,0.46,false,false,false,near_mint,en,false,USD,2026-07-01T03:29:14.115Z
hi,binder,Phyrexian Triniform,CMM,Commander Masters,969,normal,mythic,1,84779,b55fcddd-e7c8-4f57-8f49-dd86e2d5fe49,1.72,false,false,false,near_mint,en,false,USD,2026-07-01T03:29:14.114Z
hi,binder,Flayer of the Hatebound,C19,Commander 2019,144,normal,rare,1,45790,620e8ec3-aeea-498b-a54a-acd922c4bb60,0.31,false,false,false,near_mint,en,false,USD,2026-07-01T03:29:14.113Z
hi,binder,Butcher of Malakir,LCC,The Lost Caverns of Ixalan Commander,187,normal,rare,1,88739,9d805499-0739-403e-8447-ed2707dc9eb2,0.3,false,false,false,near_mint,en,false,USD,2026-07-01T03:29:14.112Z
hi,binder,Boots of Speed,AFR,Adventures in the Forgotten Realms,133,normal,common,1,60463,db6d9913-3d4f-4f47-ba3a-6586a50ddbd7,0.19,false,false,false,near_mint,en,false,USD,2026-07-01T03:29:14.111Z
hi,binder,Swiftfoot Boots,TDC,Tarkir: Dragonstorm Commander,328,normal,uncommon,1,104473,1969b151-3192-4d35-80ca-c4e180601ec8,2.87,false,false,false,near_mint,en,false,USD,2026-07-01T03:29:14.110Z
hi,binder,Lavaspur Boots,OTJ,Outlaws of Thunder Junction,243,normal,uncommon,1,93392,e50709de-e6ef-4dbc-af1e-290fed279f34,0.98,false,false,false,near_mint,en,false,USD,2026-07-01T03:29:14.109Z
hi,binder,Zephyr Boots,STX,Strixhaven: School of Mages,261,normal,uncommon,1,58089,4d0566fd-3775-48f1-ba22-6e659558c3d3,0.38,false,false,false,near_mint,en,false,USD,2026-07-01T03:29:14.108Z
hi,binder,Trailblazer's Boots,OTC,Outlaws of Thunder Junction Commander,269,normal,uncommon,1,93792,aa05985b-e2cb-412f-a2ad-b8d723d9f451,4.57,false,false,false,near_mint,en,false,USD,2026-07-01T03:29:14.107Z
hi,binder,Ripples of Undeath,MH3,Modern Horizons 3,107,normal,rare,1,94562,a201d1bc-e3fe-4f59-bd48-3683996ac308,5.27,false,false,false,near_mint,en,false,USD,2026-07-01T03:29:14.106Z
hi,binder,Dark Ritual,MB2,Mystery Booster 2,179,normal,common,1,97110,ed01a644-f25c-44ee-aa42-688203032798,6.33,false,false,false,near_mint,en,false,USD,2026-07-01T03:29:14.105Z
hi,binder,Enatu Golem,ROE,Rise of the Eldrazi,217,normal,uncommon,1,21750,74b2e63d-61c6-46e4-9a6f-56653c49b2ea,0.13,false,false,false,near_mint,en,false,USD,2026-07-01T03:29:14.104Z
hi,binder,Su-Chi Cave Guard,BRO,The Brothers' War,249,normal,uncommon,1,75733,bb04dad2-4561-4cef-9cee-80d6f1a44bee,0.16,false,false,false,near_mint,en,false,USD,2026-07-01T03:29:14.103Z
hi,binder,Gray Merchant of Asphodel,DSC,Duskmourn: House of Horror Commander,142,normal,uncommon,1,99034,00d001d0-fd29-4b7c-9d0e-9131b995f910,4.75,false,false,false,near_mint,en,false,USD,2026-07-01T03:29:14.102Z
hi,binder,Terror of Mount Velus,FDN,Foundations,549,normal,rare,1,101500,3959a6c7-d615-4524-b94d-65f4164a2656,1.25,false,false,false,near_mint,en,false,USD,2026-07-01T03:29:14.101Z
hi,binder,Harvester of Souls,E01,Archenemy: Nicol Bolas,34,normal,rare,1,4892,4e10db60-e5a9-4361-b6e8-e6d87c94de84,0.59,false,false,false,near_mint,en,false,USD,2026-07-01T03:29:14.100Z
hi,binder,Songs of the Damned,UMA,Ultimate Masters,115,normal,uncommon,1,43393,9133b267-295d-4987-b1d6-f32a85b66081,3.37,false,false,false,near_mint,en,false,USD,2026-07-01T03:29:14.099Z
hi,binder,Cathartic Reunion,ACR,Assassin's Creed,94,normal,uncommon,1,95375,55aaab05-db3b-4317-ae32-553c76f6bade,0.34,false,false,false,near_mint,en,false,USD,2026-07-01T03:29:14.098Z
hi,binder,Conspiracy,ACR,Assassin's Creed,88,normal,rare,1,95249,fa3cbcbb-d865-42df-88e1-0c9bd24b5c79,0.45,false,false,false,near_mint,en,false,USD,2026-07-01T03:29:14.097Z
hi,binder,Grim Reaper's Sprint,PIP,Fallout,386,normal,rare,1,91931,1c775f4f-90a5-413a-9838-c7328f5752dd,3.22,false,false,false,near_mint,en,false,USD,2026-07-01T03:29:14.096Z
hi,binder,Barrow-Blade,LTR,The Lord of the Rings: Tales of Middle-earth,688,normal,uncommon,1,86825,ef16051e-e52a-4cc9-bfa3-675f85f2cf8b,0.37,false,false,false,near_mint,en,false,USD,2026-07-01T03:29:14.095Z
hi,binder,"Éomer, Marshal of Rohan",LTR,The Lord of the Rings: Tales of Middle-earth,571,normal,rare,1,86851,fba68512-f536-4961-9e24-563270b5f5f4,2.37,false,false,false,near_mint,en,false,USD,2026-07-01T03:29:14.094Z
hi,binder,"The Balrog, Durin's Bane",LTR,The Lord of the Rings: Tales of Middle-earth,646,normal,rare,1,86427,318137eb-48c6-4eeb-9908-76ca6e26b8bf,4.59,false,false,false,near_mint,en,false,USD,2026-07-01T03:29:14.093Z
hi,binder,Chaos Defiler,40K,"Warhammer 40,000 Commander",110,normal,rare,1,72294,1c0f2873-5849-4cab-855a-2fbbc41dbb6c,7.54,false,false,false,near_mint,en,false,USD,2026-07-01T03:29:14.092Z
hi,binder,Talisman of Indulgence,40K,"Warhammer 40,000 Commander",257,normal,uncommon,1,72309,2844e7be-32d2-41dd-9a03-eab9fd09bf14,3.85,false,false,false,near_mint,en,false,USD,2026-07-01T03:29:14.091Z
hi,binder,"Moraug, Fury of Akoum",ZNR,Zendikar Rising,300,normal,mythic,1,54695,aecfbd48-7da0-4b44-b9a2-d31412f65eb1,7.05,false,false,false,near_mint,en,false,USD,2026-07-01T03:29:14.089Z
hi,binder,Macabre Waltz,FDN,Foundations,177,normal,common,1,101509,4d1f3c84-89ba-4426-a80b-d524f172c912,0.27,false,false,false,near_mint,en,false,USD,2026-07-02T00:51:47.699Z
hi,binder,Cackling Prowler,FDN,Foundations,101,normal,common,1,101481,1bd8e971-c075-4203-8d83-c28f22d4f9b9,0.1,false,false,false,near_mint,en,false,USD,2026-07-02T00:51:47.698Z
hi,binder,Sanguine Syphoner,FDN,Foundations,68,normal,common,2,101582,b1daf5bb-c8e9-4e79-a532-ca92a9a885cd,0.21,false,false,false,near_mint,en,false,USD,2026-07-02T00:51:47.693Z
hi,binder,Icewind Elemental,FDN,Foundations,42,normal,common,2,101629,fd0eba76-3829-408b-828f-0b223c884728,0.14,false,false,false,near_mint,en,false,USD,2026-07-02T00:51:47.692Z
hi,binder,"Tatyova, Benthic Druid",FDN,Foundations,247,normal,uncommon,1,101301,eabc978a-0666-472d-bdc6-d4b29d29eca4,0.25,false,false,false,near_mint,en,false,USD,2026-07-02T00:51:47.691Z
hi,binder,Reclamation Sage,FDN,Foundations,231,normal,uncommon,1,100197,1918ea65-ab7f-4d40-97fd-a656c892a2a1,0.28,false,false,false,near_mint,en,false,USD,2026-07-02T00:51:47.690Z
hi,binder,Curator of Destinies,FDN,Foundations,34,normal,rare,1,100908,9ff79da7-c3f7-4541-87a0-503544c699b5,0.16,false,false,false,near_mint,en,false,USD,2026-07-02T00:51:47.688Z
hi,binder,Sower of Chaos,FDN,Foundations,95,normal,common,2,101556,7ff50606-491c-4946-8d03-719b01cfad77,0.1,false,false,false,near_mint,en,false,USD,2026-07-02T00:51:47.687Z
hi,binder,Wind-Scarred Crag,FDN,Foundations,271,normal,common,1,100684,759e99df-11a8-4aee-b6bc-344e84e10d94,0.3,false,false,false,near_mint,en,false,USD,2026-07-02T00:51:47.686Z
hi,binder,Faerie,TFDN,Foundations Tokens,9,normal,common,1,101600,d1c0556e-ba3c-4a8e-b704-8eaa7c4dba1c,,false,false,false,near_mint,en,false,USD,2026-07-02T00:51:47.685Z
hi,binder,Swamp,LTR,The Lord of the Rings: Tales of Middle-earth,276,normal,common,1,83333,9b5f68bc-1842-4efd-b85a-d897cfd63bde,0.98,false,false,false,near_mint,en,false,USD,2026-09-18T18:31:08.942Z
hi,binder,Eagle of the Great Shelf,HOB,The Hobbit,11,normal,uncommon,1,114895,3feca644-5f65-4477-bbc8-d505cec6f3a5,0.13,false,false,false,near_mint,en,false,USD,2026-09-18T18:31:08.944Z
hi,binder,Long Lake Nuisance,HOB,The Hobbit,45,normal,common,1,115240,cd5af94d-6321-4834-8e5f-e5d0261b3ef3,0.07,false,false,false,near_mint,en,false,USD,2026-09-18T18:31:08.945Z
hi,binder,Goblin-town,HOB,The Hobbit,183,normal,common,1,115088,d76df9d0-56cf-4351-a5e8-e6ae6fc791d1,0.2,false,false,false,near_mint,en,false,USD,2026-09-18T18:31:08.946Z
hi,binder,Lakeshore Apothecary,HOB,The Hobbit,43,normal,common,1,115223,abfbb255-a39b-4df5-bfb6-5298584e89f0,0.12,false,false,false,near_mint,en,false,USD,2026-09-18T18:31:08.947Z
hi,binder,Mirkwood Nurturer,HOB,The Hobbit,160,normal,common,1,115061,704b45e4-566e-40f6-a33a-9151018b44e5,0.13,false,false,false,near_mint,en,false,USD,2026-09-18T18:31:08.948Z
hi,binder,Esgaroth Garrison,HOB,The Hobbit,13,normal,common,1,115177,573f67b0-6ce8-4857-a703-4a5728640736,0.11,false,false,false,near_mint,en,false,USD,2026-09-18T18:31:08.950Z
hi,binder,Island,HOB,The Hobbit,195,normal,common,1,112927,739aaaac-c424-4ea7-a084-62a6fc0438b0,0.3,false,false,false,near_mint,en,false,USD,2026-09-18T18:31:08.951Z
hi,binder,"Smaug, Wicked Worm",HOB,The Hobbit,164,normal,rare,1,115042,19cc91f0-e724-41ac-b6d8-9a293bd63b42,1.23,false,false,false,near_mint,en,false,USD,2026-09-18T18:31:08.952Z
hi,binder,Old Fat Spider Can't See Me,HOB,The Hobbit,50,normal,uncommon,2,115175,4a865cea-f947-4736-8ace-ba478fceeb22,0.19,false,false,false,near_mint,en,false,USD,2026-09-18T18:31:08.953Z
hi,binder,Plunder the Trollshaws,HOB,The Hobbit,51,normal,common,1,115074,afb73190-b9bd-4744-a011-a37cd9c0148d,0.15,false,false,false,near_mint,en,false,USD,2026-09-18T18:31:08.954Z
hi,binder,Patient Instructor,HOB,The Hobbit,162,normal,common,2,115091,e4800508-8bb9-41bb-8712-b55fba7a80a5,0.14,false,false,false,near_mint,en,false,USD,2026-09-18T18:31:08.955Z
hi,binder,Island,HOB,The Hobbit,190,normal,common,1,115083,c6aa89a8-3584-4906-b9a9-41ef2f021f8e,0.17,false,false,false,near_mint,en,false,USD,2026-09-18T18:31:08.956Z
hi,binder,Boughside Wanderers,HOB,The Hobbit,121,normal,common,2,115196,71bec005-2925-4944-be16-2cc5eb30f5d6,0.15,false,false,false,near_mint,en,false,USD,2026-09-18T18:31:08.960Z
hi,binder,Boggart Prankster,ECL,Lorwyn Eclipsed,93,normal,common,1,110861,eb228ea6-9235-4093-aea7-708e743b1b44,0.12,false,false,false,near_mint,en,false,USD,2026-09-18T18:31:08.964Z
hi,binder,Deepway Navigator,ECL,Lorwyn Eclipsed,214,normal,rare,1,110416,d988e28b-fa60-4b60-8229-7a15932c784b,0.2,false,false,false,near_mint,en,false,USD,2026-09-18T18:31:08.965Z
hi,binder,Noggle Robber,ECL,Lorwyn Eclipsed,237,normal,uncommon,1,110671,0082ca96-10f3-4823-be16-117556b2afc3,0.16,false,false,false,near_mint,en,false,USD,2026-09-18T18:31:08.966Z
hi,binder,Boggart Cursecrafter,ECL,Lorwyn Eclipsed,331,normal,uncommon,2,110809,a942f56d-69ee-4151-baae-9a718ff6e7b6,0.36,false,false,false,near_mint,en,false,USD,2026-09-18T18:31:08.970Z
hi,binder,Wildvine Pummeler,ECL,Lorwyn Eclipsed,203,normal,common,2,110689,11bad5c7-fe9a-4d89-a531-8d4f03d5a0e4,0.09,false,false,false,near_mint,en,false,USD,2026-09-18T18:31:08.973Z
hi,binder,Shore Lurker,ECL,Lorwyn Eclipsed,34,normal,common,1,110605,bb353c27-e311-4677-9277-cab6820562ce,0.08,false,false,false,near_mint,en,false,USD,2026-09-18T18:31:08.974Z
hi,binder,Eclipsed Boggart,ECL,Lorwyn Eclipsed,217,normal,uncommon,1,110678,0ac1d0b2-92a4-4a10-b2d1-e9bb90265cc3,0.2,false,false,false,near_mint,en,false,USD,2026-09-18T18:31:08.975Z
hi,binder,Champion of the Clachan,ECL,Lorwyn Eclipsed,9,normal,rare,1,110334,46ce3474-381c-433b-acd8-4e628d0048d2,0.16,false,false,false,near_mint,en,false,USD,2026-09-18T18:31:08.980Z
hi,binder,"Abigale, Eloquent First-Year",ECL,Lorwyn Eclipsed,204,normal,rare,1,110404,bf708169-a307-494b-b8d8-baae53b2e2f2,0.28,false,false,false,near_mint,en,false,USD,2026-09-18T18:31:08.981Z
hi,binder,Sourbread Auntie,ECL,Lorwyn Eclipsed,158,normal,uncommon,1,110471,32fd226f-d1c6-432c-b846-9482f1944363,0.28,false,false,false,near_mint,en,false,USD,2026-09-18T18:31:08.986Z
hi,binder,Kithkeeper,ECL,Lorwyn Eclipsed,23,normal,uncommon,1,110865,ef29eff7-72be-46e6-9275-0f0a44d29233,0.12,false,false,false,near_mint,en,false,USD,2026-09-18T18:31:08.987Z
hi,binder,Tributary Vaulter,ECL,Lorwyn Eclipsed,40,normal,common,1,110802,a1db2c83-41d1-4cc6-b9a3-fed504b01127,0.1,false,false,false,near_mint,en,false,USD,2026-09-18T18:31:08.990Z
hi,binder,Tweeze,ECL,Lorwyn Eclipsed,162,normal,common,1,110483,3ceab0e6-1bb8-487d-ab4b-2da8457b970a,0.14,false,false,false,near_mint,en,false,USD,2026-09-18T18:31:08.991Z
hi,binder,Gravelgill Scoundrel,ECL,Lorwyn Eclipsed,53,normal,common,1,110713,320bc30c-7a8a-411a-9f36-9c69126e131b,0.12,false,false,false,near_mint,en,false,USD,2026-09-18T18:31:08.993Z
hi,binder,Eclipsed Merrow,ECL,Lorwyn Eclipsed,339,normal,uncommon,1,110738,45d96555-4976-49d1-b529-09cc7ca37cd3,0.16,false,false,false,near_mint,en,false,USD,2026-09-18T18:31:08.996Z
hi,binder,Twinflame Travelers,ECL,Lorwyn Eclipsed,345,normal,uncommon,1,110806,a422ae59-abb6-423d-8400-670196560920,0.35,false,false,false,near_mint,en,false,USD,2026-09-18T18:31:08.998Z
hi,binder,Thoughtweft Charge,ECL,Lorwyn Eclipsed,198,normal,uncommon,1,110695,19cfc015-b6d5-4918-99a7-990209e77441,0.11,false,false,false,near_mint,en,false,USD,2026-09-18T18:31:09.005Z
hi,binder,Trystan's Command,ECL,Lorwyn Eclipsed,344,normal,rare,1,110816,aefed846-e367-4940-842f-b504c71d0a53,0.86,false,false,false,near_mint,en,false,USD,2026-09-18T18:31:09.012Z
hi,binder,Bristlebane Battler,ECL,Lorwyn Eclipsed,325,normal,rare,1,110527,7028368a-5711-416c-b5d9-874ef373335d,0.49,false,false,false,near_mint,en,false,USD,2026-09-18T18:31:09.013Z
hi,binder,"Brigid, Clachan's Heart // Brigid, Doun's Mind",ECL,Lorwyn Eclipsed,285,normal,rare,1,110781,887002ae-794b-427c-9f98-e909b22313d9,1.74,false,false,false,near_mint,en,false,USD,2026-09-18T18:31:09.014Z
hi,binder,Subterfuge,ECC,Lorwyn Eclipsed Commander,6,normal,rare,1,110668,fdbf0034-c28a-44ed-b817-519b2a3df3c4,0.25,false,false,false,near_mint,en,false,USD,2026-09-18T18:31:09.015Z
hi,binder,Appeal to Eirdu,ECL,Lorwyn Eclipsed,5,normal,common,1,110356,68ce9752-21f9-48e9-bf48-7f76f1cecbc5,0.11,false,false,false,near_mint,en,false,USD,2026-09-18T18:31:09.016Z
hi,binder,Champions of the Perfect,ECL,Lorwyn Eclipsed,171,normal,rare,1,110340,4f359211-8be5-4818-b73c-14f24b7ddb21,1.35,false,false,false,near_mint,en,false,USD,2026-09-18T18:31:09.017Z
hi,binder,Ashling's Command,ECL,Lorwyn Eclipsed,330,normal,rare,1,108945,201c73b6-368f-4dac-b034-49c6aa6408ff,1.44,false,false,false,near_mint,en,false,USD,2026-09-18T18:31:09.019Z
hi,binder,Champion of the Weird,ECL,Lorwyn Eclipsed,95,normal,rare,1,110421,e600dd01-65ac-489c-a52a-decbc3a9a4f3,0.34,false,false,false,near_mint,en,false,USD,2026-09-18T18:31:09.020Z
hi,binder,Sodden Verdure,SOC,Secrets of Strixhaven Commander,406,normal,rare,1,111931,4fe29050-54cd-44d7-90a9-b34cfff8ef93,0.4,false,false,false,near_mint,en,false,USD,2026-09-18T18:31:09.021Z
hi,binder,Elder Auntie,ECL,Lorwyn Eclipsed,133,normal,common,1,110370,84678e98-2258-4ea1-aaf0-8ac4cc2ecf8d,0.18,false,false,false,near_mint,en,false,USD,2026-09-18T18:31:09.023Z
hi,binder,Twilight Diviner,ECL,Lorwyn Eclipsed,315,normal,rare,1,110733,40e615a7-93a9-4753-a96c-a18237ab240b,3.27,false,false,false,near_mint,en,false,USD,2026-09-18T18:31:09.027Z
hi,binder,Swamp,MID,Innistrad: Midnight Hunt,272,normal,common,1,63310,77ba59d8-c13c-4966-845f-c090e9f061cb,1.25,false,false,false,near_mint,en,false,USD,2026-09-18T18:31:09.033Z
hi,binder,Unbury,ECL,Lorwyn Eclipsed,123,normal,uncommon,1,110819,b00766db-4109-4225-a62a-fa12fd526970,0.26,false,false,false,near_mint,en,false,USD,2026-09-18T18:31:09.034Z
hi,binder,Morcant's Loyalist,ECL,Lorwyn Eclipsed,341,normal,uncommon,1,110832,c157b97e-905e-4c68-b6ae-9c43caa7c6e7,0.35,false,false,false,near_mint,en,false,USD,2026-09-18T18:31:09.035Z
hi,binder,Formidable Speaker,ECL,Lorwyn Eclipsed,176,normal,rare,1,109145,265522eb-4f6a-40e7-b374-3833fa63c80b,8.95,false,false,false,near_mint,en,false,USD,2026-09-18T18:31:09.036Z
hi,binder,Aberrant Return,ECC,Lorwyn Eclipsed Commander,7,normal,rare,1,110582,a27a3d4b-caa7-4c5e-b1f3-aa607d3b157d,0.22,false,false,false,near_mint,en,false,USD,2026-09-18T18:31:09.038Z
hi,binder,Swamp,AKH,Amonkhet,263,normal,common,1,5422,6be28351-642c-4ed1-9041-e99ecb79cba8,0.16,false,false,false,near_mint,en,false,USD,2026-09-18T18:31:09.042Z
hi,binder,Darkness Descends,ECL,Lorwyn Eclipsed,97,normal,uncommon,1,110839,c8aa3895-df83-4f8e-9e23-1a665614b662,0.25,false,false,false,near_mint,en,false,USD,2026-09-18T18:31:09.043Z
hi,binder,"Lluwen, Imperfect Naturalist",ECL,Lorwyn Eclipsed,232,normal,rare,1,110690,127a30a6-c25a-448a-a242-dc04f273a854,0.29,false,false,false,near_mint,en,false,USD,2026-09-18T18:31:09.047Z
hi,binder,Gloom Ripper,ECL,Lorwyn Eclipsed,102,normal,rare,1,110860,e9ee5d4f-05d1-4e3a-b8d6-f22d0fddedf7,0.28,false,false,false,near_mint,en,false,USD,2026-09-18T18:31:09.054Z
hi,binder,Morcant's Eyes,ECL,Lorwyn Eclipsed,185,normal,uncommon,1,110585,a730b254-ff7c-4f89-a559-b44ad7fd6c6c,0.27,false,false,false,near_mint,en,false,USD,2026-09-18T18:31:09.055Z
hi,binder,Vinebred Brawler,ECL,Lorwyn Eclipsed,201,normal,uncommon,1,110353,63c573fe-e74c-48ca-ad05-92f37dc466f1,0.12,false,false,false,near_mint,en,false,USD,2026-09-18T18:31:09.056Z
hi,binder,Bitterblossom,SPG,Special Guests,133,normal,mythic,1,110338,4c2fd7bd-6528-453b-b55d-a708967b14e8,32.33,false,false,false,near_mint,en,false,USD,2026-09-18T18:31:09.059Z
hi,binder,Dawnhand Eulogist,ECL,Lorwyn Eclipsed,99,normal,common,2,110536,75a97f69-f3dc-4d33-8008-c1f1a7c15a2f,0.18,false,false,false,near_mint,en,false,USD,2026-09-18T18:31:08.940Z
hi,binder,Master's Councillors,HOB,The Hobbit,47,normal,uncommon,3,114932,addcefdd-e012-4adf-9052-e60376a8d2d3,0.16,false,false,false,near_mint,en,false,USD,2026-09-18T18:31:08.943Z
hi,binder,Rage into the Valley,HOB,The Hobbit,79,normal,common,2,115104,8651958c-3b94-47a9-a751-faf8f6236a42,0.15,false,false,false,near_mint,en,false,USD,2026-09-18T18:31:08.957Z
hi,binder,Stony-Voiced Goblins,HOB,The Hobbit,85,normal,common,2,115194,6fcc3699-b475-4612-884d-81bd4f21e9c1,0.13,false,false,false,near_mint,en,false,USD,2026-09-18T18:31:08.959Z
hi,binder,Iron-Shield Elf,ECL,Lorwyn Eclipsed,108,normal,uncommon,2,110383,9e0140b2-0185-4adb-b365-2611ce89a0e2,0.34,false,false,false,near_mint,en,false,USD,2026-09-18T18:31:09.006Z
hi,binder,Unforgiving Aim,ECL,Lorwyn Eclipsed,200,normal,common,3,110680,0bef3905-24f8-419b-aeca-396adfc6d0dc,0.14,false,false,false,near_mint,en,false,USD,2026-09-18T18:31:09.009Z
hi,binder,Command Bridge,EOE,Edge of Eternities,252,normal,common,1,106926,247670d2-a7cd-4ed7-9c77-704c7962b815,0.28,false,false,false,near_mint,en,false,USD,2026-09-18T18:37:03.733Z
hi,binder,Kyoshi Village,TLA,Avatar: The Last Airbender,271,normal,common,1,109487,8d5f3008-2af8-4e81-8847-1c91f524e747,0.23,false,false,false,near_mint,en,false,USD,2026-09-18T18:37:03.734Z
hi,binder,Evolving Wilds,TDM,Tarkir: Dragonstorm,255,normal,common,1,104685,62209251-4118-4843-895b-46afb7284c75,0.19,false,false,false,near_mint,en,false,USD,2026-09-18T18:37:03.735Z
hi,binder,Winding Way,OTC,Outlaws of Thunder Junction Commander,213,normal,common,1,93874,d3340062-3071-4d8e-98f8-fd3343a011ad,6.97,false,false,false,near_mint,en,false,USD,2026-09-18T18:37:03.736Z
hi,binder,Group Project,SOS,Secrets of Strixhaven,17,normal,uncommon,2,112305,e8abc1eb-6225-4b18-8502-b5324b818aed,0.17,false,false,false,near_mint,en,false,USD,2026-09-18T22:04:06.880Z
hi,binder,Rehearsed Debater,SOS,Secrets of Strixhaven,29,normal,common,2,112724,fc6a1425-6733-42a2-94d9-605966398092,0.03,false,false,false,near_mint,en,false,USD,2026-09-18T22:04:06.881Z
hi,binder,Tablet of Discovery,SOS,Secrets of Strixhaven,132,normal,uncommon,1,112565,13059664-a940-4a66-8100-0c90b884bab4,1.88,false,false,false,near_mint,en,false,USD,2026-09-18T22:04:06.882Z
hi,binder,Ancestral Anger,SOS,Secrets of Strixhaven,106,normal,common,2,112627,6c5a93d6-d4ab-4062-bb3c-1b5330bf15ad,0.19,false,false,false,near_mint,en,false,USD,2026-09-18T22:04:06.883Z
hi,binder,Tackle Artist,SOS,Secrets of Strixhaven,133,normal,common,3,112672,b87e2474-98c1-4c1a-91ed-340b72d31653,0.1,false,false,false,near_mint,en,false,USD,2026-09-18T22:04:06.884Z
hi,binder,Rancorous Archaic,SOS,Secrets of Strixhaven,2,normal,common,2,111695,2565e16a-ed31-4867-adb8-f1633d580397,0.07,false,false,false,near_mint,en,false,USD,2026-09-18T22:04:06.887Z
hi,binder,Honorbound Page // Forum's Favor,SOS,Secrets of Strixhaven,19,normal,common,2,112633,79a70863-860f-4a7b-9cb2-d3546b689d44,0.09,false,false,false,near_mint,en,false,USD,2026-09-18T22:04:06.888Z
hi,binder,Grave Researcher // Reanimate,SOS,Secrets of Strixhaven,85,normal,rare,1,111721,8b1e10e8-ea14-4761-910b-4072e2a18456,1.82,false,false,false,near_mint,en,false,USD,2026-09-18T22:04:06.889Z
hi,binder,"Nita, Forum Conciliator",SOS,Secrets of Strixhaven,206,normal,rare,1,112540,fd80a87d-35d3-4ad1-8172-c85e93032d1d,0.19,false,false,false,near_mint,en,false,USD,2026-09-18T22:04:06.890Z
hi,binder,Swamp,SOS,Secrets of Strixhaven,276,normal,common,3,111936,51fe930f-2b5a-4b1e-9007-6ee74fb44715,0.22,false,false,false,near_mint,en,false,USD,2026-09-18T22:04:06.892Z
hi,binder,Scolding Administrator,SOS,Secrets of Strixhaven,224,normal,uncommon,1,112626,69757177-aefa-44a6-81db-5ae9b5d2f117,0.19,false,false,false,near_mint,en,false,USD,2026-09-18T22:04:06.893Z
hi,binder,Snooping Page,SOS,Secrets of Strixhaven,227,normal,uncommon,2,112459,73d06987-8686-461b-b260-9a4fee6a3b32,0.18,false,false,false,near_mint,en,false,USD,2026-09-18T22:04:06.895Z
hi,binder,"Gollum, Silent Slinker // Meager Meal",HOB,The Hobbit,71,normal,common,1,115060,6cfaa182-3fec-4907-8814-b4d29c33cec3,0.17,false,false,false,near_mint,en,false,USD,2026-09-18T22:04:06.897Z
hi,binder,Large Bear,HOB,The Hobbit,159,normal,uncommon,1,115049,50202288-f433-4b56-8f60-349bda7b4f6b,0.23,false,false,false,near_mint,en,false,USD,2026-09-18T22:04:06.903Z
hi,binder,Crude Bent Blade,HOB,The Hobbit,63,normal,common,2,115116,fa8fd3c4-bd00-485d-80b1-2b67f5786fce,0.14,false,false,false,near_mint,en,false,USD,2026-09-18T22:04:06.907Z
hi,binder,"Galion, Elvenking's Butler",HOB,The Hobbit,125,normal,uncommon,1,114979,985bd676-58c4-42c7-a570-1b413e9aa94c,0.15,false,false,false,near_mint,en,false,USD,2026-09-18T22:04:06.908Z
hi,binder,Part in Friendship,HOB,The Hobbit,134,normal,rare,1,114889,b4ff1eac-6d97-40ab-9b7c-c2fdca0917d9,0.31,false,false,false,near_mint,en,false,USD,2026-09-18T22:04:06.912Z
hi,binder,Attercop,HOB,The Hobbit,116,normal,common,1,115206,81263d5d-e402-4813-9458-161112da27ab,0.16,false,false,false,near_mint,en,false,USD,2026-09-18T22:04:06.913Z
hi,binder,Supper for Spiders,HOB,The Hobbit,86,normal,rare,1,114811,5b25e454-06bb-43ca-9a9f-57164f7a70c4,0.36,false,false,false,near_mint,en,false,USD,2026-09-18T22:04:06.914Z
hi,binder,Beorn the Fierce,HOB,The Hobbit,119,normal,mythic,1,114893,367d5f8b-77ee-47f7-bc71-972d62c280a9,5.73,false,false,false,near_mint,en,false,USD,2026-09-18T22:04:06.915Z
hi,binder,Wood Elves,HOB,The Hobbit,142,normal,common,1,112913,2476e42b-b209-4207-8ed9-cb668f89b218,0.25,false,false,false,near_mint,en,false,USD,2026-09-18T22:04:06.918Z
hi,binder,Nasty Little Rabbit,HOB,The Hobbit,130,normal,uncommon,1,115030,96bc7d25-2828-478a-8fe5-a1f4ede8c9c0,0.26,false,false,false,near_mint,en,false,USD,2026-09-18T22:04:06.920Z
hi,binder,Great Fierce Bee,HOB,The Hobbit,73,normal,common,1,115215,9d9ef88f-d208-4788-9553-cd672b3be1fe,0.18,false,false,false,near_mint,en,false,USD,2026-09-18T22:04:06.922Z
hi,binder,Bejeweled Warg,HOB,The Hobbit,117,normal,rare,1,115115,e95eba5c-e0d6-46b4-a0be-8e373b2185ea,0.36,false,false,false,near_mint,en,false,USD,2026-09-18T22:04:06.924Z
hi,binder,Beorn's Hospitality,HOB,The Hobbit,120,normal,uncommon,1,114968,153ca57e-30f0-4ad7-ae9d-c55cbf0fd4c9,0.25,false,false,false,near_mint,en,false,USD,2026-09-18T22:04:06.925Z
hi,binder,Nighthowl Pursuer,HOB,The Hobbit,78,normal,uncommon,1,114959,d3cbe830-7e95-4019-89c4-cfb36bcf00f8,0.31,false,false,false,near_mint,en,false,USD,2026-09-18T22:04:06.927Z
hi,binder,Old Fat Spider,HOB,The Hobbit,132,normal,uncommon,1,115033,e0c0f842-40fe-4776-a988-a35216bcfd47,0.17,false,false,false,near_mint,en,false,USD,2026-09-18T22:04:06.928Z
hi,binder,Well-Worn Spatula,HOB,The Hobbit,180,normal,common,1,115055,659b687f-4068-496f-81b2-7b606bf07ec1,0.13,false,false,false,near_mint,en,false,USD,2026-09-18T22:04:06.933Z
hi,binder,Swiftwater Cliffs,FDN,Foundations,268,normal,common,1,101389,fb88667d-7088-4889-960f-317486ebe856,0.23,false,false,false,near_mint,en,false,USD,2026-09-18T22:04:06.936Z
hi,binder,Omniscience,FDN,Foundations,161,normal,mythic,1,95588,d33d91d0-1506-45e4-9def-975bf901815e,6.19,false,false,false,near_mint,en,false,USD,2026-09-18T22:04:06.938Z
hi,binder,"Krenko, Mob Boss",FDN,Foundations,204,normal,rare,1,100750,824b2d73-2151-4e5e-9f05-8f63e2bdcaa9,2.73,false,false,false,near_mint,en,false,USD,2026-09-18T22:04:06.939Z
hi,binder,Rune-Sealed Wall,FDN,Foundations,49,normal,uncommon,1,101212,da0f147b-95ed-4f32-9b46-6a633ae31976,0.25,false,false,false,near_mint,en,false,USD,2026-09-18T22:04:06.940Z
hi,binder,Vampire Gourmand,FDN,Foundations,74,normal,uncommon,1,100827,917514c0-9cd5-4b97-85b9-c4f753560ad4,0.27,false,false,false,near_mint,en,false,USD,2026-09-18T22:04:06.941Z
hi,binder,Brazen Scourge,FDN,Foundations,191,normal,uncommon,1,101616,eb84b86c-3276-4fc1-a09d-47de388cb729,0.07,false,false,false,near_mint,en,false,USD,2026-09-18T22:04:06.942Z
hi,binder,Apothecary Stomper,FDN,Foundations,99,normal,common,1,101537,680b7b0c-0e1b-46ce-9917-9fc6e05aa148,0.12,false,false,false,near_mint,en,false,USD,2026-09-18T22:04:06.945Z
hi,binder,Burglar Rat,FDN,Foundations,170,normal,common,1,101608,de1c8758-ce3d-49cf-8173-c0eb46f5e7bc,0.29,false,false,false,near_mint,en,false,USD,2026-09-18T22:04:06.946Z
hi,binder,Dazzling Angel,FDN,Foundations,9,normal,common,1,101468,027dc444-e544-4693-8653-3dcdda530162,0.29,false,false,false,near_mint,en,false,USD,2026-09-18T22:04:06.948Z
hi,binder,Erudite Wizard,FDN,Foundations,37,normal,common,1,100835,9273c417-0fcd-4273-b24e-afff76336d0c,0.11,false,false,false,near_mint,en,false,USD,2026-09-18T22:04:06.949Z
hi,binder,Sledge-Class Seedship,EOE,Edge of Eternities,208,normal,rare,1,107562,dc0cb4b6-cc20-49ea-84b2-2f3af3b0a19e,0.33,false,false,false,near_mint,en,false,USD,2026-09-18T22:04:06.953Z
hi,binder,Specimen Freighter,EOE,Edge of Eternities,76,normal,uncommon,1,107526,b862a9f8-2361-4220-99bd-ae2530905195,0.18,false,false,false,near_mint,en,false,USD,2026-09-18T22:04:06.955Z
hi,binder,Helping Hand,SOA,Secrets of Strixhaven Mystical Archive,5,normal,uncommon,3,112526,da5e29a8-a8fb-452b-9973-61ad613f9907,0.33,false,false,false,near_mint,en,false,USD,2026-09-18T22:04:06.965Z
hi,binder,Fields of Strife,SOS,Secrets of Strixhaven,255,normal,common,1,111906,3dc7a4c3-c356-4fba-bea0-e8788da3eb57,0.17,false,false,false,near_mint,en,false,USD,2026-09-18T22:04:06.968Z
hi,binder,Borrowed Knowledge,SOS,Secrets of Strixhaven,178,normal,uncommon,3,112298,a3226e14-554d-47c9-b8b6-dfeb53cc41ba,0.33,false,false,false,near_mint,en,false,USD,2026-09-18T22:04:06.970Z
hi,binder,Rapier Wit,SOS,Secrets of Strixhaven,28,normal,common,2,112482,97b50521-5a0f-4dbd-8e15-f0f0d059c258,0.19,false,false,false,near_mint,en,false,USD,2026-09-18T22:04:06.975Z
hi,binder,Startled Relic Sloth,SOS,Secrets of Strixhaven,233,normal,uncommon,1,112711,f143fd41-58c3-45a0-bef8-e9e4b4a502a5,0.15,false,false,false,near_mint,en,false,USD,2026-09-18T22:04:06.976Z
hi,binder,Angel's Grace,SOA,Secrets of Strixhaven Mystical Archive,2,normal,rare,2,112701,de0f22af-fb85-4178-8a35-ec3ff031f4df,3.15,false,false,false,near_mint,en,false,USD,2026-09-18T22:04:06.984Z
hi,binder,Sundown Pass,SOS,Secrets of Strixhaven,264,normal,rare,1,111735,b34000e9-ff20-4fb4-9d0b-03a172a92457,2.76,false,false,false,near_mint,en,false,USD,2026-09-18T22:04:06.993Z
hi,binder,Spirit Mascot,SOS,Secrets of Strixhaven,230,normal,common,1,111682,123f1fde-d8de-4640-baa1-bb3781713168,0.13,false,false,false,near_mint,en,false,USD,2026-09-18T22:04:06.995Z
hi,binder,Interjection,SOS,Secrets of Strixhaven,22,normal,common,1,112560,0534cff6-299c-4155-b318-eb7581989e8a,0.11,false,false,false,near_mint,en,false,USD,2026-09-18T22:04:06.998Z
hi,binder,Practiced Scrollsmith,SOS,Secrets of Strixhaven,210,normal,uncommon,1,112289,40075e3f-58b3-47fd-8fbe-4b301e9ce7a1,0.26,false,false,false,near_mint,en,false,USD,2026-09-18T22:04:07.000Z
hi,binder,Diary of Dreams,SOS,Secrets of Strixhaven,248,normal,uncommon,1,111763,ee1e0a96-af80-444e-a456-5b256cf60625,0.27,false,false,false,near_mint,en,false,USD,2026-09-18T22:04:07.001Z
hi,binder,Ark of Hunger,SOS,Secrets of Strixhaven,173,normal,rare,1,112311,79d01c19-162b-4a12-9e27-18366d95eaa0,0.37,false,false,false,near_mint,en,false,USD,2026-09-18T22:04:07.002Z
hi,binder,Rubble Rouser,SOS,Secrets of Strixhaven,128,normal,common,1,112664,afe61957-a9bb-42b0-98e8-b5fa418cbaff,0.18,false,false,false,near_mint,en,false,USD,2026-09-18T22:04:07.003Z
hi,binder,Postmortem Professor,SOS,Secrets of Strixhaven,93,normal,rare,2,112566,174f5d7e-5d36-4d13-96bf-9b12cd644716,0.26,false,false,false,near_mint,en,false,USD,2026-09-18T22:04:07.006Z
hi,binder,Pyretic Ritual,SOA,Secrets of Strixhaven Mystical Archive,46,normal,rare,1,112531,e4507ef5-0d30-42ca-b305-f99c6e10432b,7.09,false,false,false,near_mint,en,false,USD,2026-09-18T22:04:07.007Z
hi,binder,"Augusta, Order Returned",SOC,Secrets of Strixhaven Commander,11,normal,rare,1,112056,a0d1df84-0cb6-44fb-9916-d766d93f1519,0.18,false,false,false,near_mint,en,false,USD,2026-09-18T22:04:07.008Z
hi,binder,Wisdom of Ages,SOS,Secrets of Strixhaven,71,normal,rare,1,111734,b227ef04-33e4-44e8-a357-0ea3dfe5d49b,0.35,false,false,false,near_mint,en,false,USD,2026-09-18T22:04:07.009Z
hi,binder,Plains,SOS,Secrets of Strixhaven,267,normal,common,1,111731,a845de50-4af0-4f4a-9c2a-db587973571c,0.81,false,false,false,near_mint,en,false,USD,2026-09-18T22:04:07.010Z
hi,binder,Monstrous Rage,SOA,Secrets of Strixhaven Mystical Archive,45,normal,uncommon,2,112439,4b2e000b-a147-443b-9138-9ff2d16c0422,0.33,false,false,false,near_mint,en,false,USD,2026-09-18T22:04:07.011Z
hi,binder,Burst Lightning,SOA,Secrets of Strixhaven Mystical Archive,106,normal,uncommon,1,112472,8cfb73c4-b5ce-433d-9688-98956625c32d,0.95,false,false,false,near_mint,en,false,USD,2026-09-18T22:04:07.012Z
hi,binder,Molten Note,SOS,Secrets of Strixhaven,204,normal,uncommon,1,111701,506f69aa-7dc4-4dd7-990a-7371fc1762c0,0.17,false,false,false,near_mint,en,false,USD,2026-09-18T22:04:07.013Z
hi,binder,Cuboid Colony,SOS,Secrets of Strixhaven,183,normal,uncommon,1,111705,6384d135-7780-4d75-9e95-71bce506948e,0.25,false,false,false,near_mint,en,false,USD,2026-09-18T22:04:07.014Z
hi,binder,Masterful Flourish,SOS,Secrets of Strixhaven,89,normal,common,2,112643,8d93d14d-7760-4af2-a237-2df326dd28d3,0.2,false,false,false,near_mint,en,false,USD,2026-09-18T22:04:07.016Z
hi,binder,Potioner's Trove,SOS,Secrets of Strixhaven,251,normal,common,1,112570,2123b349-4649-4a15-a8b5-b54414d2b1b7,0.19,false,false,false,near_mint,en,false,USD,2026-09-18T22:04:07.018Z
hi,binder,Wall,TBLB,Bloomburrow Tokens,4,normal,common,1,96207,229a41de-91dd-4696-bfc1-10d702787c3e,0.46,false,false,false,near_mint,en,false,USD,2026-09-18T22:04:07.019Z
hi,binder,Thundertrap Trainer,BLB,Bloomburrow,78,normal,rare,1,95814,9cf3af94-b7c8-415c-a5a1-d89967fd0bba,1.03,false,false,false,near_mint,en,false,USD,2026-09-18T22:04:07.022Z
hi,binder,Mudflat Village,BLB,Bloomburrow,257,normal,uncommon,1,95628,53ec4ad3-9cf0-4f1b-a9db-d63feee594ab,0.3,false,false,false,near_mint,en,false,USD,2026-09-18T22:04:07.023Z
hi,binder,Stargaze,BLB,Bloomburrow,114,normal,uncommon,1,95939,777fc599-8de7-44d2-8fdd-9bddf5948a0c,0.29,false,false,false,near_mint,en,false,USD,2026-09-18T22:04:07.024Z
hi,binder,Shoreline Looter,BLB,Bloomburrow,70,normal,uncommon,1,95837,d5bf8cf0-419a-4dc9-9342-aad55c1af05a,0.33,false,false,false,near_mint,en,false,USD,2026-09-18T22:04:07.025Z
hi,binder,Treeguard Duo,BLB,Bloomburrow,200,normal,common,1,96077,89c8456e-c971-42b7-abf3-ff5ae1320abe,0.21,false,false,false,near_mint,en,false,USD,2026-09-18T22:04:07.026Z
hi,binder,Frilled Sparkshooter,BLB,Bloomburrow,136,normal,common,2,95934,674bbd6d-e329-42cf-963d-88d1ce8fe51e,0.15,false,false,false,near_mint,en,false,USD,2026-09-18T22:04:07.028Z
hi,binder,Druid of the Spade,BLB,Bloomburrow,170,normal,common,2,96054,6b485cf7-bad0-4824-9ba7-cb112ce4769f,0.17,false,false,false,near_mint,en,false,USD,2026-09-18T22:04:07.029Z
hi,binder,Hidden Grotto,BLB,Bloomburrow,254,normal,common,3,95918,4ba8f2e7-8357-4862-97dc-1942d066023a,0.28,false,false,false,near_mint,en,false,USD,2026-09-18T22:04:07.030Z
hi,binder,Dazzling Denial,BLB,Bloomburrow,45,normal,common,2,96369,8739f1ac-2e57-4b52-a7ff-cc8df5936aad,0.27,false,false,false,near_mint,en,false,USD,2026-09-18T22:04:07.031Z
hi,binder,Intrepid Rabbit,BLB,Bloomburrow,17,normal,common,3,96276,4d70b99d-c8bf-4a56-8957-cf587fe60b81,0.17,false,false,false,near_mint,en,false,USD,2026-09-18T22:04:07.032Z
hi,binder,Diresight,BLB,Bloomburrow,91,normal,common,1,95985,fada29c0-5293-40a4-b36d-d073ee99e650,0.28,false,false,false,near_mint,en,false,USD,2026-09-18T22:04:07.033Z
hi,binder,Coruscation Mage,BLB,Bloomburrow,131,normal,uncommon,2,95972,dc2c1de0-6233-469a-be72-a050b97d2c8f,1.67,false,false,false,near_mint,en,false,USD,2026-09-18T22:04:07.034Z
hi,binder,Swamp,BLB,Bloomburrow,270,normal,common,2,95860,faa54bef-c90e-4e9b-b94b-942ea829e0d2,0.24,false,false,false,near_mint,en,false,USD,2026-09-18T22:04:07.035Z
hi,binder,The Infamous Cruelclaw,BLB,Bloomburrow,219,normal,mythic,1,95973,dc6c9196-6d28-4cc2-9748-60e9632a502b,1.31,false,false,false,near_mint,en,false,USD,2026-09-18T22:04:07.036Z
hi,binder,"Alania, Divergent Storm",BLB,Bloomburrow,204,normal,rare,2,95776,436d6a84-4cea-4ca7-94aa-9d08280652af,0.34,false,false,false,near_mint,en,false,USD,2026-09-18T22:04:07.037Z
hi,binder,Jolly Gerbils,BLB,Bloomburrow,19,normal,uncommon,1,96167,0eab51d6-ba17-4a8c-8834-25db363f2b6b,0.18,false,false,false,near_mint,en,false,USD,2026-09-18T22:04:07.038Z
hi,binder,Into the Flood Maw,BLB,Bloomburrow,52,normal,uncommon,1,95919,50b9575a-53d9-4df7-b86c-cda021107d3f,2.6,false,false,false,near_mint,en,false,USD,2026-09-18T22:04:07.039Z
hi,binder,Brambleguard Veteran,BLB,Bloomburrow,165,normal,uncommon,1,95880,bac9f6f8-6797-4580-9fc4-9a825872e017,0.21,false,false,false,near_mint,en,false,USD,2026-09-18T22:04:07.040Z
hi,binder,Brave-Kin Duo,BLB,Bloomburrow,3,normal,common,1,95824,b8dd4693-424d-4d6e-86cf-24401a23d6b1,0.18,false,false,false,near_mint,en,false,USD,2026-09-18T22:04:07.041Z
hi,binder,Alania's Pathmaker,BLB,Bloomburrow,123,normal,common,1,96123,d3871fe6-e26e-4ab4-bd81-7e3c7b8135c1,0.13,false,false,false,near_mint,en,false,USD,2026-09-18T22:04:07.042Z
hi,binder,Sunshower Druid,BLB,Bloomburrow,195,normal,common,3,95630,7740abc5-54e1-478d-966e-0fa64e727995,0.22,false,false,false,near_mint,en,false,USD,2026-09-18T22:04:07.043Z
hi,binder,Mind Spiral,BLB,Bloomburrow,59,normal,common,1,96068,7e24fe6a-607b-49b8-9fca-cecb1e40de7f,0.14,false,false,false,near_mint,en,false,USD,2026-09-18T22:04:07.045Z
hi,binder,Scales of Shale,BLB,Bloomburrow,110,normal,common,1,95955,9ae14276-dbbd-4257-80e9-accd6c19f5b2,0.15,false,false,false,near_mint,en,false,USD,2026-09-18T22:04:07.047Z
hi,binder,"Syr Vondam, Sunstar Exemplar",EOE,Edge of Eternities,302,normal,rare,1,107500,9c39b081-ad53-4c43-93f4-3a4ebb24299b,0.59,false,false,false,near_mint,en,false,USD,2026-09-18T22:04:07.051Z
hi,binder,Dubious Delicacy,EOE,Edge of Eternities,96,normal,uncommon,1,107377,153265b4-0ca4-4245-9226-dd1a083ec91c,0.22,false,false,false,near_mint,en,false,USD,2026-09-18T22:04:07.052Z
hi,binder,Icecave Crasher,EOE,Edge of Eternities,191,normal,common,1,107781,e6c1ed0c-0c0d-47a7-8ebc-67854cb226e0,0.09,false,false,false,near_mint,en,false,USD,2026-09-18T22:04:07.058Z
hi,binder,Cryogen Relic,EOE,Edge of Eternities,52,normal,common,1,107466,7bfb33b6-e2bf-498f-8c58-ae21a840cf75,0.32,false,false,false,near_mint,en,false,USD,2026-09-18T22:04:07.060Z
hi,binder,Elemental,TSOS,Secrets of Strixhaven Tokens,3,normal,common,2,112669,b5b2df9c-228f-4441-a962-46b335bb356e,0.14,false,false,false,near_mint,en,false,USD,2026-09-18T22:04:07.063Z
hi,binder,Forest,SOS,Secrets of Strixhaven,280,normal,common,3,112177,f169dfb2-e4c8-46e9-8591-e51bb82da082,0.15,false,false,false,near_mint,en,false,USD,2026-09-18T22:04:07.064Z
hi,binder,"Sanar, Unfinished Genius // Wild Idea",SOS,Secrets of Strixhaven,223,normal,uncommon,1,111685,173157aa-712d-44f2-89ba-dd2511a07f26,0.27,false,false,false,near_mint,en,false,USD,2026-09-18T22:04:07.065Z
hi,binder,Expressive Iteration,SOA,Secrets of Strixhaven Mystical Archive,64,normal,rare,1,112614,5697541f-a03f-48b9-a0fd-ee0cf5357660,1.39,false,false,false,near_mint,en,false,USD,2026-09-18T22:04:07.066Z
hi,binder,Comforting Counsel,SOS,Secrets of Strixhaven,143,normal,rare,1,112612,5223a04f-6b47-4379-80ce-8489c4a91734,0.26,false,false,false,near_mint,en,false,USD,2026-09-18T22:04:07.067Z
hi,binder,Graduation Day,SOS,Secrets of Strixhaven,16,normal,uncommon,1,111755,db1cea01-123e-4b23-8b98-f94cabce3912,0.27,false,false,false,near_mint,en,false,USD,2026-09-18T22:04:07.068Z
hi,binder,Rapturous Moment,SOS,Secrets of Strixhaven,219,normal,uncommon,1,112285,21afe19d-881a-48cb-863e-22942bea5ebe,0.31,false,false,false,near_mint,en,false,USD,2026-09-18T22:04:07.069Z
hi,binder,Dissection Practice,SOS,Secrets of Strixhaven,79,normal,uncommon,2,112700,ddbf1242-6832-475e-9a77-65dd9b4bb32a,0.23,false,false,false,near_mint,en,false,USD,2026-09-18T22:04:07.070Z
hi,binder,Pigment Wrangler // Striking Palette,SOS,Secrets of Strixhaven,126,normal,uncommon,2,112683,c2faf4cf-c4b6-4721-ac06-0e045dd9704a,0.19,false,false,false,near_mint,en,false,USD,2026-09-18T22:04:07.071Z
hi,binder,Wilt in the Heat,SOS,Secrets of Strixhaven,243,normal,common,1,112715,f63f7209-fc0f-400c-8076-125f3131cb32,0.08,false,false,false,near_mint,en,false,USD,2026-09-18T22:04:07.073Z
hi,binder,Seize the Spoils,SOS,Secrets of Strixhaven,129,normal,common,2,111928,4ddf4e34-a1f9-4636-942d-0a08e9f94320,0.32,false,false,false,near_mint,en,false,USD,2026-09-18T22:04:07.074Z
hi,binder,Deluge Virtuoso,SOS,Secrets of Strixhaven,42,normal,common,1,112222,2e3b16ed-8727-48fd-8b1f-c0cbd329385e,0.1,false,false,false,near_mint,en,false,USD,2026-09-18T22:04:07.077Z
hi,binder,Gladiolus Amicitia,FIN,Final Fantasy,224,normal,uncommon,1,105177,442957fc-045d-4db6-b82a-445f172d23e4,0.26,false,false,false,near_mint,en,false,USD,2026-09-18T22:04:07.087Z
hi,binder,Strixhaven Stadium,FCA,Final Fantasy: Through the Ages,63,normal,uncommon,1,106361,bcf0d751-5c47-4531-add4-acd07b82adf5,0.31,false,false,false,near_mint,en,false,USD,2026-09-18T22:04:07.089Z
hi,binder,Iridescent Vinelasher,TBLB,Bloomburrow Tokens,12,normal,common,2,96233,2f55c677-dc14-4ae3-9518-0d80b528c3fb,0.68,false,false,false,near_mint,en,false,USD,2026-09-18T22:04:07.093Z
hi,binder,Forest,BLB,Bloomburrow,280,normal,common,1,95733,0000419b-0bba-4488-8f7a-6194544ce91e,0.32,false,false,false,near_mint,en,false,USD,2026-09-18T22:04:07.095Z
hi,binder,"Finneas, Ace Archer",BLB,Bloomburrow,212,normal,rare,1,95741,0dee197d-c313-4364-b52c-f83d5f579bc3,0.38,false,false,false,near_mint,en,false,USD,2026-09-18T22:04:07.096Z
hi,binder,Starforged Sword,BLB,Bloomburrow,249,normal,uncommon,2,96110,c23d8e96-b972-4c6c-b0c4-b6627621f048,0.21,false,false,false,near_mint,en,false,USD,2026-09-18T22:04:07.097Z
hi,binder,Shrike Force,BLB,Bloomburrow,31,normal,uncommon,1,95763,306fec2c-d8b7-4f4b-8f58-10e3b9f3158f,0.31,false,false,false,near_mint,en,false,USD,2026-09-18T22:04:07.098Z
hi,binder,Blooming Blast,BLB,Bloomburrow,126,normal,uncommon,1,95996,0cd92a83-cec3-4085-a929-3f204e3e0140,0.18,false,false,false,near_mint,en,false,USD,2026-09-18T22:04:07.099Z
hi,binder,Calamitous Tide,BLB,Bloomburrow,43,normal,uncommon,1,96003,178bc8b2-ffa0-4549-aead-aacb3db3cf19,0.12,false,false,false,near_mint,en,false,USD,2026-09-18T22:04:07.100Z
hi,binder,Raccoon Rallier,BLB,Bloomburrow,148,normal,common,1,96104,b5b5180f-5a1c-4df8-9019-195e65a50ce3,0.22,false,false,false,near_mint,en,false,USD,2026-09-18T22:04:07.101Z
hi,binder,Rust-Shield Rampager,BLB,Bloomburrow,190,normal,common,1,96117,c96b01f5-83de-4237-a68d-f946c53e31a6,0.17,false,false,false,near_mint,en,false,USD,2026-09-18T22:04:07.102Z
hi,binder,Barkform Harvester,BLB,Bloomburrow,243,normal,common,3,95984,f77049a6-0f22-415b-bc89-20bcb32accf6,0.24,false,false,false,near_mint,en,false,USD,2026-09-18T22:04:07.103Z
hi,binder,Agate Assault,BLB,Bloomburrow,122,normal,common,2,96066,7dd9946b-515e-4e0d-9da2-711e126e9fa6,0.19,false,false,false,near_mint,en,false,USD,2026-09-18T22:04:07.104Z
hi,binder,Savor,BLB,Bloomburrow,109,normal,common,1,96178,1397f689-dca1-4d35-864b-92c5606afb9a,0.16,false,false,false,near_mint,en,false,USD,2026-09-18T22:04:07.105Z
hi,binder,Waterspout Warden,BLB,Bloomburrow,80,normal,common,1,95909,35898b39-98e2-405b-8f18-0e054bd2c29e,0.19,false,false,false,near_mint,en,false,USD,2026-09-18T22:04:07.106Z
hi,binder,"Susur Secundi, Void Altar",EOE,Edge of Eternities,259,normal,mythic,1,107126,aefb8c0d-2bc6-4bec-851e-0137b4abfb22,5.47,false,false,false,near_mint,en,false,USD,2026-09-18T22:04:07.111Z
hi,binder,Orbital Plunge,EOE,Edge of Eternities,149,normal,common,1,107703,2dc7cc17-5319-4694-99c6-8c56a0b40a44,0.11,false,false,false,near_mint,en,false,USD,2026-09-18T22:04:07.119Z
hi,binder,Decode Transmissions,EOE,Edge of Eternities,94,normal,common,1,107166,cecb4936-14ca-49f9-b209-6519cab54b30,0.24,false,false,false,near_mint,en,false,USD,2026-09-18T22:04:07.120Z
hi,binder,Banishing Light,EOE,Edge of Eternities,6,normal,common,1,107153,c45f11cd-a0aa-4d14-aa21-57f0969f3e2b,0.21,false,false,false,near_mint,en,false,USD,2026-09-18T22:04:07.121Z
hi,binder,Warmaker Gunship,EOE,Edge of Eternities,167,normal,rare,1,107106,9e5957f4-1cae-4989-8b40-27fc6e2fcf5e,0.3,false,false,false,near_mint,en,false,USD,2026-09-18T22:04:07.126Z
hi,binder,Atmospheric Greenhouse,EOE,Edge of Eternities,171,normal,uncommon,1,107532,bf05e378-7a0c-49e3-8c6e-c0fd56796434,0.22,false,false,false,near_mint,en,false,USD,2026-09-18T22:04:07.127Z
hi,binder,Swamp,HOB,The Hobbit,191,normal,common,8,115046,4031e5e4-e573-4130-8d20-4a606edef0a0,0.13,false,false,false,near_mint,en,false,USD,2026-09-18T22:04:06.879Z
hi,binder,Colossus of the Blood Age,SOS,Secrets of Strixhaven,181,normal,uncommon,3,112387,bfa7f0a4-6b65-4e53-ba00-848df260d8e3,0.24,false,false,false,near_mint,en,false,USD,2026-09-18T22:04:06.885Z
hi,binder,Ascendant Dustspeaker,SOS,Secrets of Strixhaven,8,normal,common,5,112702,de3de40b-a7ac-455e-add2-4e451b602d17,0.08,false,false,false,near_mint,en,false,USD,2026-09-18T22:04:06.886Z
hi,binder,Forest,HOB,The Hobbit,193,normal,common,9,115079,c3e84b42-5423-4d4d-b8fc-cfbb2c53a4ca,0.16,false,false,false,near_mint,en,false,USD,2026-09-18T22:04:06.899Z
hi,binder,Reverent Howl,HOB,The Hobbit,81,normal,common,2,115136,16765eb2-d497-4cd6-b683-20eac2f10bbf,0.16,false,false,false,near_mint,en,false,USD,2026-09-18T22:04:06.900Z
hi,binder,Wargling,HOB,The Hobbit,140,normal,common,3,115141,1ccbf823-846f-4f09-9c67-1deebb5d1d92,0.12,false,false,false,near_mint,en,false,USD,2026-09-18T22:04:06.906Z
hi,binder,Duskwatch Hunter,HOB,The Hobbit,153,normal,common,2,115045,3685c783-d837-4466-a960-ab3098db64c3,0.18,false,false,false,near_mint,en,false,USD,2026-09-18T22:04:06.909Z
hi,binder,"Kirol, History Buff // Pack a Punch",SOS,Secrets of Strixhaven,198,normal,uncommon,2,111709,676ba521-66e4-42cf-a315-70d03cb7334e,0.2,false,false,false,near_mint,en,false,USD,2026-09-18T22:04:06.966Z
hi,binder,Mountain,SOS,Secrets of Strixhaven,278,normal,common,7,112062,a642c7b1-d4d1-4125-a66d-560438e5ee51,0.13,false,false,false,near_mint,en,false,USD,2026-09-18T22:04:06.967Z
hi,binder,Plains,SOS,Secrets of Strixhaven,273,normal,common,8,112089,bac08825-ca54-4a9f-bf4f-f75708a1550b,0.15,false,false,false,near_mint,en,false,USD,2026-09-18T22:04:06.972Z
hi,binder,Elite Interceptor // Rejoinder,SOS,Secrets of Strixhaven,12,normal,common,3,112577,2970683e-e69c-42cb-a067-34abd56fb42b,0.2,false,false,false,near_mint,en,false,USD,2026-09-18T22:04:06.978Z
hi,binder,Mountain,SOS,Secrets of Strixhaven,279,normal,common,5,112096,bce45bc0-accd-4853-a166-9dd5597526d5,0.19,false,false,false,near_mint,en,false,USD,2026-09-18T22:04:06.979Z
hi,binder,Moonrise Cleric,BLB,Bloomburrow,226,normal,common,2,95767,35f2a71f-31e8-4b51-9dd4-51a5336b3b86,0.17,false,false,false,near_mint,en,false,USD,2026-09-18T22:04:07.027Z
hi,binder,Atomic Microsizer,EOE,Edge of Eternities,47,normal,uncommon,2,107403,3554f0c7-ea73-43e9-a061-bbb8ef6abce1,0.18,false,false,false,near_mint,en,false,USD,2026-09-18T22:04:07.050Z
hi,binder,"Abigale, Poet Laureate // Heroic Stanza",SOS,Secrets of Strixhaven,170,normal,uncommon,1,111717,77285d12-e658-4eb3-ba13-ff202afab9c8,0.28,false,false,false,near_mint,en,false,USD,2026-09-18T22:08:13.842Z
hi,binder,Matterbending Mage,SOS,Secrets of Strixhaven,59,normal,uncommon,1,112606,460c6afd-cddf-4fea-925f-b27517ff250a,0.17,false,false,false,near_mint,en,false,USD,2026-09-18T22:08:13.843Z
hi,binder,"Lluwen, Exchange Student // Pest Friend",SOS,Secrets of Strixhaven,199,normal,uncommon,1,111729,a0bcb638-c3c8-4973-9537-5c471f43f34f,0.28,false,false,false,near_mint,en,false,USD,2026-09-18T22:08:13.844Z
hi,binder,Artistic Process,SOS,Secrets of Strixhaven,108,normal,uncommon,1,112262,bce9d933-be58-4301-beb4-07b04d0b69f0,0.18,false,false,false,near_mint,en,false,USD,2026-09-18T22:08:13.845Z
hi,binder,Landscape Painter // Vibrant Idea,SOS,Secrets of Strixhaven,56,normal,common,1,112264,c0bd30c4-3cdf-4eda-8be5-0fb5e5ddddbf,0.15,false,false,false,near_mint,en,false,USD,2026-09-18T22:08:13.849Z
hi,binder,Moment of Reckoning,SOS,Secrets of Strixhaven,205,normal,rare,1,112345,577d9dc8-7720-4dc9-b650-64b4729b309b,0.27,false,false,false,near_mint,en,false,USD,2026-09-18T22:08:13.856Z
hi,binder,Snarl Song,SOS,Secrets of Strixhaven,161,normal,uncommon,1,112723,fc4c7fa2-aebb-4636-9afd-f1010c923316,0.17,false,false,false,near_mint,en,false,USD,2026-09-18T22:08:13.857Z
hi,binder,Soaring Stoneglider,SOS,Secrets of Strixhaven,32,normal,uncommon,1,112584,2fbe446b-60fd-43da-8358-985392293af8,0.1,false,false,false,near_mint,en,false,USD,2026-09-18T22:08:13.859Z
hi,binder,Abstract Paintmage,SOS,Secrets of Strixhaven,171,normal,uncommon,1,112708,ea008094-d995-4740-9b39-c61049356c55,0.26,false,false,false,near_mint,en,false,USD,2026-09-18T22:08:13.860Z
hi,binder,Oracle's Restoration,SOS,Secrets of Strixhaven,156,normal,common,1,111670,0863a19d-4511-4a78-98dd-d194afd1c39b,0.19,false,false,false,near_mint,en,false,USD,2026-09-18T22:08:13.869Z
hi,binder,Pongify,SOA,Secrets of Strixhaven Mystical Archive,20,normal,rare,1,112346,5780936e-629d-4737-9005-651234f5426d,4.05,false,false,false,near_mint,en,false,USD,2026-09-18T22:08:13.870Z
hi,binder,Tragedy Feaster,SOS,Secrets of Strixhaven,102,normal,rare,1,112502,b93cbaad-8ed8-4a1d-b95a-20a616dfedc9,0.33,false,false,false,near_mint,en,false,USD,2026-09-18T22:08:13.871Z
hi,binder,"Emil, Vastlands Roamer",SOS,Secrets of Strixhaven,146,normal,uncommon,1,112589,3654416d-8558-4af2-9e10-18dbc8f2b376,0.27,false,false,false,near_mint,en,false,USD,2026-09-18T22:08:13.872Z
hi,binder,Old-Growth Educator,SOS,Secrets of Strixhaven,207,normal,uncommon,1,111761,eb7e858a-9b85-49b2-a379-ee656b64935a,0.13,false,false,false,near_mint,en,false,USD,2026-09-18T22:08:13.874Z
hi,binder,Send in the Pest,SOS,Secrets of Strixhaven,100,normal,common,1,112576,283b508b-89f0-4c23-9686-b049e402b73c,0.22,false,false,false,near_mint,en,false,USD,2026-09-18T22:08:13.880Z
hi,binder,Homesickness,SOS,Secrets of Strixhaven,53,normal,uncommon,1,112358,6e4a1f82-b0b1-4608-91f8-130bee731435,0.18,false,false,false,near_mint,en,false,USD,2026-09-18T22:08:13.887Z
hi,binder,Topiary Lecturer,SOS,Secrets of Strixhaven,165,normal,uncommon,1,112611,4f16a1c2-0a80-45e4-b025-3aa0c0b03812,0.29,false,false,false,near_mint,en,false,USD,2026-09-18T22:08:13.889Z
hi,binder,Cheerful Osteomancer // Raise Dead,SOS,Secrets of Strixhaven,76,normal,common,1,112596,3c34660c-25e3-4ff5-9b2b-5554ded2bcc3,0.15,false,false,false,near_mint,en,false,USD,2026-09-18T22:08:13.894Z
hi,binder,Terramorphic Expanse,SOS,Secrets of Strixhaven,265,normal,common,1,112047,9a4c5629-fadd-42b9-850f-9f8586a2ca50,0.23,false,false,false,near_mint,en,false,USD,2026-09-18T22:08:13.895Z
hi,binder,Expressive Firedancer,SOS,Secrets of Strixhaven,114,normal,common,2,112286,259b8c45-6241-4206-a34e-34c7f401f47b,0.05,false,false,false,near_mint,en,false,USD,2026-09-18T22:08:13.897Z
hi,binder,Mind into Matter,SOS,Secrets of Strixhaven,202,normal,rare,1,112321,0a7f0fdf-1d4b-4458-a19c-274611e8a59a,0.38,false,false,false,near_mint,en,false,USD,2026-09-18T22:08:13.901Z
hi,binder,Scheming Silvertongue // Sign in Blood,SOS,Secrets of Strixhaven,99,normal,rare,1,112541,fe85a124-0d8b-4a29-8df1-65888a39147f,1.03,false,false,false,near_mint,en,false,USD,2026-09-18T22:08:13.902Z
hi,binder,"Mica, Reader of Ruins",SOS,Secrets of Strixhaven,124,normal,uncommon,1,112369,949ad3ff-9e80-493c-a3ae-146b919bfcd7,0.21,false,false,false,near_mint,en,false,USD,2026-09-18T22:08:13.903Z
hi,binder,Zimone's Experiment,SOS,Secrets of Strixhaven,169,normal,uncommon,1,112376,a6597852-4267-4ea6-a391-f927e4833be2,0.21,false,false,false,near_mint,en,false,USD,2026-09-18T22:08:13.905Z
hi,binder,Last Gasp,SOS,Secrets of Strixhaven,86,normal,common,2,112698,da5f3729-6ec7-4482-90cb-83b973edeae4,0.11,false,false,false,near_mint,en,false,USD,2026-09-18T22:08:13.910Z
hi,binder,Wild Hypothesis,SOS,Secrets of Strixhaven,167,normal,common,1,112559,04fdfabc-c247-4384-a5bb-f49035f8aae0,0.2,false,false,false,near_mint,en,false,USD,2026-09-18T22:08:13.911Z
hi,binder,Fix What's Broken,SOS,Secrets of Strixhaven,188,normal,rare,1,112678,c0cd1d71-8e4a-4e00-80cd-83aec231fa57,0.36,false,false,false,near_mint,en,false,USD,2026-09-18T22:08:13.916Z
hi,binder,Foolish Fate,SOS,Secrets of Strixhaven,83,normal,uncommon,1,112693,d278f4c9-d20b-4a76-8c5c-4d3e985948b9,0.13,false,false,false,near_mint,en,false,USD,2026-09-18T22:08:13.917Z
hi,binder,Growth Curve,SOS,Secrets of Strixhaven,193,normal,uncommon,1,112325,1675a445-86ae-413b-b95a-a1c254a7f252,0.3,false,false,false,near_mint,en,false,USD,2026-09-18T22:08:13.918Z
hi,binder,Harsh Annotation,SOS,Secrets of Strixhaven,18,normal,uncommon,1,112706,e07a8fc7-c11c-4469-a31d-0abf40e57bbf,0.28,false,false,false,near_mint,en,false,USD,2026-09-18T22:08:13.919Z
hi,binder,Transcendent Archaic,SOS,Secrets of Strixhaven,5,normal,uncommon,1,112324,1624c680-502b-474a-b9b2-888fe3ca008c,0.06,false,false,false,near_mint,en,false,USD,2026-09-18T22:08:13.920Z
hi,binder,Hungry Graffalon,SOS,Secrets of Strixhaven,151,normal,common,1,112557,030b1272-5990-4bc9-8fc1-82cc05602060,0.07,false,false,false,near_mint,en,false,USD,2026-09-18T22:08:13.923Z
hi,binder,Spellbook Seeker // Careful Study,SOS,Secrets of Strixhaven,68,normal,common,1,112691,cc44eaa4-59a4-419e-b1d1-d92f354ff588,0.12,false,false,false,near_mint,en,false,USD,2026-09-18T22:08:13.925Z
hi,binder,Talisman of Curiosity,SOC,Secrets of Strixhaven Commander,430,foil,mythic,1,110966,30e1d7e2-e1a5-443c-86c4-ff4e18933853,4.39,false,false,false,near_mint,en,false,USD,2026-09-18T22:08:13.947Z
hi,binder,Talisman of Hierarchy,SOC,Secrets of Strixhaven Commander,431,foil,mythic,1,110971,985cba27-769d-4f69-ab97-959be58932db,9.67,false,false,false,near_mint,en,false,USD,2026-09-18T22:08:13.948Z
hi,binder,Tragedy Feaster,SOS,Secrets of Strixhaven,293,normal,rare,1,112494,ae9009fa-4b52-422d-8ff3-f699089249d8,0.55,false,false,false,near_mint,en,false,USD,2026-09-18T22:08:13.950Z
hi,binder,Ominous Harvest,SOC,Secrets of Strixhaven Commander,28,normal,rare,1,111866,2271184b-08eb-4d2a-8ebf-a1807d51dd2a,0.37,false,false,false,near_mint,en,false,USD,2026-09-18T22:08:13.951Z
hi,binder,Cauldron of Essence,SOS,Secrets of Strixhaven,179,normal,rare,1,112501,b7091740-e70c-4cf2-8d3d-b8e1ac1fbbdd,2.47,false,false,false,near_mint,en,false,USD,2026-09-18T22:08:13.952Z
hi,binder,Proctor's Gaze,SOS,Secrets of Strixhaven,213,normal,uncommon,1,112666,b127d543-0a90-4af6-9410-94d5cd30389e,0.23,false,false,false,near_mint,en,false,USD,2026-09-18T22:08:13.956Z
hi,binder,Strixhaven Skycoach,SOS,Secrets of Strixhaven,252,normal,uncommon,1,112469,87741fbb-b426-4f83-a358-587b0907f081,0.19,false,false,false,near_mint,en,false,USD,2026-09-18T22:08:13.957Z
hi,binder,Armageddon,SOA,Secrets of Strixhaven Mystical Archive,133,foil,mythic,1,112451,669c1805-c97a-40c8-ab36-df4e3dc88ca9,53.68,false,false,false,near_mint,en,false,USD,2026-09-18T22:08:13.963Z
hi,binder,Bring to Light,SOA,Secrets of Strixhaven Mystical Archive,61,normal,rare,1,112579,2b5cfc9b-90c0-4073-8584-8cf59d13fd60,0.39,false,false,false,near_mint,en,false,USD,2026-09-18T22:08:13.964Z
hi,binder,Inkling,TSOS,Secrets of Strixhaven Tokens,7,normal,common,1,112603,43e9f729-abaf-4000-8df5-fa46d59eff9e,0.22,false,false,false,near_mint,en,false,USD,2026-09-18T22:08:13.966Z
hi,binder,Zaffai and the Tempests,SOS,Secrets of Strixhaven,246,normal,rare,1,112236,5bdbf507-6fd7-49f6-b437-8f2ce2d0eb0f,0.27,false,false,false,near_mint,en,false,USD,2026-09-18T22:08:13.967Z
hi,binder,Turbulent Steppe,SOC,Secrets of Strixhaven Commander,58,normal,rare,1,112101,c0c73dd5-0a88-4a94-9c01-c1473433e46f,6.59,false,false,false,near_mint,en,false,USD,2026-09-18T22:08:13.968Z
hi,binder,Hardened Academic,SOS,Secrets of Strixhaven,194,normal,rare,1,111681,06c9e8a7-2840-4cff-90af-c6636e598f78,0.53,false,false,false,near_mint,en,false,USD,2026-09-18T22:08:13.969Z
hi,binder,Swamp,SOS,Secrets of Strixhaven,269,normal,common,1,111786,1797d5c7-d3fa-4184-85ae-46db14ddf523,0.95,false,false,false,near_mint,en,false,USD,2026-09-18T22:08:13.970Z
hi,binder,Duty Beyond Death,SOA,Secrets of Strixhaven Mystical Archive,4,normal,uncommon,1,111803,6f8f8183-d17a-41b8-b3b5-914f193fd964,0.32,false,false,false,near_mint,en,false,USD,2026-09-18T22:08:13.972Z
hi,binder,Strife Scholar // Awaken the Ages,SOS,Secrets of Strixhaven,131,normal,common,1,112644,8de79312-2046-425e-9919-49afe19be81b,0.08,false,false,false,near_mint,en,false,USD,2026-09-18T22:08:13.979Z
hi,binder,Repel Calamity,SOA,Secrets of Strixhaven Mystical Archive,8,normal,uncommon,1,112424,1c2cf02f-97f3-47f0-9382-c580f3033635,0.25,false,false,false,near_mint,en,false,USD,2026-09-18T22:08:13.982Z
hi,binder,Molten-Core Maestro,SOS,Secrets of Strixhaven,125,normal,rare,1,111697,326dfe32-3674-4a11-acd8-5ba62371235a,0.53,false,false,false,near_mint,en,false,USD,2026-09-18T22:08:13.983Z
hi,binder,Essence Scatter,SOS,Secrets of Strixhaven,47,normal,common,2,112586,32840097-0531-4c43-b6a8-e76c17420b04,0.2,false,false,false,near_mint,en,false,USD,2026-09-18T22:08:13.854Z
hi,binder,Locust Spray,SOA,Secrets of Strixhaven Mystical Archive,31,normal,uncommon,2,112497,b221e1e9-7b14-4444-ac1c-3d5174c711e9,0.21,false,false,false,near_mint,en,false,USD,2026-09-18T22:08:13.855Z
hi,binder,Fractal,TSOS,Secrets of Strixhaven Tokens,4,normal,common,2,112703,de564776-9d88-4533-8717-842eecdd0594,0.21,false,false,false,near_mint,en,false,USD,2026-09-18T22:08:13.882Z
hi,binder,Spectacle Summit,SOS,Secrets of Strixhaven,262,normal,common,3,112055,a0a66f7b-eab4-45da-8895-c2c2c7eb05f8,0.21,false,false,false,near_mint,en,false,USD,2026-09-18T22:08:13.883Z
hi,binder,Bogwater Lumaret,SOS,Secrets of Strixhaven,177,normal,common,2,111650,7a42f51a-3377-47bb-b6fb-c0515bf1dcfb,0.28,false,false,false,near_mint,en,false,USD,2026-09-18T22:08:13.891Z
hi,binder,Render Speechless,SOS,Secrets of Strixhaven,220,normal,common,2,112573,25bbb1c7-14e8-444f-ab98-e95f50927460,0.07,false,false,false,near_mint,en,false,USD,2026-09-18T22:08:13.906Z
hi,binder,Island,SOS,Secrets of Strixhaven,274,normal,common,2,111979,77b88bb8-6bd9-4632-b937-89468fcb5e6a,0.23,false,false,false,near_mint,en,false,USD,2026-09-18T22:08:13.929Z
hi,binder,Island,SOS,Secrets of Strixhaven,275,normal,common,2,112205,fd1b9e7c-09d0-4907-9f48-34289f3cd2cc,0.19,false,false,false,near_mint,en,false,USD,2026-09-18T22:08:13.930Z
hi,binder,Forest,SOS,Secrets of Strixhaven,281,normal,common,2,111886,3041d539-4f15-4836-a215-afa19a5cc23f,0.17,false,false,false,near_mint,en,false,USD,2026-09-18T22:08:13.936Z
hi,binder,Great Hall of the Biblioplex,SOS,Secrets of Strixhaven,257,normal,rare,2,111794,42d92674-2664-411c-b9c5-b04da7c845f4,0.85,false,false,false,near_mint,en,false,USD,2026-09-18T22:08:13.965Z
hi,binder,"Dina, Essence Brewer",SOC,Secrets of Strixhaven Commander,1,normal,mythic,1,110974,9fe237b8-c02c-41ea-9fc4-b771b91d2157,2.34,false,false,false,near_mint,en,false,USD,2026-09-20T02:30:37.650Z
hi,binder,Faerie Bladecrafter,WOC,Wilds of Eldraine Commander,14,normal,rare,1,85871,fffdf7f3-a230-417a-883a-069aabcbcca7,4.65,false,false,false,near_mint,en,false,USD,2026-09-20T02:30:37.651Z
hi,binder,Sol Ring,M3C,Modern Horizons 3 Commander,305,normal,uncommon,1,94714,19911e6e-7c35-4281-b31c-266382f052cc,1.8,false,false,false,near_mint,en,false,USD,2026-09-20T02:30:37.652Z
hi,binder,Sol Ring,SLD,Secret Lair Drop,2807,normal,rare,1,114866,3d5c99e9-7c3e-4149-82a6-3c7d5d302488,5.18,false,false,false,near_mint,en,false,USD,2026-09-20T02:34:28.286Z
hi,binder,Rites of Flourishing,SLD,Secret Lair Drop,2805,normal,rare,1,114878,ec016236-fa38-49f3-8176-5a7734ca6821,0.82,false,false,false,near_mint,en,false,USD,2026-09-20T02:34:28.287Z
hi,binder,Kynaios and Tiro of Meletis,SLD,Secret Lair Drop,2806,normal,mythic,1,114862,20c6d624-790b-49f4-ac3f-d00fe6216f1f,2.5,false,false,false,near_mint,en,false,USD,2026-09-20T02:34:28.288Z
hi,binder,Swords to Plowshares,SLD,Secret Lair Drop,2804,normal,rare,1,114873,bb37a8f3-c730-4cf1-84b3-9f7efc28dd7f,3.81,false,false,false,near_mint,en,false,USD,2026-09-20T02:34:28.289Z
hi,binder,Dawn's Truce,SLD,Secret Lair Drop,2803,normal,rare,1,114864,24cf4c50-d576-41fb-b45c-5bc25d54247b,5.41,false,false,false,near_mint,en,false,USD,2026-09-20T02:34:28.290Z
hi,binder,Wedding Ring,SLD,Secret Lair Drop,2802,normal,mythic,1,114865,3c16b2a4-2c40-4d38-bfe8-43ca127b5bdd,2.64,false,false,false,near_mint,en,false,USD,2026-09-20T02:34:28.291Z
hi,binder,Stardew Valley,SLD,Secret Lair Drop,2801,normal,mythic,1,114869,9979db80-83f6-41ed-aea2-0c222e923add,10.52,false,false,false,near_mint,en,false,USD,2026-09-20T02:34:28.292Z
hi,binder,Academy Manufactor,SLD,Secret Lair Drop,7188,normal,rare,1,115474,545f6d3a-5101-407c-acde-168c5097d866,7.92,false,false,false,near_mint,en,false,USD,2026-09-20T02:34:28.293Z
hi,binder,Food,SLD,Secret Lair Drop,2808,normal,common,1,114877,eb838522-93e6-475a-8825-b65fe2e4f68b,0.61,false,false,false,near_mint,en,false,USD,2026-09-20T02:34:28.294Z
hi,binder,Cemetery Tampering,DSC,Duskmourn: House of Horror Commander,135,normal,rare,2,99307,b6d4cf14-c43e-454b-ae76-3678617067f8,0.36,false,false,false,near_mint,en,false,USD,2026-09-20T02:42:00.974Z
hi,binder,Jetmir's Garden,SNC,Streets of New Capenna,291,normal,rare,1,68055,e4bb5f59-2a63-421b-94a1-4cbef00f0c7e,23.85,false,false,false,near_mint,en,false,USD,2026-09-20T02:42:00.975Z
hi,binder,Hoard Hauler,SNC,Streets of New Capenna,109,normal,rare,1,67626,19f190e9-52f3-4e34-8fb6-88174c189ee7,0.41,false,false,false,near_mint,en,false,USD,2026-09-20T02:42:00.976Z
hi,binder,Killer Service,MKC,Murders at Karlov Manor Commander,174,normal,rare,1,90497,b86b0177-0533-4b5a-9da7-1e11d398d828,0.3,false,false,false,near_mint,en,false,USD,2026-09-20T02:42:00.977Z
hi,binder,Maestros Ascendancy,SNC,Streets of New Capenna,198,normal,rare,1,67727,469a0f03-7874-453d-b9e4-275c13244f4a,0.24,false,false,false,near_mint,en,false,USD,2026-09-20T02:42:00.978Z
hi,binder,Maestros Charm,SNC,Streets of New Capenna,317,normal,uncommon,1,67704,3b3e1bec-67d2-43fd-b799-b7c12b94d1f0,0.19,false,false,false,near_mint,en,false,USD,2026-09-20T02:42:00.979Z
hi,binder,Botanical Plaza,SNC,Streets of New Capenna,350,normal,common,1,67938,ac068b57-568b-41f6-90d2-7b0eef99a74d,0.16,false,false,false,near_mint,en,false,USD,2026-09-20T02:42:00.980Z
hi,binder,Sizzling Soloist,SNC,Streets of New Capenna,123,normal,uncommon,1,67892,958dfd59-7dbd-45e0-b6e1-e432c78b6878,0.24,false,false,false,near_mint,en,false,USD,2026-09-20T02:42:00.982Z
hi,binder,"Lagrella, the Magpie",SNC,Streets of New Capenna,196,normal,uncommon,1,68039,dd20f271-26c8-429f-a422-e7d95f3bda74,0.24,false,false,false,near_mint,en,false,USD,2026-09-20T02:42:00.983Z
hi,binder,Sewer Crocodile,SNC,Streets of New Capenna,60,normal,common,1,67920,a06ac58b-6d72-4eb4-a1c9-61b5314c7769,0.06,false,false,false,near_mint,en,false,USD,2026-09-20T02:42:00.984Z
hi,binder,Embiggen,UNF,Unfinity,137,normal,common,1,73043,1b759c27-9fb6-4c23-adc1-f6d3f3a0eb52,0.21,false,false,false,near_mint,en,false,USD,2026-09-20T02:47:27.776Z
hi,binder,Swamp,UNF,Unfinity,237,foil,common,1,72725,46a6375e-9477-4871-8a15-02439f3f6f34,1.61,false,false,false,near_mint,en,false,USD,2026-09-20T02:47:27.777Z
hi,binder,Plains,UNF,Unfinity,491,foil,common,1,72703,3deb3077-484d-42d4-a54b-5fade5335420,10.38,false,false,false,near_mint,en,false,USD,2026-09-20T02:47:27.778Z
hi,binder,It Came from Planet Glurg,UNF,Unfinity,261,normal,mythic,1,72868,a18eb4f1-74fd-4df1-b087-83ebe86d2dc2,0.37,false,false,false,near_mint,en,false,USD,2026-09-20T02:47:27.779Z
hi,binder,"Infernius Spawnington III, Esq.",UND,Unsanctioned,40,normal,rare,1,47322,5e3b1317-f024-4e34-89ad-538fc148cd5c,0.19,false,false,false,near_mint,en,false,USD,2026-09-20T02:47:27.780Z
hi,binder,Ambassador Blorpityblorpboop,UNF,Unfinity,254,normal,uncommon,1,72797,73b28211-bfc2-458a-a65e-1e70d85c206c,0.18,false,false,false,near_mint,en,false,USD,2026-09-20T02:47:27.781Z
hi,binder,Mobile Clone,UNF,Unfinity,51,normal,rare,1,72972,f080ab50-c78c-4a27-a7e5-abfbd93f4e41,0.2,false,false,false,near_mint,en,false,USD,2026-09-20T02:47:27.782Z
hi,binder,Ignacio of Myra's Marvels,UNF,Unfinity,112,normal,rare,1,72833,8bb6342b-0b9e-4379-b433-70bbaeb04c19,0.19,false,false,false,near_mint,en,false,USD,2026-09-20T02:47:27.783Z
hi,binder,Kiddie Coaster,UNF,Unfinity,219c,normal,common,1,72617,008d7d1f-8635-41d5-9921-11d8043a6206,0.13,false,false,false,near_mint,en,false,USD,2026-09-20T02:47:27.784Z
hi,binder,Quick Fixer,UNF,Unfinity,85,normal,uncommon,1,72882,a78c8da1-7220-4fbf-b672-547af59d2490,0.16,false,false,false,near_mint,en,false,USD,2026-09-20T02:47:27.785Z
hi,binder,Scampire,UNF,Unfinity,89,normal,uncommon,1,72689,31950e19-83ca-45d4-8ca1-e109b875fd67,0.06,false,false,false,near_mint,en,false,USD,2026-09-20T02:47:27.786Z
hi,binder,Wizards of the _____,UNF,Unfinity,64,normal,common,1,72936,cd0df840-e050-42b9-8f81-6682fe16d377,0.05,false,false,false,near_mint,en,false,USD,2026-09-20T02:47:27.787Z
hi,binder,Down for Repairs,UNF,Unfinity,73,normal,common,3,73292,dad23c10-3180-456f-b781-84d3893a6815,0.16,false,false,false,near_mint,en,false,USD,2026-09-20T02:47:27.788Z
hi,binder,Hat Trick,UNF,Unfinity,13,normal,common,1,72891,b0111a98-4720-4ad8-80b0-929d08a99b04,0.07,false,false,false,near_mint,en,false,USD,2026-09-20T02:47:27.789Z
hi,binder,Motion Sickness,UNF,Unfinity,53,normal,common,1,73148,6c1d2b1d-d264-4a8e-9c33-c35f5d1e80bc,0.06,false,false,false,near_mint,en,false,USD,2026-09-20T02:47:27.790Z
hi,binder,Faerie Macabre,SPG,Special Guests,134,normal,mythic,1,110400,b7873964-b590-47c6-a170-c9290b27e6fc,8.82,false,false,false,near_mint,en,false,USD,2026-09-20T02:56:05.698Z
hi,binder,Champion of the Path,ECL,Lorwyn Eclipsed,130,normal,rare,1,110854,e369cd31-3e22-47eb-bf6a-00d823651710,0.4,false,false,false,near_mint,en,false,USD,2026-09-20T02:56:05.699Z
hi,binder,"Doran, Besieged by Time",ECL,Lorwyn Eclipsed,334,normal,rare,1,110576,9f0a1644-58bb-4826-9832-0ffc372fac1e,1.92,false,false,false,near_mint,en,false,USD,2026-09-20T02:56:05.700Z
hi,binder,Grave Venerations,ECC,Lorwyn Eclipsed Commander,9,normal,rare,1,110649,ec52f819-038a-41c3-91ef-91b1975d094c,0.47,false,false,false,near_mint,en,false,USD,2026-09-20T02:56:05.701Z
hi,binder,Slumbering Walker,ECL,Lorwyn Eclipsed,35,normal,rare,1,110777,81e82915-e734-4754-829f-f5da6a7c550d,0.23,false,false,false,near_mint,en,false,USD,2026-09-20T02:56:05.702Z
hi,binder,Boulder Dash,ECL,Lorwyn Eclipsed,127,normal,uncommon,1,110759,657a2a24-22d1-4bc2-9f22-ed361ae487e3,0.16,false,false,false,near_mint,en,false,USD,2026-09-20T02:56:05.705Z
hi,binder,Eclipsed Merrow,ECL,Lorwyn Eclipsed,221,normal,uncommon,1,110704,2352750d-404d-4928-9bdb-1b0db599b70f,0.19,false,false,false,near_mint,en,false,USD,2026-09-20T02:56:05.706Z
hi,binder,Foraging Wickermaw,ECL,Lorwyn Eclipsed,256,normal,common,1,110867,f524bc08-caeb-4362-b960-eb8e0e4159d0,0.19,false,false,false,near_mint,en,false,USD,2026-09-20T02:56:05.709Z
hi,binder,Moonglove Extractor,ECL,Lorwyn Eclipsed,109,normal,common,1,110369,8383e0ab-81b4-4a6b-b87b-dd9180dca1c2,0.07,false,false,false,near_mint,en,false,USD,2026-09-20T02:56:05.711Z
hi,binder,Decorum Dissertation,SOS,Secrets of Strixhaven,78,normal,mythic,1,112404,f4ab2d9b-c73d-478d-aac7-4d3bb24296d2,5.18,false,false,false,near_mint,en,false,USD,2026-09-20T02:56:05.712Z
hi,binder,Bitter Triumph,SOA,Secrets of Strixhaven Mystical Archive,26,normal,uncommon,1,112527,db465858-0593-4850-8f1d-400fe230a18d,0.33,false,false,false,near_mint,en,false,USD,2026-09-20T02:56:05.713Z
hi,binder,Essenceknit Scholar,SOS,Secrets of Strixhaven,187,normal,uncommon,1,112578,2a3cba55-3fae-4d45-ae03-4d662ec13718,0.25,false,false,false,near_mint,en,false,USD,2026-09-20T02:56:05.714Z
hi,binder,Colorstorm Stallion,SOS,Secrets of Strixhaven,299,normal,rare,1,111759,e8800c58-574f-4a77-bed9-2d99e8f5813c,1.26,false,false,false,near_mint,en,false,USD,2026-09-20T02:56:05.715Z
hi,binder,Prismatic Ending,SOA,Secrets of Strixhaven Mystical Archive,7,normal,rare,1,112510,c30342a9-9d60-4440-90fc-8df47d558be7,0.52,false,false,false,near_mint,en,false,USD,2026-09-20T02:56:05.716Z
hi,binder,Applied Geometry,SOS,Secrets of Strixhaven,172,normal,rare,1,112315,f109f2eb-895b-44a6-b6b5-81bf3831ccd5,0.31,false,false,false,near_mint,en,false,USD,2026-09-20T02:56:05.717Z
hi,binder,"Zimone, Infinite Analyst",SOC,Secrets of Strixhaven Commander,10,normal,mythic,1,110968,605afac4-d2e5-4e68-97d2-3ac2ead5f3a9,0.72,false,false,false,near_mint,en,false,USD,2026-09-20T02:56:05.718Z
hi,binder,Helping Hand,SOA,Secrets of Strixhaven Mystical Archive,70,normal,uncommon,1,112556,f8c32407-5a49-4eec-a3ce-cfe72797a9c9,0.95,false,false,false,near_mint,en,false,USD,2026-09-20T02:56:05.719Z
hi,binder,Stand Up for Yourself,SOS,Secrets of Strixhaven,34,normal,uncommon,1,112384,b756ca13-b904-4510-9bbb-5bc2864abfbd,0.09,false,false,false,near_mint,en,false,USD,2026-09-20T02:56:05.720Z
hi,binder,Ajani's Pridemate,TFRA,Reality Fracture Tokens,2,normal,common,1,117054,7801c326-d740-4cec-9268-05348ace8302,,false,false,false,near_mint,en,false,USD,2026-09-25T22:53:50.052Z
hi,binder,"Ruric Thar, Magecrusher",FRA,Reality Fracture,265,normal,uncommon,1,116668,eed83302-dc2c-45f4-a4bd-af9da51edef5,0.76,false,false,false,near_mint,en,false,USD,2026-09-25T22:53:50.053Z
hi,binder,Bloodline Recollector // Ancestral Craving,FRA,Reality Fracture,49,normal,mythic,2,112897,4fcc913e-f736-460a-b24b-022fa2e861b9,12.78,false,false,false,near_mint,en,false,USD,2026-09-25T22:53:50.054Z
hi,binder,Gideon's Memorial,FRA,Reality Fracture,198,normal,rare,1,116603,768c0e64-9907-417a-a763-c836fdf36883,4.07,false,false,false,near_mint,en,false,USD,2026-09-25T22:53:50.056Z
hi,binder,Gideon the Oathless,FRA,Reality Fracture,230,normal,rare,1,116650,c985b0d1-25bd-4069-aab7-a566ff27a8f6,6.69,false,false,false,near_mint,en,false,USD,2026-09-25T22:53:50.057Z
hi,binder,Stingerquill Charm,FRA,Reality Fracture,150,normal,uncommon,2,116612,81733ff7-e611-43ee-bf38-6bb700676017,0.61,false,false,false,near_mint,en,false,USD,2026-09-25T22:53:50.058Z
hi,binder,Keeper of the Quiet Hour,FRA,Reality Fracture,171,normal,common,1,116506,b6331218-dbb8-44a9-8ba5-5fb1ab41c5c0,1.08,false,false,false,near_mint,en,false,USD,2026-09-25T22:53:50.059Z
hi,binder,Protege's Awakening,FRA,Reality Fracture,37,normal,common,1,116492,a08c7ec2-4c6a-4db2-85a7-41afe8731523,0.87,false,false,false,near_mint,en,false,USD,2026-09-25T22:53:50.060Z
hi,binder,Eardrum Rattler,FRA,Reality Fracture,81,normal,common,1,116599,5f8771f9-8128-4818-a11d-41ea368cf697,,false,false,false,near_mint,en,false,USD,2026-09-25T22:53:50.061Z
hi,binder,Bestial Incursion,FRA,Reality Fracture,98,normal,common,1,116663,e0de5f66-f0df-4866-9f73-104ce50411b4,,false,false,false,near_mint,en,false,USD,2026-09-25T22:53:50.062Z
hi,binder,Apex Witchstalker,FRA,Reality Fracture,48,normal,common,1,116941,cd56f047-6bdc-4e83-8a7c-923ebad26302,0.66,false,false,false,near_mint,en,false,USD,2026-09-25T22:53:50.063Z
hi,binder,Arcane Amphisbaena,FRA,Reality Fracture,97,normal,common,1,116442,1bf923c4-f0b7-4271-978c-fd2e79fe1cc8,,false,false,false,near_mint,en,false,USD,2026-09-25T22:53:50.065Z
hi,binder,Dragon,TFRA,Reality Fracture Tokens,7,normal,common,1,117060,991a5840-adc7-45b5-8d5f-b24dae384bab,,false,false,false,near_mint,en,false,USD,2026-09-25T22:53:50.066Z
hi,binder,Swamp,FRA,Reality Fracture,388,normal,common,2,116521,e8418418-10bb-48e1-83ed-0081390384b4,0.93,false,false,false,near_mint,en,false,USD,2026-09-25T22:53:50.067Z
hi,binder,"Pia, Determined Rebuilder",FRA,Reality Fracture,250,normal,uncommon,2,116757,dd3faaf4-45ca-4714-8dbe-37102ec131cf,0.4,false,false,false,near_mint,en,false,USD,2026-09-25T22:53:50.068Z
hi,binder,Ajani's Anguish,FRA,Reality Fracture,72,normal,rare,1,116756,d9039a58-2f17-4b8a-b714-3a2f0b46f057,4.04,false,false,false,near_mint,en,false,USD,2026-09-25T22:53:50.069Z
hi,binder,"Koth, the Geomancer",FRA,Reality Fracture,248,normal,uncommon,1,116785,54f64e95-5a97-4d7c-9939-7f33a3165562,0.82,false,false,false,near_mint,en,false,USD,2026-09-25T22:53:50.070Z
hi,binder,"Fblthp, Impossibly Lost",FRA,Reality Fracture,298,normal,uncommon,2,116571,15139452-04fc-4870-8306-c9a6defba76d,2.62,false,false,false,near_mint,en,false,USD,2026-09-25T22:53:50.071Z
hi,binder,"Fblthp, Knows the Way",FRA,Reality Fracture,313,normal,uncommon,1,116569,0a41d10e-7dad-46fd-bd15-0ea6c89bc0aa,4.57,false,false,false,near_mint,en,false,USD,2026-09-25T22:53:50.072Z
hi,binder,Flourishing Grapple,FRA,Reality Fracture,372,normal,uncommon,2,116809,afac18b1-08be-425c-a3ea-0556dc02a38c,0.37,false,false,false,near_mint,en,false,USD,2026-09-25T22:53:50.073Z
hi,binder,Desperate Futurescribe,FRA,Reality Fracture,129,normal,uncommon,1,117027,cfaa3ebd-5c21-4e99-a0dd-8426d19b53a5,0.4,false,false,false,near_mint,en,false,USD,2026-09-25T22:53:50.074Z
hi,binder,Tethermage's Advantage,FRA,Reality Fracture,117,normal,common,2,116532,38589a7c-9cfb-4bcc-845e-9dc205095853,0.23,false,false,false,near_mint,en,false,USD,2026-09-25T22:53:50.075Z
hi,binder,Wrath of the Bloodmane,FRA,Reality Fracture,96,normal,common,1,116640,b5b55617-684a-4036-be9b-a3b24fc9cd5a,,false,false,false,near_mint,en,false,USD,2026-09-25T22:53:50.077Z
hi,binder,Void Extrapolator // Omit Variables,FRA,Reality Fracture,70,normal,common,1,116845,0eae2efb-bf25-48ee-9c07-9098008110ad,1.99,false,false,false,near_mint,en,false,USD,2026-09-25T22:53:50.078Z
hi,binder,Academic Ascent,FRA,Reality Fracture,2,normal,common,1,116476,730d8c28-1e58-4b8e-89e9-445d154d2e83,,false,false,false,near_mint,en,false,USD,2026-09-25T22:53:50.079Z
hi,binder,Greenhouse Propagator,FRA,Reality Fracture,104,normal,common,1,116633,a56e0f91-b128-4693-a949-53cb403f4fbf,0.88,false,false,false,near_mint,en,false,USD,2026-09-25T22:53:50.080Z
hi,binder,Forest,FRA,Reality Fracture,290,normal,common,1,117046,25e36841-3242-436b-8e82-9099063fa461,,false,false,false,near_mint,en,false,USD,2026-09-25T22:53:50.081Z
hi,binder,Forest,FRA,Reality Fracture,289,normal,common,1,117053,613bc075-2fe4-421f-bfec-3786a5e37797,,false,false,false,near_mint,en,false,USD,2026-09-25T22:53:50.082Z
hi,binder,Mountain,FRA,Reality Fracture,288,normal,common,1,116963,ed8ebf4a-2879-4da2-93d8-b63d782a7786,,false,false,false,near_mint,en,false,USD,2026-09-25T22:53:50.083Z
hi,binder,Mountain,FRA,Reality Fracture,287,normal,common,1,116851,16671d98-6f00-477b-a010-d2905c94eb65,,false,false,false,near_mint,en,false,USD,2026-09-25T22:53:50.084Z
hi,binder,Swamp,FRA,Reality Fracture,286,normal,common,1,116836,05465ed0-f511-4e6f-9561-49bf6608fb80,0.54,false,false,false,near_mint,en,false,USD,2026-09-25T22:53:50.085Z
hi,binder,Swamp,FRA,Reality Fracture,285,normal,common,1,116863,30693b85-550d-4c98-8c5b-4fd4e91c9f28,,false,false,false,near_mint,en,false,USD,2026-09-25T22:53:50.086Z
hi,binder,Island,FRA,Reality Fracture,284,normal,common,1,116854,1c1b233f-ade1-40c8-a91f-e9d8cc63179b,0.86,false,false,false,near_mint,en,false,USD,2026-09-25T22:53:50.087Z
hi,binder,Island,FRA,Reality Fracture,283,normal,common,1,116946,d8184e92-54e6-4ddc-86e8-67f5c5eb079d,,false,false,false,near_mint,en,false,USD,2026-09-25T22:53:50.088Z
hi,binder,Plains,FRA,Reality Fracture,282,normal,common,1,116944,d5955c78-83ec-43d1-b7d6-214ab5d32ff2,0.86,false,false,false,near_mint,en,false,USD,2026-09-25T22:53:50.089Z
hi,binder,Plains,FRA,Reality Fracture,281,normal,common,1,116914,a4eaecb8-066a-4c72-aa5d-5ed0614ba537,,false,false,false,near_mint,en,false,USD,2026-09-25T22:53:50.090Z
hi,binder,Carnivorous Cultivator // Enroot,FRA,Reality Fracture,437,foil,rare,1,116666,e9e31f13-8a2c-4ae2-854e-27d6c62936f2,,false,false,false,near_mint,en,false,USD,2026-09-25T22:53:50.101Z
hi,binder,"Loot, the Anomaly",FRA,Reality Fracture,232,normal,uncommon,1,116875,4f6fd2fa-8bc8-4743-bbc8-b56475d64eff,1.41,false,false,false,near_mint,en,false,USD,2026-09-25T22:53:50.102Z
hi,binder,Face Yourself,FRA,Reality Fracture,370,normal,rare,1,116601,68930b71-d96e-4e08-9547-7f8160d7ab73,3.37,false,false,false,near_mint,en,false,USD,2026-09-25T22:53:50.103Z
hi,binder,Way of the Healer,FRA,Reality Fracture,207,normal,uncommon,1,116597,50326a2a-7e10-464b-a97e-e880bda0558c,1.15,false,false,false,near_mint,en,false,USD,2026-09-25T22:53:50.104Z
hi,binder,Theorix Charm,FRA,Reality Fracture,155,normal,uncommon,2,116578,2835c9aa-0904-44db-8da2-e8c4e04201aa,0.46,false,false,false,near_mint,en,false,USD,2026-09-25T22:53:50.105Z
hi,binder,Archive Arbiter,FRA,Reality Fracture,167,normal,uncommon,2,116829,024bce1e-a5f3-4292-bc17-d0355a5d65e1,0.96,false,false,false,near_mint,en,false,USD,2026-09-25T22:53:50.106Z
hi,binder,Extended Absence,FRA,Reality Fracture,54,normal,common,2,116961,eb4b6ed8-782e-4473-abc9-d50bf2275c6a,0.84,false,false,false,near_mint,en,false,USD,2026-09-25T22:53:50.110Z
hi,binder,Predictive Preparations,FRA,Reality Fracture,16,normal,common,2,116877,50a0e5f0-3c39-4f16-9a73-eec8ef71f12e,0.16,false,false,false,near_mint,en,false,USD,2026-09-25T22:53:50.111Z
hi,binder,Ghalta the Immovable,FRA,Reality Fracture,197,normal,uncommon,1,116499,a9f3aa55-908f-42db-8135-4201433df850,0.42,false,false,false,near_mint,en,false,USD,2026-09-25T22:53:50.116Z
hi,binder,Ghalta the Unstoppable,FRA,Reality Fracture,260,normal,uncommon,1,116445,1d535b5f-c916-4f16-89a7-9477578826d2,0.46,false,false,false,near_mint,en,false,USD,2026-09-25T22:53:50.117Z
hi,binder,Haunted Ridge,FRA,Reality Fracture,180,normal,rare,1,116497,a4e4966b-8963-4fac-a8bf-e778e063c7dd,3.37,false,false,false,near_mint,en,false,USD,2026-09-25T22:53:50.119Z
hi,binder,Island,FRA,Reality Fracture,386,normal,common,1,116474,6ff3f00e-4ec2-41ef-bd19-fa830480245d,1.34,false,false,false,near_mint,en,false,USD,2026-09-25T22:53:50.121Z
hi,binder,Plains,FRA,Reality Fracture,382,normal,common,2,116479,796b72af-5078-427d-b566-9bccad17090f,0.88,false,false,false,near_mint,en,false,USD,2026-09-25T22:53:50.123Z
hi,binder,Angel,TFRA,Reality Fracture Tokens,3,normal,common,1,117048,5165055a-89e1-471b-ac96-732e593c910b,,false,false,false,near_mint,en,false,USD,2026-09-25T22:53:50.124Z
hi,binder,Terminal Criticism,FRA,Reality Fracture,366,normal,uncommon,1,116763,01eb1fc4-14bc-479e-91fb-83eae7e3d203,0.64,false,false,false,near_mint,en,false,USD,2026-09-25T22:53:50.125Z
hi,binder,Fulminous Forte,FRA,Reality Fracture,84,normal,uncommon,1,116773,19acb2b5-3b3e-43f0-bd81-8426ed3d9c55,0.5,false,false,false,near_mint,en,false,USD,2026-09-25T22:53:50.126Z
hi,binder,Murmuring Volume,FRA,Reality Fracture,174,normal,common,1,116755,d68eab2e-89dd-4377-b7af-01512b1804a0,1.41,false,false,false,near_mint,en,false,USD,2026-09-25T22:53:50.127Z
hi,binder,Theorix Metamage // Omit Variables,FRA,Reality Fracture,156,normal,common,2,116975,fb6bad96-841d-4738-8e62-92f346f914fd,0.87,false,false,false,near_mint,en,false,USD,2026-09-25T22:53:50.128Z
hi,binder,No Admittance,FRA,Reality Fracture,89,normal,common,1,116436,11ba4fdd-cc03-4bb6-a493-91a9785771d0,1.11,false,false,false,near_mint,en,false,USD,2026-09-25T22:53:50.129Z
hi,binder,Semester Foreseer // Peer Review,FRA,Reality Fracture,39,normal,common,1,116608,7e5a640b-fd88-4b5a-9dfc-1d8f5a5cef41,0.96,false,false,false,near_mint,en,false,USD,2026-09-25T22:53:50.130Z
hi,binder,Rank Rat,FRA,Reality Fracture,61,normal,common,2,116876,4ff6da82-d7dd-4b59-b7e6-30670cea7169,0.99,false,false,false,near_mint,en,false,USD,2026-09-25T22:53:50.131Z
hi,binder,Shatterwing Pegasus,FRA,Reality Fracture,21,normal,common,1,116664,e29095de-59ec-4562-ba8e-73f952e457ae,,false,false,false,near_mint,en,false,USD,2026-09-25T22:53:50.132Z
hi,binder,Compel Brutality,FRA,Reality Fracture,101,normal,common,2,116422,bd32d736-7a58-46b9-90b4-2cac3c3e80a1,,false,false,false,near_mint,en,false,USD,2026-09-25T22:53:50.133Z
hi,binder,"Edgar, Moonlit Sovereign",FRA,Reality Fracture,257,normal,uncommon,1,116659,dad6afc9-8505-4cdd-bf79-e9ba4670f2bb,1.18,false,false,false,near_mint,en,false,USD,2026-09-25T22:53:50.134Z
hi,binder,"Edgar, Ancient Bloodlord",FRA,Reality Fracture,270,normal,uncommon,1,116604,7c619fed-2394-4efc-8cdc-6df5f51c1f57,1.05,false,false,false,near_mint,en,false,USD,2026-09-25T22:53:50.135Z
hi,binder,"Traxos, Scourge Eternal",FRA,Reality Fracture,280,normal,uncommon,1,116835,05102c46-96f8-44a0-a1e6-e388fa5e0841,1.49,false,false,false,near_mint,en,false,USD,2026-09-25T22:53:50.136Z
hi,binder,Verdant Kraken,FRA,Reality Fracture,118,normal,rare,1,116991,2bb7a8eb-227f-410b-859f-750ef0aea2f0,7.65,false,false,false,near_mint,en,false,USD,2026-09-25T22:53:50.137Z
hi,binder,Mountain,FRA,Reality Fracture,391,normal,common,1,116524,ec2ceca8-2d90-4d8f-ac47-cd8134e8d859,1.12,false,false,false,near_mint,en,false,USD,2026-09-25T22:53:50.141Z
hi,binder,Vraska's Final Mercy,FRA,Reality Fracture,71,normal,rare,1,116624,992bd991-7cfb-459f-bafd-9a44f3c925c5,2.46,false,false,false,near_mint,en,false,USD,2026-09-25T22:53:50.143Z
hi,binder,"Yargle, Goliath of Otaria",FRA,Reality Fracture,225,normal,uncommon,2,116672,f45ba926-6496-4bd4-96eb-663946d56bbf,0.63,false,false,false,near_mint,en,false,USD,2026-09-25T22:53:50.144Z
hi,binder,"Yargle, Glutton of Urborg",FRA,Reality Fracture,241,normal,uncommon,2,116565,04c816fb-5951-4db1-8834-ed3f0b36bfe1,0.76,false,false,false,near_mint,en,false,USD,2026-09-25T22:53:50.145Z
hi,binder,Kiora of Fire and Ashes,FRA,Reality Fracture,247,normal,uncommon,2,116567,08657053-86f9-4c52-abf0-d9cdd443ae3b,0.73,false,false,false,near_mint,en,false,USD,2026-09-25T22:53:50.146Z
hi,binder,Plan for All Outcomes,FRA,Reality Fracture,35,normal,uncommon,1,116933,c4effc17-0d0e-423a-b5f2-597ea6c71f67,,false,false,false,near_mint,en,false,USD,2026-09-25T22:53:50.147Z
hi,binder,Living Library,FRA,Reality Fracture,172,normal,common,1,116882,5d4a8e5f-0024-4da3-a2f5-edb48b12e733,0.44,false,false,false,near_mint,en,false,USD,2026-09-25T22:53:50.148Z
hi,binder,Sphinx's Approach,FRA,Reality Fracture,41,normal,common,1,117033,f49be090-c745-40e5-bc1c-605b8d98acdf,2.07,false,false,false,near_mint,en,false,USD,2026-09-25T22:53:50.149Z
hi,binder,Blazing Crescendo,FRA,Reality Fracture,75,normal,common,2,116613,8414a98c-0c79-4884-bc9b-061a6456b392,0.2,false,false,false,near_mint,en,false,USD,2026-09-25T22:53:50.150Z
hi,binder,Inspired Tethermage,FRA,Reality Fracture,109,normal,common,2,116429,073f4998-a204-447b-93d5-746ae87fd6a1,0.31,false,false,false,near_mint,en,false,USD,2026-09-25T22:53:50.152Z
hi,binder,Meticulous Commons,FRA,Reality Fracture,184,normal,common,1,116902,93ac525e-1919-43dd-aba4-073b7e4c1768,0.95,false,false,false,near_mint,en,false,USD,2026-09-25T22:53:50.155Z
hi,binder,"Loot, the Nexus",FRA,Reality Fracture,262,normal,uncommon,1,116831,3cfa4fc6-4d90-4576-a83f-6496c7f21104,1.39,false,false,false,near_mint,en,false,USD,2026-09-25T22:53:50.157Z
hi,binder,Flickering Hound,FRA,Reality Fracture,359,normal,rare,1,116780,4ac7452d-92b0-4532-96ed-a510a354b31f,13.68,false,false,false,near_mint,en,false,USD,2026-09-25T22:53:50.158Z
hi,binder,"Proft, Sinister Mastermind",FRA,Reality Fracture,235,normal,uncommon,1,116655,d36b0e06-cb82-4c48-bf35-e76f109116f6,0.93,false,false,false,near_mint,en,false,USD,2026-09-25T22:53:50.159Z
hi,binder,"Proft, Consulting Detective",FRA,Reality Fracture,218,normal,uncommon,1,116642,b8466593-40fe-4557-89b2-760c1c92087b,0.84,false,false,false,near_mint,en,false,USD,2026-09-25T22:53:50.160Z
hi,binder,Way of the Mentor,FRA,Reality Fracture,208,normal,uncommon,1,116740,1a59d5b1-12d6-486b-bd29-ca371359addd,1.02,false,false,false,near_mint,en,false,USD,2026-09-25T22:53:50.161Z
hi,binder,Hexhaven Dueling Arena,FRA,Reality Fracture,181,normal,uncommon,2,116900,9128ce00-6744-4d36-bfbe-ef75d78110b0,0.64,false,false,false,near_mint,en,false,USD,2026-09-25T22:53:50.162Z
hi,binder,Prudent Fateseer // Peer Review,FRA,Reality Fracture,146,normal,uncommon,1,114756,6c1c790b-9e0e-4964-9ea3-554843907f06,0.63,false,false,false,near_mint,en,false,USD,2026-09-25T22:53:50.163Z
hi,binder,Hallway Heckler // Vicious Verse,FRA,Reality Fracture,85,normal,common,1,116607,7e324816-552f-455d-97c4-5ea6b26d2e6e,1.99,false,false,false,near_mint,en,false,USD,2026-09-25T22:53:50.164Z
hi,binder,Undulating Witness,FRA,Reality Fracture,45,normal,common,1,116840,0adbb4b2-a142-48da-8f4b-fa91529dbac4,0.79,false,false,false,near_mint,en,false,USD,2026-09-25T22:53:50.165Z
hi,binder,Silence the Echo,FRA,Reality Fracture,66,normal,common,2,116669,f1d274db-751b-4414-a38d-762198168e91,0.41,false,false,false,near_mint,en,false,USD,2026-09-25T22:53:50.167Z
hi,binder,Memory Trap,FRA,Reality Fracture,15,normal,common,1,116452,2f5345ae-4489-4d05-b2d5-c71285254f05,0.33,false,false,false,near_mint,en,false,USD,2026-09-25T22:53:50.168Z
hi,binder,Vinelasher Adept,FRA,Reality Fracture,119,normal,common,2,116954,e5ed142b-2b61-4ef5-8b23-2db2a0a0319d,0.54,false,false,false,near_mint,en,false,USD,2026-09-25T22:53:50.169Z
hi,binder,Break Under Pressure,FRA,Reality Fracture,50,normal,uncommon,1,116593,46974d94-e900-43e4-92b5-4fb9b9f7cf46,0.44,false,false,false,near_mint,en,false,USD,2026-09-25T22:53:50.170Z
hi,binder,Mind Meanderer,FRA,Reality Fracture,141,normal,uncommon,1,116804,94c290ce-252c-42b3-bcb0-c1ef621df566,1.05,false,false,false,near_mint,en,false,USD,2026-09-25T22:53:50.171Z
hi,binder,Room of Refuge,FRA,Reality Fracture,188,normal,common,1,116906,9a467560-6676-4fc2-9400-768a79650aa4,,false,false,false,near_mint,en,false,USD,2026-09-25T22:53:50.172Z
hi,binder,Tam's Resistance,FRA,Reality Fracture,153,normal,common,1,116504,b3d33df2-a77b-4c2e-ba7f-2cc9c1505f9b,0.33,false,false,false,near_mint,en,false,USD,2026-09-25T22:53:50.173Z
hi,binder,Charge the Sanctum,FRA,Reality Fracture,125,normal,common,1,116421,87b40df5-5c0a-41f5-a09c-a04f17066a91,,false,false,false,near_mint,en,false,USD,2026-09-25T22:53:50.174Z
hi,binder,Solve for Disappointment,FRA,Reality Fracture,67,normal,common,2,116480,7beaa8c9-1a2c-4c88-b579-91e371d8d9e3,1.26,false,false,false,near_mint,en,false,USD,2026-09-25T22:53:50.175Z
hi,binder,Emergency Phytomedic // Seed Suture,FRA,Reality Fracture,130,normal,common,1,116660,de94d388-919d-44ff-baef-8c90a417ac6d,1.07,false,false,false,near_mint,en,false,USD,2026-09-25T22:53:50.177Z
hi,binder,Theoretical Necromancer,FRA,Reality Fracture,69,normal,common,1,116952,e36a7908-1e22-494b-adb4-e72ac0974d62,1.99,false,false,false,near_mint,en,false,USD,2026-09-25T22:53:50.178Z
hi,binder,Something Worth Saving,FRA,Reality Fracture,114,normal,common,1,116426,02ee7817-40af-4fcf-a2df-eb218b669281,1.51,false,false,false,near_mint,en,false,USD,2026-09-25T22:53:50.179Z
hi,binder,Unflinching Hortimancer,FRA,Reality Fracture,23,normal,common,1,116885,63f82985-c9c2-4d0a-ac4f-560166bebd9f,1.21,false,false,false,near_mint,en,false,USD,2026-09-25T22:53:50.180Z
hi,binder,Last Gasp,FRA,Reality Fracture,56,normal,common,1,116577,2381d123-d8c7-4822-98fe-b1c365beb5ed,1.99,false,false,false,near_mint,en,false,USD,2026-09-25T22:53:50.181Z
hi,binder,Fatehold Chronologist // Peer Review,FRA,Reality Fracture,133,normal,common,1,116580,29e7ec16-0c16-48aa-8e09-ce6e0d5bd40b,0.58,false,false,false,near_mint,en,false,USD,2026-09-25T22:53:50.183Z
hi,binder,Konstrari Charm,FRA,Reality Fracture,138,normal,uncommon,1,116606,7d29dfa1-9582-47bc-8f42-62b611bdcc4e,0.8,false,false,false,near_mint,en,false,USD,2026-09-25T22:53:50.185Z
hi,binder,"Yoshimaru, Scrappy Stray",FRA,Reality Fracture,269,normal,uncommon,1,116811,b8dfd087-2434-42c6-ac4c-1decbcdde2db,0.94,false,false,false,near_mint,en,false,USD,2026-09-25T22:53:50.186Z
hi,binder,"Yoshimaru, Beloved Companion",FRA,Reality Fracture,209,normal,uncommon,1,116779,384f3b7d-8d7f-41bf-bebd-64e8babe7fca,0.86,false,false,false,near_mint,en,false,USD,2026-09-25T22:53:50.187Z
hi,binder,Way of the Necromancer,FRA,Reality Fracture,239,normal,uncommon,1,116628,a0ff9689-ea49-4fff-b37c-4abbaeb0f73d,0.61,false,false,false,near_mint,en,false,USD,2026-09-25T22:53:50.188Z
hi,binder,Entrust the Spark,FRA,Reality Fracture,131,normal,rare,1,116814,ca894d25-b9fc-4cd6-8746-70d8c2868721,2.84,false,false,false,near_mint,en,false,USD,2026-09-25T22:53:50.189Z
hi,binder,Way of the Cryomancer,FRA,Reality Fracture,223,normal,uncommon,1,116483,838b0efb-7398-4df9-8fdf-b8af43b47938,0.98,false,false,false,near_mint,en,false,USD,2026-09-25T22:53:50.190Z
hi,binder,Vigorbloom Annex,FRA,Reality Fracture,194,normal,common,2,116948,db8c7bdd-76cd-4be0-ae0d-d430e9a5fe7a,0.27,false,false,false,near_mint,en,false,USD,2026-09-25T22:53:50.191Z
hi,binder,Plains,FRA,Reality Fracture,383,normal,common,1,116466,57999b70-74c6-415a-aef8-3afc546e7557,1.21,false,false,false,near_mint,en,false,USD,2026-09-25T22:53:50.192Z
hi,binder,Proctor of Potential,FRA,Reality Fracture,145,normal,rare,1,116653,cf0eec8c-0475-4050-8144-481a9bb13a0f,2.87,false,false,false,near_mint,en,false,USD,2026-09-25T22:53:50.194Z
hi,binder,Ajani Unrelenting,FRA,Reality Fracture,242,normal,mythic,1,114772,bc3c096f-7f6c-474c-a2c8-75d3e6ddd6f5,9.61,false,false,false,near_mint,en,false,USD,2026-09-25T22:53:50.195Z
hi,binder,"Saheeli, Consul of Oversight",FRA,Reality Fracture,203,normal,uncommon,1,116979,07572be0-6610-493c-a21e-14b78e9805c9,0.37,false,false,false,near_mint,en,false,USD,2026-09-25T22:53:50.196Z
hi,binder,"Saheeli, Jewel of Avishkar",FRA,Reality Fracture,275,normal,uncommon,1,116990,28d84ef6-e190-46d4-882d-1cea5e111e2a,1.22,false,false,false,near_mint,en,false,USD,2026-09-25T22:53:50.197Z
hi,binder,Budding Insurgent,FRA,Reality Fracture,99,normal,common,1,116530,18c59d60-2640-4576-9375-3ba38aa3ecb7,0.49,false,false,false,near_mint,en,false,USD,2026-09-25T22:53:50.205Z
hi,binder,Innovative Commons,FRA,Reality Fracture,182,normal,common,2,116894,84ea799a-faa2-4ff1-a933-432d4ee31a3b,0.78,false,false,false,near_mint,en,false,USD,2026-09-25T22:53:50.051Z
hi,binder,Way of the Warlord,FRA,Reality Fracture,255,normal,uncommon,2,116746,6d86e410-20c4-4248-96bf-5780ece6274a,0.84,false,false,false,near_mint,en,false,USD,2026-09-25T22:53:50.055Z
hi,binder,Hexhaven Battalion,FRA,Reality Fracture,12,normal,common,2,116868,3b6ac80e-c726-4bd0-893a-e666041a04a6,0.79,false,false,false,near_mint,en,false,USD,2026-09-25T22:53:50.064Z
hi,binder,Forest,FRA,Reality Fracture,396,normal,common,2,116494,a0d12fc5-c7bd-4734-9259-98fe65241f60,1.14,false,false,false,near_mint,en,false,USD,2026-09-25T22:53:50.091Z
hi,binder,Mountain,FRA,Reality Fracture,393,normal,common,2,116496,a49ae3b7-4b1f-41b6-8c05-cbdc44f070cb,1.31,false,false,false,near_mint,en,false,USD,2026-09-25T22:53:50.092Z
hi,binder,Swamp,FRA,Reality Fracture,390,normal,common,3,116526,f080e0af-cd86-488b-968e-e69b0fa0fe93,1.11,false,false,false,near_mint,en,false,USD,2026-09-25T22:53:50.093Z
hi,binder,Island,FRA,Reality Fracture,387,normal,common,4,116503,b256a981-ba4b-43b9-83a3-f31a105a2c26,1.09,false,false,false,near_mint,en,false,USD,2026-09-25T22:53:50.094Z
hi,binder,Plains,FRA,Reality Fracture,384,normal,common,2,116461,48964496-cbbb-4646-a257-153497bbc83d,1.35,false,false,false,near_mint,en,false,USD,2026-09-25T22:53:50.095Z
hi,binder,Icy Reception,FRA,Reality Fracture,30,normal,common,3,116423,8d754b96-5e44-45af-9c7a-b0da59fbe4c3,1.48,false,false,false,near_mint,en,false,USD,2026-09-25T22:53:50.108Z
hi,binder,Artifist Acumen,FRA,Reality Fracture,73,normal,common,3,117056,7d3b720d-f27c-462a-8f80-15748e5086e1,1.41,false,false,false,near_mint,en,false,USD,2026-09-25T22:53:50.109Z
hi,binder,Wrecking Gecko,FRA,Reality Fracture,120,normal,common,2,116588,3d693cb0-681e-480a-8f70-07e94c39225c,0.49,false,false,false,near_mint,en,false,USD,2026-09-25T22:53:50.112Z
hi,binder,Medic's Kitesail,FRA,Reality Fracture,173,normal,common,3,116895,8b07409a-1dce-461d-95e4-1130521ff4c4,1.41,false,false,false,near_mint,en,false,USD,2026-09-25T22:53:50.120Z
hi,binder,Stingerquill Voxmancer // Vicious Verse,FRA,Reality Fracture,151,normal,uncommon,3,114761,84b1c268-3b8a-41b6-92e3-a2ce0cc3d738,0.94,false,false,false,near_mint,en,false,USD,2026-09-25T22:53:50.142Z
hi,binder,Campus Crier,FRA,Reality Fracture,4,normal,common,2,116469,6047b14c-91d5-4f8e-af3f-057a541e2546,0.27,false,false,false,near_mint,en,false,USD,2026-09-25T22:53:50.151Z
hi,binder,Rampart Hunter,FRA,Reality Fracture,60,normal,common,5,116673,f4a80225-7459-4151-86bb-8fdea31c39a6,1.25,false,false,false,near_mint,en,false,USD,2026-09-25T22:53:50.153Z
hi,binder,Heartstring Puller,FRA,Reality Fracture,86,normal,common,2,116938,cbfe3354-7ced-4773-9a4e-a937ae9f94f8,0.5,false,false,false,near_mint,en,false,USD,2026-09-25T22:53:50.166Z
hi,binder,Cryotheory Adept,FRA,Reality Fracture,27,normal,common,3,116907,9ba1f7ce-3404-4932-9795-22967707f762,0.2,false,false,false,near_mint,en,false,USD,2026-09-25T22:53:50.076Z
hi,binder,Tether Technician,FRA,Reality Fracture,94,normal,common,2,116926,b75bbf46-a421-467a-9433-6cf22398a3a5,,false,false,false,near_mint,en,false,USD,2026-09-25T22:53:50.107Z
hi,binder,Cadet,TFRA,Reality Fracture Tokens,1,normal,common,3,117058,8f4534d8-2783-484f-8ebf-a47b1cc4c6df,,false,false,false,near_mint,en,false,USD,2026-09-25T22:53:50.115Z
hi,binder,Leviathan,TFRA,Reality Fracture Tokens,6,normal,common,3,117062,a4339d5a-7c07-4326-b0e6-d2519332803d,,false,false,false,near_mint,en,false,USD,2026-09-25T22:53:50.138Z
hi,binder,Fateshaper Aspirant,FRA,Reality Fracture,6,normal,common,4,116965,f0c8400d-824f-4d79-84bc-7615a0deb831,0.2,false,false,false,near_mint,en,false,USD,2026-09-25T22:53:50.154Z
hi,binder,"Finneas, Ace Archer",BLB,Bloomburrow,330,normal,rare,1,95846,e77374ac-3456-48a3-a412-4474547d437c,1.02,false,false,false,near_mint,en,false,USD,2026-09-25T23:17:06.363Z
hi,binder,Sonar Strike,BLB,Bloomburrow,32,normal,common,2,96093,a50da179-751f-47a8-a547-8c4a291ed381,0.21,false,false,false,near_mint,en,false,USD,2026-09-25T23:17:06.364Z
hi,binder,Thought Shucker,BLB,Bloomburrow,77,normal,common,1,95916,44b0d83b-cc41-4f82-892c-ef6d3293228a,0.13,false,false,false,near_mint,en,false,USD,2026-09-25T23:17:06.365Z
hi,binder,Nocturnal Hunger,BLB,Bloomburrow,102,normal,common,1,96060,742c0409-9abd-4559-b52e-932cc90c531a,0.14,false,false,false,near_mint,en,false,USD,2026-09-25T23:17:06.366Z
hi,binder,Might of the Meek,BLB,Bloomburrow,144,normal,common,2,95627,509bf254-8a2b-4dfa-9ae5-386321b35e8b,0.27,false,false,false,near_mint,en,false,USD,2026-09-25T23:17:06.368Z
hi,binder,Bumbleflower's Sharepot,BLB,Bloomburrow,244,normal,common,1,95924,5f0affd5-5dcd-4dd1-a694-37a9aedf4084,0.18,false,false,false,near_mint,en,false,USD,2026-09-25T23:17:06.369Z
hi,binder,Longstalk Brawl,BLB,Bloomburrow,182,normal,common,1,95966,c7ef748c-b5e5-4e7d-bf2e-d3e6c08edb42,0.27,false,false,false,near_mint,en,false,USD,2026-09-25T23:17:06.370Z
hi,binder,Teapot Slinger,BLB,Bloomburrow,157,normal,uncommon,1,96015,30506844-349f-4b68-8cc1-d028c1611cc7,0.2,false,false,false,near_mint,en,false,USD,2026-09-25T23:17:06.371Z
hi,binder,Bark-Knuckle Boxer,BLB,Bloomburrow,164,normal,uncommon,2,95921,582637a9-6aa0-4824-bed7-d5fc91bda35e,0.23,false,false,false,near_mint,en,false,USD,2026-09-25T23:17:06.372Z
hi,binder,Plumecreed Mentor,BLB,Bloomburrow,228,normal,uncommon,1,95819,b1aa988f-547e-449a-9f1a-296c01d68d96,0.22,false,false,false,near_mint,en,false,USD,2026-09-25T23:17:06.373Z
hi,binder,Honored Dreyleader,BLB,Bloomburrow,178,normal,uncommon,2,96107,bc5ee537-52e1-474a-9326-dfacc2a758ab,0.33,false,false,false,near_mint,en,false,USD,2026-09-25T23:17:06.374Z
hi,binder,Valley Rotcaller,BLB,Bloomburrow,119,normal,rare,1,95781,4da80a9a-b1d5-4fc5-92f7-36946195d0c7,2.26,false,false,false,near_mint,en,false,USD,2026-09-25T23:17:06.375Z
hi,binder,Bonecache Overseer,BLB,Bloomburrow,85,normal,uncommon,1,95944,82defb87-237f-4b77-9673-5bf00607148f,0.24,false,false,false,near_mint,en,false,USD,2026-09-25T23:17:06.376Z
hi,binder,Darkstar Augur,TBLB,Bloomburrow Tokens,11,normal,common,2,96146,01b55966-0910-484d-9b2b-0a59233c44c4,0.38,false,false,false,near_mint,en,false,USD,2026-09-25T23:17:06.377Z
hi,binder,Seedglaive Mentor,BLB,Bloomburrow,231,normal,uncommon,1,95836,d21c3e41-0636-49a3-8c9c-384c5e5c9c3e,0.26,false,false,false,near_mint,en,false,USD,2026-09-25T23:17:06.380Z
hi,binder,Splash Lasher,BLB,Bloomburrow,73,normal,uncommon,1,95910,362ee125-35a0-46cd-a201-e6797d12d33a,0.2,false,false,false,near_mint,en,false,USD,2026-09-25T23:17:06.381Z
hi,binder,Junkblade Bruiser,BLB,Bloomburrow,220,normal,common,1,95810,918fd89b-5ab7-4ae2-920c-faca5e9da7b9,0.21,false,false,false,near_mint,en,false,USD,2026-09-25T23:17:06.382Z
hi,binder,Take Out the Trash,BLB,Bloomburrow,156,normal,common,1,95940,7a1c6f00-af4c-4d35-b682-6c0e759df9a5,0.14,false,false,false,near_mint,en,false,USD,2026-09-25T23:17:06.383Z
hi,binder,Brazen Collector,BLB,Bloomburrow,128,normal,uncommon,1,95873,78b55a58-c669-4dc6-aa63-5d9dff52e613,0.27,false,false,false,near_mint,en,false,USD,2026-09-25T23:17:06.384Z
hi,binder,Three Tree Mascot,FDN,Foundations,682,normal,common,1,100412,40b8bf3a-1cb5-4ce2-ac25-9410f17130de,0.14,false,false,false,near_mint,en,false,USD,2026-09-25T23:17:06.386Z
hi,binder,Finch Formation,BLB,Bloomburrow,50,normal,common,1,95899,1c671eab-d1ef-4d79-94eb-8b85f0d18699,0.14,false,false,false,near_mint,en,false,USD,2026-09-25T23:17:06.387Z
hi,binder,Warren Elder,BLB,Bloomburrow,37,normal,common,1,96030,4bf20069-5a20-4f95-976b-6af2b69f3ad0,0.14,false,false,false,near_mint,en,false,USD,2026-09-25T23:17:06.388Z
hi,binder,Agent of Kotis,TDM,Tarkir: Dragonstorm,36,normal,common,1,104318,812d0462-0158-467f-951d-a7a121188a10,0.06,false,false,false,near_mint,en,false,USD,2026-09-25T23:17:06.390Z
hi,binder,Adorned Crocodile,TDM,Tarkir: Dragonstorm,69,normal,common,1,105159,bb13a34b-6ac8-47cb-9e91-47106a585fc1,0.15,false,false,false,near_mint,en,false,USD,2026-09-25T23:17:06.391Z
hi,binder,Piercing Exhale,TDM,Tarkir: Dragonstorm,151,normal,common,1,104891,b2a0deb9-5bc3-42d5-9e1e-5f463d176aef,0.18,false,false,false,near_mint,en,false,USD,2026-09-25T23:17:06.392Z
hi,binder,Fresh Start,TDM,Tarkir: Dragonstorm,46,normal,uncommon,1,104818,96f7af08-ac05-45d0-979f-282943130c61,0.31,false,false,false,near_mint,en,false,USD,2026-09-25T23:17:06.394Z
hi,binder,Frontline Rush,TDM,Tarkir: Dragonstorm,186,normal,uncommon,1,104520,2ce8a205-99d6-4a9c-83a7-18b7220177d3,0.24,false,false,false,near_mint,en,false,USD,2026-09-25T23:17:06.395Z
hi,binder,Runescale Stormbrood // Chilling Screech,TDM,Tarkir: Dragonstorm,221,normal,uncommon,1,104533,317744d1-ed78-4b53-a4d8-8c7ecfd9c4ae,0.23,false,false,false,near_mint,en,false,USD,2026-09-25T23:17:06.396Z
hi,binder,Whirlwing Stormbrood // Dynamic Soar,TDM,Tarkir: Dragonstorm,322,normal,uncommon,1,104863,a621ea7f-f6d5-4663-897a-bbdc2556d665,0.35,false,false,false,near_mint,en,false,USD,2026-09-25T23:17:06.397Z
hi,binder,Dirgur Island Dragon // Skimming Strike,TDM,Tarkir: Dragonstorm,294,normal,common,1,104392,f7def6d6-c80a-4597-8a3f-3855423bc960,0.25,false,false,false,near_mint,en,false,USD,2026-09-25T23:17:06.398Z
hi,binder,Forest,TDM,Tarkir: Dragonstorm,276,normal,common,1,104283,48811e13-5774-4da1-95ec-6ea5dc4976ad,1.35,false,false,false,near_mint,en,false,USD,2026-09-25T23:17:06.399Z
hi,binder,Roar of Endless Song,TDM,Tarkir: Dragonstorm,220,normal,rare,1,104755,7a9c3531-61a8-43f5-82a2-5166e5f5a6b9,0.2,false,false,false,near_mint,en,false,USD,2026-09-25T23:17:06.400Z
hi,binder,Infantry Shield,TDC,Tarkir: Dragonstorm Commander,35,normal,rare,1,104549,37332798-462e-49d3-b197-72411ccf67e5,1.11,false,false,false,near_mint,en,false,USD,2026-09-25T23:17:06.401Z
hi,binder,Eshki Dragonclaw,TDM,Tarkir: Dragonstorm,356,normal,rare,1,104877,aafaa59e-87e1-4953-8c04-8e7a3a509827,0.33,false,false,false,near_mint,en,false,USD,2026-09-25T23:17:06.402Z
hi,binder,Scavenger Regent // Exude Toxin,TDM,Tarkir: Dragonstorm,379,normal,rare,1,104834,9cf54062-7b5b-4e46-ae1e-fab7e419a9fa,0.79,false,false,false,near_mint,en,false,USD,2026-09-25T23:17:06.403Z
hi,binder,Avenger of the Fallen,TDM,Tarkir: Dragonstorm,337,normal,rare,1,104911,bae9ca3b-cc32-410f-82e9-85cb9c4fa447,0.47,false,false,false,near_mint,en,false,USD,2026-09-25T23:17:06.404Z
hi,binder,Soldier,TTDM,Tarkir: Dragonstorm Tokens,4,normal,common,1,104692,6455d903-6996-448f-9148-9068febecb00,,false,false,false,near_mint,en,false,USD,2026-09-25T23:17:06.405Z
hi,binder,"Baylen, the Haymaker",BLB,Bloomburrow,205,normal,rare,1,95889,00e93be2-e06b-4774-8ba5-ccf82a6da1d8,1.17,false,false,false,near_mint,en,false,USD,2026-09-25T23:17:06.406Z
hi,binder,Daring Waverider,BLB,Bloomburrow,44,normal,uncommon,1,95896,19422406-0c1a-497e-bed1-708bc556491a,0.26,false,false,false,near_mint,en,false,USD,2026-09-25T23:17:06.407Z
hi,binder,Bat,TBLB,Bloomburrow Tokens,10,normal,common,1,96170,100c0127-49dd-4a78-9c88-1881e7923674,0.32,false,false,false,near_mint,en,false,USD,2026-09-25T23:17:06.408Z
hi,binder,Plains,BLB,Bloomburrow,262,normal,common,2,95768,3663ff0c-d02f-49ac-bb88-6f0dbd684337,0.35,false,false,false,near_mint,en,false,USD,2026-09-25T23:17:06.409Z
hi,binder,Lupinflower Village,BLB,Bloomburrow,256,normal,uncommon,1,95634,8ab9d56f-9178-4ec9-a5f6-b934f50d8d9d,0.29,false,false,false,near_mint,en,false,USD,2026-09-25T23:17:06.410Z
hi,binder,Bushy Bodyguard,BLB,Bloomburrow,166,normal,uncommon,2,95997,0de60cf7-fa82-4b6f-9f88-6590fba5c863,0.32,false,false,false,near_mint,en,false,USD,2026-09-25T23:17:06.411Z
hi,binder,Rabid Gnaw,BLB,Bloomburrow,147,normal,uncommon,2,96014,2f815bae-820a-49f6-8eed-46f658e7b6ff,0.2,false,false,false,near_mint,en,false,USD,2026-09-25T23:17:06.412Z
hi,binder,Mindwhisker,BLB,Bloomburrow,60,normal,uncommon,2,96099,aaa10f34-5bfd-4d87-8f07-58de3b0f5663,0.26,false,false,false,near_mint,en,false,USD,2026-09-25T23:17:06.413Z
hi,binder,Rabbit Response,BLB,Bloomburrow,26,normal,common,2,96114,c4ded450-346d-4917-917a-b62bc0267509,0.16,false,false,false,near_mint,en,false,USD,2026-09-25T23:17:06.414Z
hi,binder,Seedpod Squire,BLB,Bloomburrow,232,normal,common,1,95852,f3684577-51ce-490e-9b59-b19c733be466,0.12,false,false,false,near_mint,en,false,USD,2026-09-25T23:17:06.415Z
hi,binder,Whiskerquill Scribe,BLB,Bloomburrow,161,normal,common,2,96124,da653996-9bd4-40bd-afb4-48c7e070a269,0.15,false,false,false,near_mint,en,false,USD,2026-09-25T23:17:06.416Z
hi,binder,Banishing Light,BLB,Bloomburrow,1,normal,common,1,96011,25a06f82-ebdb-4dd6-bfe8-958018ce557c,0.12,false,false,false,near_mint,en,false,USD,2026-09-25T23:17:06.418Z
hi,binder,Thornplate Intimidator,BLB,Bloomburrow,117,normal,common,2,96019,42f66c4a-feaa-4ba6-aa56-955b43329a9e,0.12,false,false,false,near_mint,en,false,USD,2026-09-25T23:17:06.419Z
hi,binder,Nightwhorl Hermit,BLB,Bloomburrow,62,normal,common,1,95994,0928e04f-2568-41e8-b603-7a25cf5f94d0,0.14,false,false,false,near_mint,en,false,USD,2026-09-25T23:17:06.420Z
hi,binder,Glidedive Duo,BLB,Bloomburrow,96,normal,common,2,96026,4831e7ae-54e3-4bd9-b5af-52dc29f81715,0.17,false,false,false,near_mint,en,false,USD,2026-09-25T23:17:06.367Z
hi,binder,Primal Vigor,WOT,Wilds of Eldraine: Enchanting Tales,59,normal,rare,1,85538,86c63e02-41a8-4915-9e0d-fbabd916dbe7,11.84,false,false,false,near_mint,en,false,USD,2026-09-27T19:27:08.331Z
hi,binder,Spara's Adjudicators,SNC,Streets of New Capenna,224,normal,common,1,67660,29eb0e40-d184-423f-8484-ee288fda00cd,0.15,false,false,false,near_mint,en,false,USD,2026-09-27T19:27:08.333Z
hi,binder,Run Out of Town,SNC,Streets of New Capenna,58,normal,common,1,67844,7cf00112-0844-49db-a061-d0eb488de68a,0.12,false,false,false,near_mint,en,false,USD,2026-09-27T19:27:08.334Z
hi,binder,Crooked Custodian,SNC,Streets of New Capenna,71,normal,common,1,67826,723d6f60-3e8a-4c58-8b3c-9ba59a01c867,0.07,false,false,false,near_mint,en,false,USD,2026-09-27T19:27:08.335Z
hi,binder,"Rocco, Cabaretti Caterer",SNC,Streets of New Capenna,218,normal,uncommon,1,67963,b6cf8b35-2a81-40fd-b383-becb81bef806,0.22,false,false,false,near_mint,en,false,USD,2026-09-27T19:27:08.337Z
hi,binder,Corpse Appraiser,SNC,Streets of New Capenna,302,normal,uncommon,1,68074,ee198ea7-729a-47ce-89dd-43f77f60247b,0.13,false,false,false,near_mint,en,false,USD,2026-09-27T19:27:08.340Z
hi,binder,Obscura Charm,SNC,Streets of New Capenna,323,normal,uncommon,1,67731,4a02b758-65b6-4c25-83b9-de63a1a92b51,0.23,false,false,false,near_mint,en,false,USD,2026-09-27T19:27:08.341Z
hi,binder,Vivien on the Hunt,SNC,Streets of New Capenna,162,normal,mythic,1,67784,5edfb119-abc9-4d4d-bc46-33cce1a0922d,0.57,false,false,false,near_mint,en,false,USD,2026-09-27T19:27:08.342Z
hi,binder,First Responder,NCC,New Capenna Commander,60,normal,rare,1,68176,3688a806-9bff-4106-a14e-81d00bc6c87c,0.33,false,false,false,near_mint,en,false,USD,2026-09-27T19:27:08.343Z
hi,binder,Fight Rigging,SNC,Streets of New Capenna,145,normal,rare,1,67861,86fd3454-efe7-4feb-a6ad-069ae2fdbd18,1.48,false,false,false,near_mint,en,false,USD,2026-09-27T19:27:08.344Z
hi,binder,"Rigo, Streetwise Mentor",SNC,Streets of New Capenna,329,normal,rare,1,67809,6a7f28a1-e9bb-4fba-8984-3e4e386f77ed,0.24,false,false,false,near_mint,en,false,USD,2026-09-27T19:27:08.345Z
hi,binder,Magnificent End,HOB,The Hobbit,20,normal,common,1,115170,430c8916-1167-400b-9cad-d301f59d5e5d,0.09,false,false,false,near_mint,en,false,USD,2026-09-27T19:27:08.347Z
hi,binder,Confusticate and Bebother,HOB,The Hobbit,35,normal,common,1,115071,9de48690-e5ae-495a-addf-305f1db7ec21,0.18,false,false,false,near_mint,en,false,USD,2026-09-27T19:27:08.348Z
hi,binder,Galadriel's Dismissal,HOC,The Hobbit Eternal,16,normal,mythic,1,114797,1b258c47-48b8-4787-9af7-1635cc17dff6,37.11,false,false,false,near_mint,en,false,USD,2026-09-27T19:27:08.351Z
hi,binder,Roll-Roll-Roll-Roll,HOB,The Hobbit,54,normal,rare,1,115007,a2e4099e-86bd-461f-87fa-7f7850ae7eec,0.24,false,false,false,near_mint,en,false,USD,2026-09-27T19:27:08.352Z
hi,binder,Mountain,HOB,The Hobbit,197,normal,common,1,112923,51acfb01-4b0b-48fc-9704-a9b4a1e43a23,0.31,false,false,false,near_mint,en,false,USD,2026-09-27T19:27:08.353Z
hi,binder,Thorin Oakenshield,HOB,The Hobbit,202,normal,uncommon,1,114833,b6d8d14d-4713-40ea-9509-81ce68b2184d,0.33,false,false,false,near_mint,en,false,USD,2026-09-27T19:27:08.354Z
hi,binder,Dwarven Mattock,HOB,The Hobbit,172,normal,uncommon,1,115069,92c6f09d-b525-4e8c-a87c-a74df9dc3b1e,0.19,false,false,false,near_mint,en,false,USD,2026-09-27T19:27:08.357Z
hi,binder,The Mountain-king's Return,HOB,The Hobbit,22,normal,uncommon,1,114898,68f4893d-e9a5-4f89-ade3-9ab78a834ad5,0.22,false,false,false,near_mint,en,false,USD,2026-09-27T19:27:08.358Z
hi,binder,Lake-town,HOB,The Hobbit,186,normal,common,1,115044,2fbd0584-81a7-4c47-8af1-1c8635899a97,0.16,false,false,false,near_mint,en,false,USD,2026-09-27T19:27:08.359Z
hi,binder,Ragged Short Spear,HOB,The Hobbit,108,normal,common,1,115203,7bf81a8b-52ad-49f5-a3d4-22613cad3a3d,0.13,false,false,false,near_mint,en,false,USD,2026-09-27T19:27:08.360Z
hi,binder,Bolg's Company,HOB,The Hobbit,211,normal,rare,1,115220,a2ba9d82-83b6-43dd-8eb8-2401be0df754,1.05,false,false,false,near_mint,en,false,USD,2026-09-27T19:27:08.361Z
hi,binder,Keen-Eyed Curator,BLB,Bloomburrow,322,normal,rare,1,95987,004a67ce-60ef-4cc2-9f4d-f30e3029d80a,2.39,false,false,false,near_mint,en,false,USD,2026-09-27T19:27:08.362Z
hi,binder,Forest,BLB,Bloomburrow,279,normal,common,1,95769,3a7a2a54-47e1-4694-b4f6-b7d659bb2b1f,0.33,false,false,false,near_mint,en,false,USD,2026-09-27T19:27:08.363Z
hi,binder,Finch Formation,TBLB,Bloomburrow Tokens,6,normal,common,1,96461,c8be9b74-6f1a-4692-a09a-1013cae4da18,0.29,false,false,false,near_mint,en,false,USD,2026-09-27T19:27:08.365Z
hi,binder,Tidecaller Mentor,BLB,Bloomburrow,236,normal,uncommon,2,95859,fa10ffac-7cc2-41ef-b8a0-9431923c0542,0.24,false,false,false,near_mint,en,false,USD,2026-09-27T19:27:08.367Z
hi,binder,Fountainport Bell,BLB,Bloomburrow,245,normal,common,1,96094,a5c94bc0-a49d-451b-8e8d-64d46b8b8603,0.26,false,false,false,near_mint,en,false,USD,2026-09-27T19:27:08.370Z
hi,binder,Lifecreed Duo,BLB,Bloomburrow,20,normal,common,2,95968,ca543405-5e12-48a0-9a77-082ac9bcb2f2,0.21,false,false,false,near_mint,en,false,USD,2026-09-27T19:27:08.376Z
hi,binder,Ingris Stingerquill,FRA,Reality Fracture,137,normal,mythic,1,116470,6471b135-33a8-4005-9a07-ebb74e0bf145,9.87,false,false,false,near_mint,en,false,USD,2026-09-27T19:27:08.379Z
hi,binder,Awaken the Inferno,FRA,Reality Fracture,74,normal,common,1,116934,c596c4ec-8480-4be9-a45d-700398a126f6,0.79,false,false,false,near_mint,en,false,USD,2026-09-27T19:27:08.383Z
hi,binder,Kiora of Salt and Sand,FRA,Reality Fracture,273,normal,uncommon,1,116611,8151f5f5-e9f6-4fbe-b543-f456ebf22aa5,0.3,false,false,false,near_mint,en,false,USD,2026-09-27T19:27:08.388Z
hi,binder,Way of the Pyromancer,FRA,Reality Fracture,254,normal,uncommon,1,116512,c1a00020-7c14-4503-a057-5763704bb83e,0.44,false,false,false,near_mint,en,false,USD,2026-09-27T19:27:08.390Z
hi,binder,"Danitha, Sword of Hope",FRA,Reality Fracture,196,normal,uncommon,1,116657,d5cb9810-3c2d-4ae4-b8b6-0155ca3f47ad,0.27,false,false,false,near_mint,en,false,USD,2026-09-27T19:27:08.391Z
hi,binder,"Memnarch, the Warden",FRC,Reality Fracture Commander,15,normal,rare,1,116884,60d05210-c2b1-4248-a470-e0f8123d33f8,13.27,false,false,false,near_mint,en,false,USD,2026-09-27T19:27:08.392Z
hi,binder,Master of Barbs,FRA,Reality Fracture,344,normal,rare,1,116582,32dcc615-910c-413b-8774-d4db32e80e19,2.79,false,false,false,near_mint,en,false,USD,2026-09-27T19:27:08.393Z
hi,binder,Vraska's Final Mercy,FRA,Reality Fracture,343,normal,rare,1,116649,c9535252-1a05-4d3a-98e1-54bfd7832ce4,4.37,false,false,false,near_mint,en,false,USD,2026-09-27T19:27:08.394Z
hi,binder,"Chandra, Torch of Defiance",FRA,Reality Fracture,244,normal,mythic,1,112896,40cb22c8-cb03-45c9-bb0e-b8cabdcc43cd,2.11,false,false,false,near_mint,en,false,USD,2026-09-27T19:27:08.395Z
hi,binder,"Pia, Aether Ascetic",FRA,Reality Fracture,264,normal,uncommon,1,116760,ff0bc30f-9d20-458e-808f-bdc2825905a5,1.16,false,false,false,near_mint,en,false,USD,2026-09-27T19:27:08.397Z
hi,binder,Your Fate Ends Here,FRA,Reality Fracture,24,normal,uncommon,2,117045,25000a17-b701-4d69-b2ef-2c74029199d3,0.21,false,false,false,near_mint,en,false,USD,2026-09-27T19:27:08.399Z
hi,binder,Clash of Elements,FRA,Reality Fracture,126,normal,uncommon,2,116505,b61bcef7-5832-45e6-a2bc-26d4f23707fc,0.35,false,false,false,near_mint,en,false,USD,2026-09-27T19:27:08.400Z
hi,binder,Blessed Ghoul,FRA,Reality Fracture,123,normal,common,1,116928,bb975803-9bf2-401e-9414-d272df314398,1.45,false,false,false,near_mint,en,false,USD,2026-09-27T19:27:08.401Z
hi,binder,Screeching Soulbreaker,FRA,Reality Fracture,65,normal,common,1,116748,738667a1-c184-43ea-829f-49fbb69b6fc0,0.52,false,false,false,near_mint,en,false,USD,2026-09-27T19:27:08.403Z
hi,binder,"Lyra, Archangel of Dawn",FRA,Reality Fracture,294,normal,rare,1,116675,fc4635a1-1497-4643-b3e5-954808b07a54,4.56,false,false,false,near_mint,en,false,USD,2026-09-27T19:27:08.407Z
hi,binder,Enlightened Confidant,FRA,Reality Fracture,321,normal,mythic,1,114755,64126446-8c25-4be9-8559-31f407d41578,17.89,false,false,false,near_mint,en,false,USD,2026-09-27T19:27:08.408Z
hi,binder,Overwrite the Multiverse,FRA,Reality Fracture,341,normal,mythic,1,116534,c318cd29-89db-4643-b3ef-5ff8492f5c1a,6.0,false,false,false,near_mint,en,false,USD,2026-09-27T19:27:08.409Z
hi,binder,The Ur-Sphinx,FRC,Reality Fracture Commander,12,normal,rare,1,116947,d9e9d9a8-86c2-4e58-b818-466247725259,9.63,false,false,false,near_mint,en,false,USD,2026-09-27T19:27:08.410Z
hi,binder,Omnipresence,FRA,Reality Fracture,110,normal,mythic,1,116821,eaf9dc77-c83b-49cf-84be-6bd791cb925e,10.6,false,false,false,near_mint,en,false,USD,2026-09-27T19:27:08.411Z
hi,binder,Island,FRA,Reality Fracture,385,normal,common,1,116509,bc4cd881-9c34-4cf9-8afe-050e803f34a6,0.99,false,false,false,near_mint,en,false,USD,2026-09-27T19:27:08.412Z
hi,binder,"Tetsuko Umezawa, Fugitive",FRA,Reality Fracture,221,normal,uncommon,2,116583,3983d71e-3c23-4b36-b331-08e0707d8245,0.56,false,false,false,near_mint,en,false,USD,2026-09-27T19:27:08.413Z
hi,binder,"Tetsuko Umezawa, Pursuer",FRA,Reality Fracture,252,normal,uncommon,2,116661,df818900-ce5e-4b0d-a927-c975cbef7eda,0.41,false,false,false,near_mint,en,false,USD,2026-09-27T19:27:08.414Z
hi,binder,Way of the Paradox,FRA,Reality Fracture,267,normal,uncommon,1,116833,98dc5470-507a-4364-8480-42607255e56c,0.46,false,false,false,near_mint,en,false,USD,2026-09-27T19:27:08.415Z
hi,binder,Graft Surgeon,FRA,Reality Fracture,10,normal,common,1,116993,32a7a905-11bf-4b66-a28e-1066a0e372b8,1.12,false,false,false,near_mint,en,false,USD,2026-09-27T19:27:08.418Z
hi,binder,Cast Away Doubt,FRA,Reality Fracture,51,normal,common,1,116415,3b5b28a4-0abd-4dc2-9856-c9a8d27f6a2d,,false,false,false,near_mint,en,false,USD,2026-09-27T19:27:08.419Z
hi,binder,Stinging Vitriol,FRA,Reality Fracture,356,normal,rare,2,116747,71fd89cc-bf57-4b6d-a788-b4c91b3db044,1.42,false,false,false,near_mint,en,false,USD,2026-09-27T19:27:08.421Z
hi,binder,Sphinx of False Conclusions,FRA,Reality Fracture,338,normal,rare,1,116635,a62e9d0c-a802-4a14-9627-d784d6694375,3.05,false,false,false,near_mint,en,false,USD,2026-09-27T19:27:08.422Z
hi,binder,Avatar of Burgeoning Echoes,FRA,Reality Fracture,348,normal,mythic,1,116467,58910deb-a99f-43c6-acc8-46563682b486,6.25,false,false,false,near_mint,en,false,USD,2026-09-27T19:27:08.423Z
hi,binder,"Ginger, Queen of Sweets",FRC,Reality Fracture Commander,14,normal,rare,1,116966,f4ff6bf9-89a9-4c2a-84a2-d4ceb7168adf,7.1,false,false,false,near_mint,en,false,USD,2026-09-27T19:27:08.424Z
hi,binder,Kindred Judgment,FRA,Reality Fracture,13,normal,rare,1,116791,6f9f814b-8249-4e48-a05e-4c84060fe6fb,1.87,false,false,false,near_mint,en,false,USD,2026-09-27T19:27:08.425Z
hi,binder,"Winter, Tormented Loner",FRA,Reality Fracture,307,normal,uncommon,1,116621,926fadc8-2478-43ba-8e9a-ff608d651056,1.39,false,false,false,near_mint,en,false,USD,2026-09-27T19:27:08.427Z
hi,binder,"Winter, Team Player",FRA,Reality Fracture,312,normal,uncommon,1,116665,e8d2c13b-d3b5-4f4c-825d-857710c4db76,1.04,false,false,false,near_mint,en,false,USD,2026-09-27T19:27:08.428Z
hi,binder,"Yuriko, Hope from the Shadows",FRA,Reality Fracture,226,normal,uncommon,1,116592,45e81487-8b8c-480b-922a-eaa9edc7201d,0.57,false,false,false,near_mint,en,false,USD,2026-09-27T19:27:08.429Z
hi,binder,Essence Burn,FRA,Reality Fracture,369,normal,uncommon,1,116778,3802a45a-0a6f-4a1b-85b5-276bbfd67d75,2.66,false,false,false,near_mint,en,false,USD,2026-09-27T19:27:08.430Z
hi,binder,Refute Destiny,FRA,Reality Fracture,18,normal,uncommon,1,116777,2c588954-c6eb-4aae-a2fa-0651ccf2d90a,0.27,false,false,false,near_mint,en,false,USD,2026-09-27T19:27:08.431Z
hi,binder,Unsummon,FRA,Reality Fracture,46,normal,common,1,116949,ddad9f16-52d5-49de-82b0-b1a5294a9c44,0.82,false,false,false,near_mint,en,false,USD,2026-09-27T19:27:08.432Z
hi,binder,Skilled Battlecarver,FRA,Reality Fracture,92,normal,common,1,116844,0e44f959-1322-4abd-b6eb-dea992307c0c,,false,false,false,near_mint,en,false,USD,2026-09-27T19:27:08.433Z
hi,binder,Treasure,TBLB,Bloomburrow Tokens,29,normal,common,1,96541,ff0357fb-d90c-49c7-b16a-8b52ac686c3b,0.35,false,false,false,near_mint,en,false,USD,2026-09-27T19:27:08.436Z
hi,binder,Three Tree City,BLB,Bloomburrow,339,normal,rare,1,95809,8e1d8486-370a-49b6-9145-060814f38677,51.73,false,false,false,near_mint,en,false,USD,2026-09-27T19:27:08.437Z
hi,binder,"Kastral, the Windcrested",BLB,Bloomburrow,335,normal,rare,1,95796,75a84790-665b-4a23-a00f-84d1009e3d28,1.42,false,false,false,near_mint,en,false,USD,2026-09-27T19:27:08.438Z
hi,binder,Tender Wildguide,BLB,Bloomburrow,325,normal,rare,1,95760,2dc164c8-62ca-4d59-ae1c-ef273fde9d10,1.48,false,false,false,near_mint,en,false,USD,2026-09-27T19:27:08.439Z
hi,binder,"Arthur, Marigold Knight",BLC,Bloomburrow Commander,5,foil,mythic,1,96398,9b3603aa-58a2-41d4-a58f-2b3306876e35,0.35,false,false,false,near_mint,en,false,USD,2026-09-27T19:27:08.440Z
hi,binder,"Helga, Skittish Seer",BLB,Bloomburrow,217,normal,mythic,1,95914,40339715-22d0-4f99-822b-a00d9824f27a,4.32,false,false,false,near_mint,en,false,USD,2026-09-27T19:27:08.441Z
hi,binder,Burrowguard Mentor,BLB,Bloomburrow,206,normal,uncommon,1,95945,87138ace-3594-499e-bad5-ec76148613ea,0.3,false,false,false,near_mint,en,false,USD,2026-09-27T19:27:08.444Z
hi,binder,Flowerfoot Swordmaster,BLB,Bloomburrow,14,normal,uncommon,1,95812,97ff118f-9c3c-43a2-8085-980c7fe7d227,0.23,false,false,false,near_mint,en,false,USD,2026-09-27T19:27:08.445Z
hi,binder,Long River's Pull,BLB,Bloomburrow,58,normal,uncommon,1,95900,1c81d0fa-81a1-4f9b-a5fd-5a648fd01dea,0.37,false,false,false,near_mint,en,false,USD,2026-09-27T19:27:08.446Z
hi,binder,Heaped Harvest,BLB,Bloomburrow,175,normal,common,1,96255,3b5349db-0e0a-4b15-886e-0db403ef49cb,0.3,false,false,false,near_mint,en,false,USD,2026-09-27T19:27:08.448Z
hi,binder,Agate-Blade Assassin,BLB,Bloomburrow,82,normal,common,2,96017,39ebb84a-1c52-4b07-9bd0-b360523b3a5b,0.24,false,false,false,near_mint,en,false,USD,2026-09-27T19:27:08.449Z
hi,binder,Squirrel,TBLB,Bloomburrow Tokens,23,normal,common,1,96298,5a6ec62e-0e9b-4312-bfe8-cc85d76fd9e0,0.34,false,false,false,near_mint,en,false,USD,2026-09-27T19:27:08.452Z
hi,binder,Valley Mightcaller,BLB,Bloomburrow,326,normal,rare,1,96016,31330554-1824-436b-aee5-931a7b652ddf,1.91,false,false,false,near_mint,en,false,USD,2026-09-27T19:27:08.453Z
hi,binder,Early Winter,BLB,Bloomburrow,93,normal,common,1,95626,5030e6ac-211d-4145-8c87-998a8351a467,0.12,false,false,false,near_mint,en,false,USD,2026-09-27T19:27:08.455Z
hi,binder,Conduct Electricity,BLB,Bloomburrow,130,normal,common,1,95906,2f373dd6-2412-453c-85ba-10230dfe473a,0.14,false,false,false,near_mint,en,false,USD,2026-09-27T19:27:08.457Z
hi,binder,Heirloom Epic,BLB,Bloomburrow,246,normal,uncommon,2,96061,7839ce48-0175-494a-ab89-9bdfb7a50cb1,0.18,false,false,false,near_mint,en,false,USD,2026-09-27T19:27:08.459Z
hi,binder,Dewdrop Cure,BLB,Bloomburrow,10,normal,uncommon,2,95932,666aefc2-44e0-4c27-88d5-7906f245a71f,0.26,false,false,false,near_mint,en,false,USD,2026-09-27T19:27:08.460Z
hi,binder,Flamecache Gecko,BLB,Bloomburrow,135,normal,uncommon,1,96142,fb8e7c97-8393-41b8-bb0b-3983dcc5e7f4,0.22,false,false,false,near_mint,en,false,USD,2026-09-27T19:27:08.461Z
hi,binder,Starfall Invocation,BLB,Bloomburrow,34,normal,rare,1,95904,2aea38e6-ec58-4091-b27c-2761bdd12b13,0.96,false,false,false,near_mint,en,false,USD,2026-09-27T19:27:08.464Z
hi,binder,Tempt with Bunnies,BLC,Bloomburrow Commander,13,normal,rare,1,96381,90cc0369-dc9b-4e75-8e3c-ec0783fa13a9,5.82,false,false,false,near_mint,en,false,USD,2026-09-27T19:27:08.465Z
hi,binder,Iridescent Vinelasher,BLB,Bloomburrow,99,normal,rare,1,95877,b2bc854c-4e72-48e0-a098-e3451d6e511d,2.03,false,false,false,near_mint,en,false,USD,2026-09-27T19:27:08.466Z
hi,binder,Squirrel Mob,BLC,Bloomburrow Commander,85,normal,rare,1,96065,7db8f11d-19c4-4b5b-8cb8-2ca86534ad2c,8.13,false,false,false,near_mint,en,false,USD,2026-09-27T19:27:08.467Z
hi,binder,An Unexpected Party // At the Door,HOB,The Hobbit,29,normal,rare,2,112918,3aa29fe8-1687-486f-b4df-c04977869ab1,0.3,false,false,false,near_mint,en,false,USD,2026-09-27T19:27:08.349Z
hi,binder,Transformative Commons,FRA,Reality Fracture,193,normal,common,2,116925,b57d5be7-3157-4b49-aeb8-d7368ca7e9dd,0.32,false,false,false,near_mint,en,false,USD,2026-09-27T19:27:08.377Z
hi,binder,Island,UNF,Unfinity,487,foil,common,1,72695,38e083ce-0f15-4ff0-8af1-747565f2d0d8,2.77,false,false,false,near_mint,en,false,USD,2026-09-28T17:41:50.226Z
hi,binder,Plains,UNF,Unfinity,240,normal,common,1,72817,82283c22-9b64-4f41-a5bb-aeb737eee5c9,2.92,false,false,false,near_mint,en,false,USD,2026-09-28T17:41:50.227Z
hi,binder,"Meet and Greet ""Sisay""",UNF,Unfinity,264,normal,rare,1,73022,14360131-4108-4968-874f-935f920e0837,0.22,false,false,false,near_mint,en,false,USD,2026-09-28T17:41:50.228Z
hi,binder,Incite Insight,UST,Unstable,36,normal,rare,1,3251,ba905b6e-9568-4aa6-a281-248c79af87ec,0.18,false,false,false,near_mint,en,false,USD,2026-09-28T17:41:50.229Z
hi,binder,"Spinnerette, Arachnobat",UNF,Unfinity,271,normal,uncommon,1,73171,7cbcd448-23fc-4e8d-985d-df2801f5c78c,0.18,false,false,false,near_mint,en,false,USD,2026-09-28T17:41:50.230Z
hi,binder,Complaints Clerk,UNF,Unfinity,7,normal,uncommon,1,73262,c733e915-aead-4f82-92d0-37eabbfd0017,0.09,false,false,false,near_mint,en,false,USD,2026-09-28T17:41:50.231Z
hi,binder,Greatest Show in the Multiverse,UNF,Unfinity,189,normal,mythic,1,72988,f92a5413-290b-484b-b754-06ec7f1a62ac,0.23,false,false,false,near_mint,en,false,USD,2026-09-28T17:41:50.232Z
hi,binder,Grand Marshal Macie,UNF,Unfinity,168,normal,mythic,1,73279,d196ad09-a3b3-445b-8ae4-fa231758c350,0.25,false,false,false,near_mint,en,false,USD,2026-09-28T17:41:50.233Z
hi,binder,Clown Extruder,UNF,Unfinity,204d,normal,common,1,72641,0accf374-76ed-4829-9fb2-87d6a411b0dc,0.26,false,false,false,near_mint,en,false,USD,2026-09-28T17:41:50.234Z
hi,binder,Haberthrasher,UNF,Unfinity,76,normal,uncommon,1,72871,a35fa37b-5119-49b1-a51b-bb359ee272be,0.06,false,false,false,near_mint,en,false,USD,2026-09-28T17:41:50.235Z
hi,binder,Tusk and Whiskers,UNF,Unfinity,182,normal,uncommon,1,72839,903168f6-c195-47af-bdf7-b5748108d2a8,0.04,false,false,false,near_mint,en,false,USD,2026-09-28T17:41:50.236Z
hi,binder,Gobsmacked,UNF,Unfinity,11,normal,common,1,73201,937d151e-8912-4377-8afc-dc5c742c8a92,0.05,false,false,false,near_mint,en,false,USD,2026-09-28T17:41:50.237Z
hi,binder,Blufferfish,UNF,Unfinity,39,normal,common,1,73094,40f0d1cc-222c-4203-8bf7-a6941d2970ff,0.16,false,false,false,near_mint,en,false,USD,2026-09-28T17:41:50.238Z
hi,binder,Clowning Around,UNF,Unfinity,6,normal,common,1,73180,859428e7-0795-423b-b16f-fdb4335de2b8,0.22,false,false,false,near_mint,en,false,USD,2026-09-28T17:41:50.239Z
hi,binder,Boing!,UNF,Unfinity,40,normal,common,1,73331,eefcc37a-d3d6-472e-86a5-7197c69c7217,0.12,false,false,false,near_mint,en,false,USD,2026-09-28T17:41:50.240Z
hi,binder,Cat,TUNF,Unfinity Tokens,1,normal,common,1,73370,a16b4228-ed85-4d31-8760-88539b9a3cf9,1.07,false,false,false,near_mint,en,false,USD,2026-09-28T17:41:50.241Z
hi,binder,Enduring Curiosity,DSK,Duskmourn: House of Horror,51,normal,rare,1,98647,8616629e-08f9-41ad-bfec-f86c8096f1cb,5.36,false,false,false,near_mint,en,false,USD,2026-10-01T04:28:32.014Z
hi,binder,"Prismari, the Inspiration",SOS,Secrets of Strixhaven,212,normal,mythic,1,111716,767ff9fa-4e7f-421a-b911-45186b520ae1,3.55,false,false,false,near_mint,en,false,USD,2026-10-01T04:28:32.015Z
hi,binder,Whiskervale Forerunner,BLB,Bloomburrow,301,normal,rare,1,95942,7ea69966-8961-4447-bd39-70d3d8d48ede,0.44,false,false,false,near_mint,en,false,USD,2026-10-01T04:28:32.016Z
hi,binder,Scrapshooter,BLB,Bloomburrow,324,normal,rare,1,96087,9afd22ab-64e7-4b85-804d-faccd4452487,0.7,false,false,false,near_mint,en,false,USD,2026-10-01T04:28:32.017Z
hi,binder,Sunspine Lynx,BLB,Bloomburrow,292,normal,rare,1,95885,f1c414b4-3374-44e4-98b4-03193e701eb1,2.61,false,false,false,near_mint,en,false,USD,2026-10-01T04:28:32.018Z
hi,binder,Bloodroot Apothecary,BLC,Bloomburrow Commander,27,normal,rare,1,96472,d39e0024-9a91-49d6-bfbf-9dbf7d228687,3.3,false,false,false,near_mint,en,false,USD,2026-10-01T04:28:32.019Z
hi,binder,Artist's Talent,BLB,Bloomburrow,124,normal,rare,1,95806,8b9e51d9-189b-4dd6-87cb-628ea6373e81,6.13,false,false,false,near_mint,en,false,USD,2026-10-01T04:28:32.020Z
hi,binder,Forest,BLB,Bloomburrow,278,normal,common,1,95855,f791876a-f3fb-45b8-90a9-af846d8b8f74,0.38,false,false,false,near_mint,en,false,USD,2026-10-01T04:28:32.021Z
hi,binder,Curious Forager,BLB,Bloomburrow,169,normal,uncommon,1,95929,64653b4a-e139-45f9-a915-ab49afb6b795,0.33,false,false,false,near_mint,en,false,USD,2026-10-01T04:28:32.022Z
hi,binder,Rust-Shield Rampager,TBLB,Bloomburrow Tokens,22,normal,common,1,96500,e2dd6325-e3d8-4816-ac52-8838c12b4922,0.3,false,false,false,near_mint,en,false,USD,2026-10-01T04:28:32.031Z
hi,binder,Sygg's Command,ECL,Lorwyn Eclipsed,244,normal,rare,1,110786,8bc13fc2-e254-4db5-ad4d-f92711a1a6ca,0.26,false,false,false,near_mint,en,false,USD,2026-10-01T04:28:32.033Z
hi,binder,Fabled Passage,BLB,Bloomburrow,252,normal,rare,1,96075,8809830f-d8e1-4603-9652-0ad8b00234e9,2.1,false,false,false,near_mint,en,false,USD,2026-10-01T04:28:32.036Z
hi,binder,Evercoat Ursine,BLC,Bloomburrow Commander,30,normal,rare,1,96429,b299d768-b171-47e5-b69d-82ce13917c43,0.48,false,false,false,near_mint,en,false,USD,2026-10-01T04:28:32.037Z
hi,binder,Darkstar Augur,BLB,Bloomburrow,90,normal,rare,1,95898,1c603751-1e2b-4c8e-a8d2-5c0876e7254f,0.58,false,false,false,near_mint,en,false,USD,2026-10-01T04:28:32.038Z
hi,binder,Rockface Village,BLB,Bloomburrow,259,normal,uncommon,1,95629,62799d24-39a6-4e66-8ac3-7cafa99e6e6d,0.29,false,false,false,near_mint,en,false,USD,2026-10-01T04:28:32.040Z
hi,binder,Harnesser of Storms,BLB,Bloomburrow,137,normal,uncommon,1,95962,b56beeb6-88ca-475e-8654-1d4e8b4aa3c0,0.29,false,false,false,near_mint,en,false,USD,2026-10-01T04:28:32.041Z
hi,binder,Moonstone Harbinger,BLB,Bloomburrow,101,normal,uncommon,1,95922,59e4aa8d-1d06-48db-b205-aa2f1392bbcb,0.27,false,false,false,near_mint,en,false,USD,2026-10-01T04:28:32.042Z
hi,binder,Feather of Flight,BLB,Bloomburrow,13,normal,uncommon,1,95956,9fb41503-8632-4bf1-9bfe-6d9b9993c337,0.35,false,false,false,near_mint,en,false,USD,2026-10-01T04:28:32.043Z
hi,binder,Mind Drill Assailant,BLB,Bloomburrow,225,normal,common,1,95783,507ba708-ca9b-453e-b4c2-23b6650eb5a8,0.12,false,false,false,near_mint,en,false,USD,2026-10-01T04:28:32.044Z
hi,binder,Stickytongue Sentinel,BLB,Bloomburrow,193,normal,common,1,96105,b5fa9651-b217-4f93-9c46-9bdb11feedcb,0.24,false,false,false,near_mint,en,false,USD,2026-10-01T04:28:32.045Z
hi,binder,Bellowing Crier,BLB,Bloomburrow,42,normal,common,1,96119,ca2215dd-6300-49cf-b9b2-3a840b786c31,0.17,false,false,false,near_mint,en,false,USD,2026-10-01T04:28:32.046Z
hi,binder,Rottenmouth Viper,BLB,Bloomburrow,290,normal,mythic,1,96062,7bad7555-3e5d-4096-a671-184630d38113,12.3,false,false,false,near_mint,en,false,USD,2026-10-01T04:28:32.049Z
hi,binder,Liliana of the Dark Realms,BLC,Bloomburrow Commander,78,normal,mythic,1,95735,00e73c6f-bdbb-474b-9b24-44cb3fd5f751,19.76,false,false,false,near_mint,en,false,USD,2026-10-01T04:28:32.050Z
hi,binder,Druid Class,AFR,Adventures in the Forgotten Realms,180,normal,uncommon,1,60142,09278e95-eaae-4cd4-a0d8-a2d15b0abb58,1.19,false,false,false,near_mint,en,false,USD,2026-10-01T04:28:32.051Z
hi,binder,Lair of the Hydra,AFR,Adventures in the Forgotten Realms,356,normal,rare,1,60346,9c10d359-543a-4d2e-9bbe-23f93a14aa2d,1.89,false,false,false,near_mint,en,false,USD,2026-10-01T04:28:32.052Z
hi,binder,Avacyn's Judgment,VOC,Crimson Vow Commander,142,normal,rare,1,64509,2642eb44-becf-4e99-934f-7241fcc32dee,0.23,false,false,false,near_mint,en,false,USD,2026-10-01T04:28:32.053Z
hi,binder,Hooded Hydra,MKC,Murders at Karlov Manor Commander,171,normal,mythic,1,90427,828f752e-cf94-4d0e-913d-aa425a005849,1.49,false,false,false,near_mint,en,false,USD,2026-10-01T04:28:32.054Z
hi,binder,Bootleggers' Stash,DRC,Aetherdrift Commander,110,normal,mythic,1,103194,9be25e90-393a-4c30-86e2-6fa0d8be4247,0.31,false,false,false,near_mint,en,false,USD,2026-10-01T04:28:32.055Z
hi,binder,Witherbloom Charm,SOS,Secrets of Strixhaven,244,normal,uncommon,2,111694,254437f7-7a8a-4b11-9cea-e8e7ea23c59e,0.32,false,false,false,near_mint,en,false,USD,2026-10-01T04:28:32.056Z
hi,binder,Tireless Provisioner,BLC,Bloomburrow Commander,243,normal,uncommon,1,96420,ac73d130-ceb6-41ea-af0d-314d5adba9e6,3.5,false,false,false,near_mint,en,false,USD,2026-10-01T04:28:32.057Z
hi,binder,Hydra Broodmaster,M3C,Modern Horizons 3 Commander,233,normal,rare,1,95044,d9947547-5f16-4972-ba1e-33bed3e49d34,0.33,false,false,false,near_mint,en,false,USD,2026-10-01T04:28:32.058Z
hi,binder,"Sam, Loyal Attendant",LTC,Tales of Middle-earth Commander,7,normal,mythic,1,83157,687a2b76-3f05-4732-bd9b-513d06d16300,0.51,false,false,false,near_mint,en,false,USD,2026-10-01T04:28:32.059Z
hi,binder,Brass's Bounty,FDN,Foundations,190,normal,rare,1,100610,65fe7127-b0ec-400f-97f1-6e17ab8e319d,0.56,false,false,false,near_mint,en,false,USD,2026-10-01T04:28:32.060Z
hi,binder,Primordial Hydra,SOC,Secrets of Strixhaven Commander,284,normal,mythic,1,111879,29515c55-3b48-4c1d-a10b-b27fd1eb7a93,1.29,false,false,false,near_mint,en,false,USD,2026-10-01T04:28:32.061Z
hi,binder,Goldvein Pick,FDN,Foundations,253,normal,common,1,101572,a241317d-2277-467e-a8f9-aa71c944e244,0.36,false,false,false,near_mint,en,false,USD,2026-10-01T04:28:32.062Z
hi,binder,Dragonspark Reactor,NEO,Kamigawa: Neon Dynasty,137,normal,uncommon,1,66715,5cf531dd-0a93-43e3-880b-f705fa5f533d,0.34,false,false,false,near_mint,en,false,USD,2026-10-01T04:28:32.063Z
hi,binder,Voracious Hydra,M20,Core Set 2020,200,normal,rare,1,45261,74bbe44f-864a-446c-bfc9-5f5188e663b8,4.06,false,false,false,near_mint,en,false,USD,2026-10-01T04:28:32.064Z
hi,binder,"Mina and Denn, Wildborn",ZNC,Zendikar Rising Commander,94,normal,rare,1,55362,374b5d57-fd20-4062-9ec2-24ac557d9dde,1.08,false,false,false,near_mint,en,false,USD,2026-10-01T04:28:32.065Z
hi,binder,Enter the Unknown,RIX,Rivals of Ixalan,128,normal,uncommon,1,2890,96acf94b-75bb-4f0e-92be-978ce5920710,0.33,false,false,false,near_mint,en,false,USD,2026-10-01T04:28:32.066Z
hi,binder,"Jinnie Fay, Jetmir's Second",SNC,Streets of New Capenna,313,normal,rare,1,67820,702f2011-be9c-4b83-b503-59a59284ab51,0.83,false,false,false,near_mint,en,false,USD,2026-10-01T04:28:32.067Z
hi,binder,Improvised Arsenal,TMT,Teenage Mutant Ninja Turtles,92,normal,rare,1,110900,003265d9-b2fc-4916-afc8-53ed2d6aa053,0.64,false,false,false,near_mint,en,false,USD,2026-10-01T04:28:32.068Z
hi,binder,Gilded Goose,SOC,Secrets of Strixhaven Commander,269,normal,rare,1,111952,5ea59511-24b1-4925-9948-9d4c0d27d1c5,0.38,false,false,false,near_mint,en,false,USD,2026-10-01T04:28:32.069Z
hi,binder,Peregrin Took,LTR,The Lord of the Rings: Tales of Middle-earth,315,normal,uncommon,1,83673,fbbdd288-83ec-4be9-b55f-17771fd5ecc4,0.32,false,false,false,near_mint,en,false,USD,2026-10-01T04:28:32.070Z
hi,binder,Hydradoodle,UST,Unstable,112,normal,rare,1,3148,760e482c-8725-410e-9d9f-c377649fe8bb,0.49,false,false,false,near_mint,en,false,USD,2026-10-01T04:28:32.071Z
hi,binder,For the Common Good,BLB,Bloomburrow,321,normal,rare,1,96046,60d1e35e-f5c8-422d-83d2-839ab7766f25,5.58,false,false,false,near_mint,en,false,USD,2026-10-01T04:28:32.073Z
hi,binder,Marrow-Gnawer,BLC,Bloomburrow Commander,79,normal,rare,1,95992,073a04e9-7c18-469d-ac3b-941eb50a6f01,21.42,false,false,false,near_mint,en,false,USD,2026-10-01T04:28:32.074Z
hi,binder,Prosperous Bandit,BLC,Bloomburrow Commander,25,normal,rare,1,96325,6b3a7194-25e8-4639-a490-96e9cfce0f84,0.38,false,false,false,near_mint,en,false,USD,2026-10-01T04:28:32.075Z
hi,binder,Scrapshooter,BLB,Bloomburrow,191,normal,rare,1,96113,c42ab407-e72d-4c48-9a9e-2055b5e71c69,0.36,false,false,false,near_mint,en,false,USD,2026-10-01T04:28:32.076Z
hi,binder,Mountain,BLB,Bloomburrow,274,normal,common,1,91708,c1bba8fb-d763-4efa-8db1-e5e81994b5f9,0.35,false,false,false,near_mint,en,false,USD,2026-10-01T04:28:32.077Z
hi,binder,Parting Gust,BLB,Bloomburrow,24,normal,uncommon,1,95744,1086e826-94b8-4398-8a38-d8eacca56a43,0.88,false,false,false,near_mint,en,false,USD,2026-10-01T04:28:32.079Z
hi,binder,Feed the Cycle,BLB,Bloomburrow,94,normal,uncommon,1,96067,7e017ff8-2936-4a1b-bece-00004cfbad06,0.23,false,false,false,near_mint,en,false,USD,2026-10-01T04:28:32.080Z
hi,binder,Spellgyre,BLB,Bloomburrow,72,normal,uncommon,1,96139,f6f6620a-1d40-429d-9a0c-aaeb62adaa71,0.22,false,false,false,near_mint,en,false,USD,2026-10-01T04:28:32.081Z
hi,binder,Steampath Charger,BLB,Bloomburrow,153,normal,common,1,95890,03bf1296-e347-4070-8c6f-5c362c2f9364,0.11,false,false,false,near_mint,en,false,USD,2026-10-01T04:28:32.083Z
hi,binder,Run Away Together,BLB,Bloomburrow,67,normal,common,1,95799,7cb7ec70-a5a4-4188-ba1a-e88b81bdbad0,0.21,false,false,false,near_mint,en,false,USD,2026-10-01T04:28:32.084Z
hi,binder,Stark Industries Executive,MSH,Marvel Super Heroes,153,normal,common,1,113772,709ffd07-706c-471f-b74d-4637afa11686,0.22,false,false,false,near_mint,en,false,USD,2026-10-01T16:36:29.515Z
hi,binder,"Baylen, the Haymaker",SLD,Secret Lair Drop,2377,normal,rare,1,111403,08580488-686a-48cd-9a15-757fa0e4ff83,21.93,false,false,false,near_mint,en,false,USD,2026-10-01T16:36:29.516Z
hi,binder,Felidar Retreat,SLD,Secret Lair Drop,2378,normal,rare,1,111409,5f8c16d5-c2ed-4e5c-8f50-d39013845f55,7.79,false,false,false,near_mint,en,false,USD,2026-10-01T16:36:29.517Z
hi,binder,Master of Ceremonies,SLD,Secret Lair Drop,2379,normal,rare,1,111417,ac736037-113f-4e4b-8b97-7b2300b0d276,17.69,false,false,false,near_mint,en,false,USD,2026-10-01T16:36:29.518Z
hi,binder,Second Harvest,SLD,Secret Lair Drop,2380,normal,rare,1,111425,eaf56de3-a2c5-476a-9fac-f149e8c3aa3d,12.64,false,false,false,near_mint,en,false,USD,2026-10-01T16:36:29.519Z
hi,binder,Sunforger,SLD,Secret Lair Drop,2381,normal,rare,1,111426,f55ea597-fedb-443d-a242-3f161812ec11,11.85,false,false,false,near_mint,en,false,USD,2026-10-01T16:36:29.520Z
hi,binder,Big Score,SLD,Secret Lair Drop,7076,normal,rare,1,111645,c09bb44b-af66-4183-826d-867299dc1b3e,3.32,false,false,false,near_mint,en,false,USD,2026-10-01T16:36:29.521Z
hi,binder,Sol Ring,SLD,Secret Lair Drop,2315,normal,rare,1,109237,835df088-5860-46b1-9c4d-3607d0293963,22.15,false,false,false,near_mint,en,false,USD,2026-10-03T04:52:13.752Z
hi,binder,Heartwood,TFRA,Reality Fracture Tokens,11,normal,common,1,116536,eb4bf635-04d7-4994-9f70-4ff573a767e7,,false,false,false,near_mint,en,false,USD,2026-10-07T20:37:06.776Z
hi,binder,Way of the Mind Sculptor,FRA,Reality Fracture,224,normal,uncommon,1,116832,5838af68-66c3-4fe8-ab89-0a1721b0cfeb,0.26,false,false,false,near_mint,en,false,USD,2026-10-07T20:37:06.777Z
hi,binder,"Vraska, the Cutting Glare",FRA,Reality Fracture,278,normal,rare,1,116598,5c28b012-5efb-488f-a1c1-09e2dddfd6ee,0.37,false,false,false,near_mint,en,false,USD,2026-10-07T20:37:06.779Z
hi,binder,Lich's Relic,FRA,Reality Fracture,365,normal,rare,1,117018,b66b0007-e973-4854-ac84-b1017b14186c,4.67,false,false,false,near_mint,en,false,USD,2026-10-07T20:37:06.780Z
hi,binder,Rise of the Deathbringer,FRA,Reality Fracture,326,normal,rare,1,116812,bc6be107-b3e3-4f71-880c-79755fafe98d,0.76,false,false,false,near_mint,en,false,USD,2026-10-07T20:37:06.782Z
hi,binder,Proctor of Potential,FRA,Reality Fracture,354,normal,rare,1,116591,4589d911-1740-470d-9da5-7fbab448e184,0.37,false,false,false,near_mint,en,false,USD,2026-10-07T20:37:06.783Z
hi,binder,"Mabel, Bitter Recluse",FRA,Reality Fracture,233,normal,uncommon,1,116639,b2a412b0-2ae4-4552-bc5e-70654b6b9b4e,0.24,false,false,false,near_mint,en,false,USD,2026-10-07T20:37:06.784Z
hi,binder,Divining Duelist,FRA,Reality Fracture,29,normal,common,1,116904,960c7335-331d-488b-be68-2ad1c1c695dc,0.22,false,false,false,near_mint,en,false,USD,2026-10-07T20:37:06.791Z
hi,binder,Sureshot Sower,FRA,Reality Fracture,115,normal,common,1,116810,b635389c-e286-4edb-80d1-23dbe4a18857,0.24,false,false,false,near_mint,en,false,USD,2026-10-07T20:37:06.792Z
hi,binder,"Vraska, the Cutting Glare",FRA,Reality Fracture,319,normal,rare,1,116627,9e80737c-c228-4a69-acd8-c8bb2f6d8bd0,0.72,false,false,false,near_mint,en,false,USD,2026-10-07T20:37:06.794Z
hi,binder,Tenured Tethermage,FRA,Reality Fracture,357,normal,rare,1,116744,6ae471aa-74c3-416b-a884-bcf1bb2f6004,0.41,false,false,false,near_mint,en,false,USD,2026-10-07T20:37:06.795Z
hi,binder,Pyre Rhymer // Molten Tide,FRA,Reality Fracture,91,normal,rare,1,116776,2b0ebea0-86de-4da4-9fe8-dacc1e75c161,0.54,false,false,false,near_mint,en,false,USD,2026-10-07T20:37:06.796Z
hi,binder,"Tamiyo, Upriser Crowned",FRC,Reality Fracture Commander,11,normal,rare,1,116842,0d52b0fd-60a4-4e90-bc4a-3200493779d3,0.33,false,false,false,near_mint,en,false,USD,2026-10-07T20:37:06.797Z
hi,binder,Gingerbrute Token,TFRC,Reality Fracture Commander Tokens,12,normal,common,1,117069,dc2dff97-a68b-497f-a004-1e14ba5116ea,,false,false,false,near_mint,en,false,USD,2026-10-07T20:37:06.807Z
hi,binder,Aerid Konstrari,FRA,Reality Fracture,407,foil,mythic,1,116517,dc29f777-a9ac-488f-b36a-51b4a4fabe73,27.97,false,false,false,near_mint,en,false,USD,2026-10-07T20:37:06.808Z
hi,binder,"Karn, Argent Defender",FRA,Reality Fracture,320,normal,rare,1,116481,7deb091c-6fa8-44b5-a580-c0289112b6cb,1.64,false,false,false,near_mint,en,false,USD,2026-10-07T20:37:06.809Z
hi,binder,"Karn, Gilded Guardian",FRA,Reality Fracture,316,normal,rare,1,116457,3c3863a1-7c9f-4884-8915-84d088ce231c,0.51,false,false,false,near_mint,en,false,USD,2026-10-07T20:37:06.810Z
hi,binder,Turbulent Crater,FRC,Reality Fracture Commander,16,normal,rare,1,116841,0cb04417-063e-45f7-86d3-7648111d04d7,2.41,false,false,false,near_mint,en,false,USD,2026-10-07T20:37:06.811Z
hi,binder,Simulacrum Shaper,FRA,Reality Fracture,113,normal,rare,1,116794,7c725702-8696-4e5a-8318-62f5e2616d52,1.87,false,false,false,near_mint,en,false,USD,2026-10-07T20:37:06.812Z
hi,binder,Rewrite Regrets,FRA,Reality Fracture,62,normal,uncommon,1,116459,453cfde7-c460-4b55-9472-b714e16f24bb,0.26,false,false,false,near_mint,en,false,USD,2026-10-07T20:37:06.817Z
hi,binder,Precise Redaction,FRA,Reality Fracture,36,normal,uncommon,1,116803,9244efad-35ab-45c0-b173-4bc68276cb67,0.24,false,false,false,near_mint,en,false,USD,2026-10-07T20:37:06.818Z
hi,binder,Dedicated Commons,FRA,Reality Fracture,175,normal,common,1,116865,3223e5db-5cc4-42f9-ae9e-ff58abc7c390,0.22,false,false,false,near_mint,en,false,USD,2026-10-07T20:37:06.821Z
hi,binder,Forest,ECL,Lorwyn Eclipsed,278,normal,common,3,110395,b43297de-7378-474f-a85f-910fa7cbb4f4,0.36,false,false,false,near_mint,en,false,USD,2026-10-07T20:37:06.824Z
hi,binder,Assemble the Entmoot,LTC,Tales of Middle-earth Commander,36,normal,rare,1,83026,409c226b-ef01-4ccd-b23e-d94bdc1e4aa5,0.33,false,false,false,near_mint,en,false,USD,2026-10-07T20:37:06.826Z
hi,binder,Springleaf Parade,ECC,Lorwyn Eclipsed Commander,19,normal,rare,1,110491,44265489-645a-43b0-bc1f-726905b06876,7.46,false,false,false,near_mint,en,false,USD,2026-10-07T20:37:06.827Z
hi,binder,"Mabel, Valley Hero",FRA,Reality Fracture,274,normal,uncommon,2,116594,47abea4b-9848-48aa-bc1b-f04f4799e920,0.31,false,false,false,near_mint,en,false,USD,2026-10-07T20:37:06.785Z
hi,binder,Kalastria Nightwatch,BFZ,Battle for Zendikar,115,normal,common,1,10236,13989bf2-fd02-4702-9170-4b066837de65,0.08,false,false,false,near_mint,en,false,USD,2026-10-07T23:53:18.988Z
hi,binder,Demon's Grasp,DDR,Duel Decks: Nissa vs. Ob Nixilis,43,normal,common,1,7820,8ee78a0d-8a76-4d21-b65c-03f27f1a96c5,0.16,false,false,false,near_mint,en,false,USD,2026-10-07T23:53:18.989Z
hi,binder,Red Herring,MKM,Murders at Karlov Manor,142,normal,common,1,90942,6c137a44-9ab6-4e59-8324-34d9dca8f5a6,0.12,false,false,false,near_mint,en,false,USD,2026-10-07T23:53:18.991Z
hi,binder,Telling Time,GK1,GRN Guild Kit,4,normal,uncommon,1,142,1b921881-6967-477e-a419-6fd7462e768a,0.21,false,false,false,near_mint,en,false,USD,2026-10-07T23:53:18.992Z
hi,binder,Sift,2XM,Double Masters,69,normal,common,1,52130,4f9fb948-86fb-497b-98bf-1f69eac9901e,0.07,false,false,false,near_mint,en,false,USD,2026-10-07T23:53:18.993Z
hi,binder,Ghost Warden,10E,Tenth Edition,16,normal,common,1,26127,2cd81534-79cb-4fde-bfa5-11c510ac6e11,0.05,false,false,false,near_mint,en,false,USD,2026-10-07T23:53:18.994Z
hi,binder,Rushwood Dryad,10E,Tenth Edition,294,normal,common,1,25752,3ed23582-3260-44c6-9884-904d294442ad,0.1,false,false,false,near_mint,en,false,USD,2026-10-07T23:53:18.995Z
hi,binder,"Decisions, Decisions",UNF,Unfinity,44,normal,common,1,73302,de388bf5-373e-4f3a-a7ab-cfa121f15964,0.05,false,false,false,near_mint,en,false,USD,2026-10-07T23:53:18.996Z
hi,binder,Daring Thunder-Thief,OTJ,Outlaws of Thunder Junction,41,normal,common,1,93310,b41a2bf7-248c-4f8b-92ec-3010d276cb59,0.13,false,false,false,near_mint,en,false,USD,2026-10-07T23:53:18.997Z
hi,binder,Viewpoint Synchronization,ACR,Assassin's Creed,43,normal,uncommon,1,95464,b0f10999-c7c2-462e-bd75-e3710f7a3364,0.31,false,false,false,near_mint,en,false,USD,2026-10-07T23:53:18.998Z
hi,binder,Draconian Gate-Bot,UNF,Unfinity,188,normal,common,1,73170,7c97bdec-d085-4929-927b-ba0d81a2987d,0.1,false,false,false,near_mint,en,false,USD,2026-10-07T23:53:18.999Z
hi,binder,Wanted Griffin,OTJ,Outlaws of Thunder Junction,38,normal,common,1,93187,624a176b-fe24-4441-8877-464cf172ccff,0.13,false,false,false,near_mint,en,false,USD,2026-10-07T23:53:19.002Z
hi,binder,Tasigur's Cruelty,FRF,Fate Reforged,88,normal,common,1,12038,169748df-10ac-4db4-ba94-192345c6fad3,0.15,false,false,false,near_mint,en,false,USD,2026-10-07T23:53:19.004Z
hi,binder,Alesha's Vanguard,FRF,Fate Reforged,60,normal,common,1,12066,69bb135f-1c58-42ed-bbf2-4a2e842f99d7,0.03,false,false,false,near_mint,en,false,USD,2026-10-07T23:53:19.005Z
hi,binder,Stormrider Rig,DTK,Dragons of Tarkir,245,normal,uncommon,1,11569,38b08344-780d-4bd7-882a-dcadeb40f159,0.14,false,false,false,near_mint,en,false,USD,2026-10-07T23:53:19.006Z
hi,binder,Ojutai Monument,DTK,Dragons of Tarkir,242,normal,uncommon,1,11572,8ef29942-a7e3-4e47-9f95-527a5d7e4f1d,0.17,false,false,false,near_mint,en,false,USD,2026-10-07T23:53:19.007Z
hi,binder,Izzet Locket,C19,Commander 2019,215,normal,common,1,45719,a32ecc71-b924-4414-94ee-c6cb0ba752e5,0.33,false,false,false,near_mint,en,false,USD,2026-10-07T23:53:19.008Z
hi,binder,Golgari Locket,GRN,Guilds of Ravnica,237,normal,common,1,246,1c2e7843-9a87-46cb-be06-6db58649db85,0.2,false,false,false,near_mint,en,false,USD,2026-10-07T23:53:19.009Z
hi,binder,Mountain,DFT,Aetherdrift,288,normal,common,1,102377,653e2393-30a7-4e0c-bd20-f05ca0ba3cb6,0.17,false,false,false,near_mint,en,false,USD,2026-10-07T23:53:19.010Z
hi,binder,Reef Roads,DFT,Aetherdrift,259,normal,uncommon,1,103105,73a8171a-2629-4356-ae86-b4d03aa14bd3,0.23,false,false,false,near_mint,en,false,USD,2026-10-07T23:53:19.011Z
hi,binder,"Daretti, Rocketeer Engineer",DFT,Aetherdrift,120,normal,rare,1,100067,be626e2f-1075-4497-bd5b-bd805777afd3,0.35,false,false,false,near_mint,en,false,USD,2026-10-07T23:53:19.012Z
hi,binder,Rocky Roads,DFT,Aetherdrift,261,normal,uncommon,1,103095,6f0d4e8a-aab5-458e-bc0e-2b6b0054646a,0.31,false,false,false,near_mint,en,false,USD,2026-10-07T23:53:19.013Z
hi,binder,Back on Track,DFT,Aetherdrift,76,normal,uncommon,1,103150,884c0032-9c62-4028-a55f-6a3da2545654,0.17,false,false,false,near_mint,en,false,USD,2026-10-07T23:53:19.014Z
hi,binder,Rocketeer Boostbuggy,DFT,Aetherdrift,220,normal,uncommon,1,103030,4c80c91e-dd3d-4c7b-89e4-bfb253eeaee2,0.2,false,false,false,near_mint,en,false,USD,2026-10-07T23:53:19.015Z
hi,binder,Voyage Home,DFT,Aetherdrift,227,normal,uncommon,1,103495,4ba835da-0247-4716-9079-1b605297f6d5,0.31,false,false,false,near_mint,en,false,USD,2026-10-07T23:53:19.016Z
hi,binder,Trip Up,DFT,Aetherdrift,71,normal,common,1,103451,273061f3-7aa7-4cb0-afd6-616252b88948,0.07,false,false,false,near_mint,en,false,USD,2026-10-07T23:53:19.017Z
hi,binder,Camera Launcher,DFT,Aetherdrift,232,normal,common,1,103580,968651db-92fb-46cd-acda-9e097668b7c9,0.14,false,false,false,near_mint,en,false,USD,2026-10-07T23:53:19.018Z
hi,binder,Guidelight Optimizer,DFT,Aetherdrift,45,normal,common,1,103658,e9fc07dd-05b1-49ed-a3ee-46c31b8e0a3d,0.18,false,false,false,near_mint,en,false,USD,2026-10-07T23:53:19.019Z
hi,binder,Run Over,DFT,Aetherdrift,179,normal,common,1,103519,642f8fdd-6c58-49a3-904c-27f717cae980,0.2,false,false,false,near_mint,en,false,USD,2026-10-07T23:53:19.020Z
hi,binder,Maximum Overdrive,DFT,Aetherdrift,96,normal,common,1,103513,5f6e5bb2-cfe9-48e5-86f9-e21f3d328327,0.19,false,false,false,near_mint,en,false,USD,2026-10-07T23:53:19.021Z
hi,binder,Lightning Strike,DFT,Aetherdrift,136,normal,common,1,103461,30077b49-b825-4dbb-a0c7-f3992f647df0,0.22,false,false,false,near_mint,en,false,USD,2026-10-07T23:53:19.022Z
hi,binder,Brightfield Glider,DFT,Aetherdrift,4,normal,common,1,103128,7eb819eb-ba5c-4449-87b5-3894380558bc,0.11,false,false,false,near_mint,en,false,USD,2026-10-07T23:53:19.023Z
hi,binder,Ally,TTLA,Avatar: The Last Airbender Tokens,4,normal,common,1,109995,f842c52a-04b6-4625-ba58-45b043ada340,,false,false,false,near_mint,en,false,USD,2026-10-07T23:53:19.024Z
hi,binder,Island,TLA,Avatar: The Last Airbender,293,normal,common,1,109562,dd5b22ec-847a-46bd-828e-be6059b4faec,0.42,false,false,false,near_mint,en,false,USD,2026-10-07T23:53:19.025Z
hi,binder,Hero,TMSH,Marvel Super Heroes Tokens,2,normal,common,1,114575,e4a64831-eec5-4fc9-8904-19523af3ca42,,false,false,false,near_mint,en,false,USD,2026-10-07T23:53:19.026Z
hi,binder,Plains,MSH,Marvel Super Heroes,287,normal,common,1,113194,5f029c91-f20b-4aa5-a7d9-dd6ddef1c877,0.16,false,false,false,near_mint,en,false,USD,2026-10-07T23:53:19.027Z
hi,binder,Helicarrier Strike,MSH,Marvel Super Heroes,15,normal,common,1,113763,6e518842-ce44-4af2-8f38-89869828294a,0.12,false,false,false,near_mint,en,false,USD,2026-10-07T23:53:19.028Z
hi,binder,The Astonishing Ant-Man,MSH,Marvel Super Heroes,204,normal,rare,1,113731,5d98073e-2828-4365-a8d6-f631aac0cca9,0.3,false,false,false,near_mint,en,false,USD,2026-10-07T23:53:19.029Z
hi,binder,Dark Deed,MSH,Marvel Super Heroes,93,normal,uncommon,1,113178,49e36cac-3999-40b3-91b3-85af4fded679,0.17,false,false,false,near_mint,en,false,USD,2026-10-07T23:53:19.030Z
hi,binder,Hex Magic,MSH,Marvel Super Heroes,133,normal,uncommon,1,113591,259bed47-1950-43ae-8efd-3009537529a8,0.55,false,false,false,near_mint,en,false,USD,2026-10-07T23:53:19.031Z
hi,binder,"She-Hulk, Jade Defender",MSH,Marvel Super Heroes,188,normal,uncommon,1,114006,d22a8d02-023c-4f71-a771-16b5aa2a05d7,0.21,false,false,false,near_mint,en,false,USD,2026-10-07T23:53:19.032Z
hi,binder,"Justice, Vance Astrovik",MSH,Marvel Super Heroes,61,normal,uncommon,1,114079,f1448731-d50e-4b9c-8eb2-3d85c21516c6,0.13,false,false,false,near_mint,en,false,USD,2026-10-07T23:53:19.033Z
hi,binder,H.E.R.B.I.E. Scout Unit,MSH,Marvel Super Heroes,247,normal,common,1,113620,3496d0d4-3fab-4ea4-8986-afe5a7155ec6,0.23,false,false,false,near_mint,en,false,USD,2026-10-07T23:53:19.034Z
hi,binder,Powerful Broker,MSH,Marvel Super Heroes,179,normal,common,1,113818,801f0417-b663-4e28-9a61-9570061654d7,0.11,false,false,false,near_mint,en,false,USD,2026-10-07T23:53:19.035Z
hi,binder,Slight Malfunction,UNF,Unfinity,123,normal,common,1,73116,5128cc33-05e3-4b2b-8b24-7f574d3f0d53,0.17,false,false,false,near_mint,en,false,USD,2026-10-07T23:53:19.036Z
hi,binder,Sanguine Sipper,UNF,Unfinity,26,normal,common,1,73257,c2b8ae57-74d4-4484-aead-56fe125f26f8,0.07,false,false,false,near_mint,en,false,USD,2026-10-07T23:53:19.038Z
hi,binder,Spinny Ride,UNF,Unfinity,227c,normal,common,1,72630,06396eac-94d2-4f25-a9b0-7c90cbc0f79d,0.13,false,false,false,near_mint,en,false,USD,2026-10-07T23:53:19.039Z
hi,binder,Shock,M21,Core Set 2021,159,normal,common,1,50819,59fa8e8d-bcb8-47bf-b71a-df11c8d0f2c9,0.24,false,false,false,near_mint,en,false,USD,2026-10-07T23:53:19.040Z
hi,binder,Scared Stiff,UNF,Unfinity,90,normal,common,1,73297,dc479ea0-7c38-49ae-9dc6-1c85183fe6c8,0.09,false,false,false,near_mint,en,false,USD,2026-10-07T23:53:19.042Z
hi,binder,Dehydration,10E,Tenth Edition,78,normal,common,1,26037,4414ad73-146e-47a6-926a-ec148194bb50,0.04,false,false,false,near_mint,en,false,USD,2026-10-07T23:53:19.043Z
hi,binder,Looming Shade,M10,Magic 2010,103,normal,common,1,23250,84a6703c-38d4-4c86-b5b0-ebfde81bb1bf,0.05,false,false,false,near_mint,en,false,USD,2026-10-07T23:53:19.045Z
hi,binder,Dross Crocodile,10E,Tenth Edition,138,normal,common,1,25957,efd5c07e-4ece-4c8b-93c8-6abd7dd3a39a,0.1,false,false,false,near_mint,en,false,USD,2026-10-07T23:53:19.046Z
hi,binder,Scathe Zombies,10E,Tenth Edition,175,normal,common,1,25911,037cbf71-1199-4457-9b09-f66e7cb294d5,0.13,false,false,false,near_mint,en,false,USD,2026-10-07T23:53:19.047Z
hi,binder,Reach of Shadows,FRF,Fate Reforged,81,normal,common,1,12045,bbf9a803-473a-4c38-b352-d47c4fd93d5e,0.07,false,false,false,near_mint,en,false,USD,2026-10-07T23:53:19.048Z
hi,binder,Typhoid Rats,FRF,Fate Reforged,89,normal,common,1,12037,d13cb90b-50c3-46ef-83f8-812dfb7ff881,0.22,false,false,false,near_mint,en,false,USD,2026-10-07T23:53:19.049Z
hi,binder,Lake-town Toymaker,HOB,The Hobbit,19,normal,uncommon,1,115185,67304269-c595-4cf0-8dbf-fcb2e9e01fe2,0.1,false,false,false,near_mint,en,false,USD,2026-10-07T23:53:19.051Z
hi,binder,Bird,TOTJ,Outlaws of Thunder Junction Tokens,7,normal,common,1,93445,000d9280-a79a-4f9f-822c-7aaecbff3337,0.24,false,false,false,near_mint,en,false,USD,2026-10-07T23:53:19.052Z
hi,binder,Pit Keeper,TSR,Time Spiral Remastered,130,normal,common,1,57678,5f731d16-d969-40a8-a002-4d40eb8f6bac,0.09,false,false,false,near_mint,en,false,USD,2026-10-07T23:53:19.054Z
hi,binder,Silent Skimmer,BFZ,Battle for Zendikar,96,normal,common,1,10255,9b715fc0-9c36-4619-8d65-6d1064ed8a32,0.05,false,false,false,near_mint,en,false,USD,2026-10-07T23:53:19.055Z
hi,binder,Spinewoods Paladin,OTJ,Outlaws of Thunder Junction,183,normal,common,1,93075,1b2b432d-9e73-4ab2-a098-546d406df6c0,0.14,false,false,false,near_mint,en,false,USD,2026-10-07T23:53:19.058Z
hi,binder,Fog Elemental,10E,Tenth Edition,85,normal,uncommon,1,26029,95534175-0bf8-4460-8182-117dc1487dcb,0.09,false,false,false,near_mint,en,false,USD,2026-10-07T23:53:19.060Z
hi,binder,Eriette's Lullaby,OTJ,Outlaws of Thunder Junction,10,normal,common,1,93067,184c18b6-40e2-4f7f-a3bb-49bc695b68ec,0.13,false,false,false,near_mint,en,false,USD,2026-10-07T23:53:19.061Z
hi,binder,Slickshot Vault-Buster,OTJ,Outlaws of Thunder Junction,68,normal,common,1,93171,592ccc36-3d10-4a12-8743-9b300b80cb4d,0.08,false,false,false,near_mint,en,false,USD,2026-10-07T23:53:19.062Z
hi,binder,Pause for Reflection,GRN,Guilds of Ravnica,140,normal,common,1,343,3cfcf84c-a30c-4c4f-9f8c-ee807661e499,0.17,false,false,false,near_mint,en,false,USD,2026-10-07T23:53:19.064Z
hi,binder,Sterling Keykeeper,OTJ,Outlaws of Thunder Junction,32,normal,common,1,93026,019d539f-04c2-43f1-8677-6d6fbb0e94f7,0.14,false,false,false,near_mint,en,false,USD,2026-10-07T23:53:19.065Z
hi,binder,Astroquarium,UNF,Unfinity,34,normal,uncommon,1,72874,a4995ce0-c588-4df5-b6e0-b4f99b861334,0.09,false,false,false,near_mint,en,false,USD,2026-10-07T23:53:19.066Z
hi,binder,Tax Collector,ACR,Assassin's Creed,9,normal,uncommon,1,95445,a300b5af-9223-4e97-9d33-a9226bd900f3,0.33,false,false,false,near_mint,en,false,USD,2026-10-07T23:53:19.067Z
hi,binder,The Aesir Escape Valhalla,ACR,Assassin's Creed,39,normal,uncommon,1,95328,2efbcea0-53ba-444d-b2e0-6d184f945f92,0.33,false,false,false,near_mint,en,false,USD,2026-10-07T23:53:19.069Z
hi,binder,The Revelations of Ezio,ACR,Assassin's Creed,31,normal,uncommon,1,95528,ed77def5-ac92-4907-805d-261cae0db357,0.36,false,false,false,near_mint,en,false,USD,2026-10-07T23:53:19.070Z
hi,binder,Shao Jun,ACR,Assassin's Creed,63,normal,uncommon,1,95287,085568e5-d622-45ff-9a31-52eaa513ff31,0.23,false,false,false,near_mint,en,false,USD,2026-10-07T23:53:19.071Z
hi,binder,Steadfast Guard,10E,Tenth Edition,48,normal,common,1,26081,42a5c12b-c947-4a71-b54f-e310150858a3,0.23,false,false,false,near_mint,en,false,USD,2026-10-07T23:53:19.072Z
hi,binder,Boomerang,DPA,Duels of the Planeswalkers,2,normal,common,1,21705,94d4c6c7-6e8d-4727-9a1b-efca18abc617,0.28,false,false,false,near_mint,en,false,USD,2026-10-07T23:53:19.073Z
hi,binder,Skullport Merchant,AFR,Adventures in the Forgotten Realms,120,normal,uncommon,1,60190,2bbb8865-dc37-4d56-9a2d-a92f7462c338,0.21,false,false,false,near_mint,en,false,USD,2026-10-07T23:53:19.076Z
hi,binder,Sky Theater Strix,WAR,War of the Spark,67,normal,common,1,44337,98902dd9-f21c-4419-8205-4b9d6592bf28,0.05,false,false,false,near_mint,en,false,USD,2026-10-07T23:53:19.077Z
hi,binder,Buzz Bots,TMT,Teenage Mutant Ninja Turtles,32,normal,common,1,111484,7c375190-f81b-4ab1-a1b6-fe432796821f,0.15,false,false,false,near_mint,en,false,USD,2026-10-07T23:53:19.078Z
hi,binder,Clandestine Meddler,MKM,Murders at Karlov Manor,82,normal,uncommon,1,90760,2e069de0-3218-456c-b191-93e755634783,0.18,false,false,false,near_mint,en,false,USD,2026-10-07T23:53:19.080Z
hi,binder,"Alexios, Deimos of Kosmos",ACR,Assassin's Creed,134,normal,uncommon,1,95457,ab907c09-56c0-40ed-aebd-63b64c7e1c2e,0.32,false,false,false,near_mint,en,false,USD,2026-10-07T23:53:19.081Z
hi,binder,Arno Dorian,ACR,Assassin's Creed,139,normal,uncommon,1,95385,60a97041-4c09-46f2-b979-e4f63c676fb4,0.21,false,false,false,near_mint,en,false,USD,2026-10-07T23:53:19.082Z
hi,binder,Djinn of Fool's Fall,OTJ,Outlaws of Thunder Junction,43,normal,common,1,93146,48bfc6af-c651-485e-a1cc-f9d00aeaf812,0.05,false,false,false,near_mint,en,false,USD,2026-10-07T23:53:19.083Z
hi,binder,Discerning Peddler,OTJ,Outlaws of Thunder Junction,121,normal,common,1,93219,73b359bf-afd8-439d-a4d2-985db1ad368c,0.08,false,false,false,near_mint,en,false,USD,2026-10-07T23:53:19.084Z
hi,binder,Giant Beaver,OTJ,Outlaws of Thunder Junction,165,normal,common,1,93263,919826a9-c427-42c6-8885-a87f0b6d2192,0.13,false,false,false,near_mint,en,false,USD,2026-10-07T23:53:19.085Z
hi,binder,Hardbristle Bandit,OTJ,Outlaws of Thunder Junction,168,normal,common,1,93347,cbe544fb-93b7-4640-b886-cb0b3e437357,0.14,false,false,false,near_mint,en,false,USD,2026-10-07T23:53:19.086Z
hi,binder,Blacksnag Buzzard,OTJ,Outlaws of Thunder Junction,79,normal,common,1,93414,ef10b2ad-9b9b-4c5d-a2c7-3ce742224b50,0.07,false,false,false,near_mint,en,false,USD,2026-10-07T23:53:19.087Z
hi,binder,Armored Armadillo,OTJ,Outlaws of Thunder Junction,3,normal,common,1,93094,263232df-69b8-4205-93ad-c724fe57ec11,0.16,false,false,false,near_mint,en,false,USD,2026-10-07T23:53:19.088Z
hi,binder,Coralhelm Guide,BBD,Battlebond,116,normal,common,1,1877,0389a652-4ca8-45ab-ab3f-624c8f2626f7,0.07,false,false,false,near_mint,en,false,USD,2026-10-07T23:53:19.089Z
hi,binder,Cloud Manta,BFZ,Battle for Zendikar,71,normal,common,1,10280,1854f819-d08e-4a23-bedb-4618b79623e9,0.02,false,false,false,near_mint,en,false,USD,2026-10-07T23:53:19.091Z
hi,binder,Harried Dronesmith,MKM,Murders at Karlov Manor,131,normal,uncommon,1,90787,36cb25ee-3c84-40a8-ba45-7e44893deecf,0.19,false,false,false,near_mint,en,false,USD,2026-10-07T23:53:19.092Z
hi,binder,Hard-Hitting Question,MKM,Murders at Karlov Manor,164,normal,uncommon,1,91036,8ad807c2-14a7-4464-bf57-c323fb3c0bd0,0.24,false,false,false,near_mint,en,false,USD,2026-10-07T23:53:19.093Z
hi,binder,Flight of Equenauts,MOC,March of the Machine Commander,186,normal,uncommon,1,81988,d8b8aaf0-909e-49b7-9360-a99b68a0f414,0.2,false,false,false,near_mint,en,false,USD,2026-10-07T23:53:19.094Z
hi,binder,Consulate Turret,AER,Aether Revolt,147,normal,common,1,6267,e0c55b5b-58fd-4340-b089-8e271633e8dd,0.22,false,false,false,near_mint,en,false,USD,2026-10-07T23:53:19.095Z
hi,binder,Filigree Crawler,AER,Aether Revolt,150,normal,common,1,6264,8d8e817c-079e-4e7c-a8ca-54634f30bf36,0.06,false,false,false,near_mint,en,false,USD,2026-10-07T23:53:19.096Z
hi,binder,Blade Instructor,GRN,Guilds of Ravnica,1,normal,common,1,482,9b1c7f07-8d39-425b-8ae9-b3ab317cc0fe,0.17,false,false,false,near_mint,en,false,USD,2026-10-07T23:53:19.097Z
hi,binder,Golgari Guildgate,GRN,Guilds of Ravnica,249,normal,common,1,234,f0a021e9-b11a-4028-86c9-01b62eae1877,0.16,false,false,false,near_mint,en,false,USD,2026-10-07T23:53:19.098Z
hi,binder,Chandra's Triumph,WAR,War of the Spark,121,normal,uncommon,1,44283,70f43c17-7022-4052-86b8-90b74382b7bf,0.14,false,false,false,near_mint,en,false,USD,2026-10-07T23:53:19.100Z
hi,binder,Death to Our Enemies,MSH,Marvel Super Heroes,127,normal,uncommon,1,113431,f2a8f518-c0b5-4e15-aab2-49b5ef29fb41,0.25,false,false,false,near_mint,en,false,USD,2026-10-07T23:53:19.101Z
hi,binder,"Hercules, Prince of Power",MSH,Marvel Super Heroes,171,normal,uncommon,1,113384,d610d9fe-f8ae-473f-9325-e2f28f7e8a69,0.17,false,false,false,near_mint,en,false,USD,2026-10-07T23:53:19.102Z
hi,binder,Robot Domination,MSH,Marvel Super Heroes,111,normal,uncommon,1,113423,b26bb968-6612-43fe-9147-a3d4786cbc20,0.16,false,false,false,near_mint,en,false,USD,2026-10-07T23:53:19.103Z
hi,binder,Deadly Precision,TLA,Avatar: The Last Airbender,95,normal,common,1,109422,4661daf6-d960-4278-8946-70948efaf99d,0.13,false,false,false,near_mint,en,false,USD,2026-10-07T23:53:19.104Z
hi,binder,Fire Nation Raider,TLA,Avatar: The Last Airbender,135,normal,common,1,109827,ede1bbdb-c726-46e3-aaf1-b8cf2be2c341,0.09,false,false,false,near_mint,en,false,USD,2026-10-07T23:53:19.108Z
hi,binder,Rocky Rebuke,TLA,Avatar: The Last Airbender,193,normal,common,1,108211,52fd910f-6d42-41f5-a4be-f375aa254ea2,0.11,false,false,false,near_mint,en,false,USD,2026-10-07T23:53:19.109Z
hi,binder,The Lion-Turtle,TLA,Avatar: The Last Airbender,232,normal,rare,1,109478,8491585c-81d0-48be-8ed0-832e42fad9c6,0.28,false,false,false,near_mint,en,false,USD,2026-10-07T23:53:19.111Z
hi,binder,Water Tribe Rallier,TLA,Avatar: The Last Airbender,42,normal,uncommon,1,109430,4e744b6c-1c2f-451a-818a-5ee7785b5213,0.14,false,false,false,near_mint,en,false,USD,2026-10-07T23:53:19.112Z
hi,binder,Foggy Swamp Spirit Keeper,TLA,Avatar: The Last Airbender,222,normal,uncommon,1,109541,cd624be9-e960-4485-a8a9-2d5f2dd51777,0.13,false,false,false,near_mint,en,false,USD,2026-10-07T23:53:19.114Z
hi,binder,"Ty Lee, Artful Acrobat",TLA,Avatar: The Last Airbender,158,normal,uncommon,1,109561,dcd9df24-272b-4aa1-b05f-6ee6b3d3dfe7,0.16,false,false,false,near_mint,en,false,USD,2026-10-07T23:53:19.115Z
hi,binder,Zuko's Exile,TLA,Avatar: The Last Airbender,3,normal,common,1,109489,9090b055-3406-4fed-a8c6-3f6353a9600e,0.19,false,false,false,near_mint,en,false,USD,2026-10-07T23:53:19.116Z
hi,binder,Super Suit,MSH,Marvel Super Heroes,78,normal,common,1,114056,e87f3a26-c2e5-47c7-b19d-bc01cb794805,0.13,false,false,false,near_mint,en,false,USD,2026-10-07T23:53:19.118Z
hi,binder,Frozen in Ice,MSH,Marvel Super Heroes,54,normal,common,1,113908,a990260b-39b7-4799-930a-bf9ac208d9ed,0.14,false,false,false,near_mint,en,false,USD,2026-10-07T23:53:19.119Z
hi,binder,Unliving Legionnaire,MSH,Marvel Super Heroes,119,normal,common,1,113998,ce08f4bb-7da3-4199-8b90-fcdb29e84e98,0.09,false,false,false,near_mint,en,false,USD,2026-10-07T23:53:19.120Z
hi,binder,S.H.I.E.L.D. Spy Kit,MSH,Marvel Super Heroes,36,normal,common,1,113677,4938e23f-b5da-493b-9904-af61a3733ba0,0.07,false,false,false,near_mint,en,false,USD,2026-10-07T23:53:19.121Z
hi,binder,Innocent Bystander,MKM,Murders at Karlov Manor,133,normal,common,1,90634,085f4595-4ae5-428e-a934-e918774df6fd,0.08,false,false,false,near_mint,en,false,USD,2026-10-07T23:53:19.122Z
hi,binder,Unexplained Disappearance,GRN,Guilds of Ravnica,56,normal,common,1,427,9c99b239-50d2-4393-80ec-94dbfaa6ae70,0.2,false,false,false,near_mint,en,false,USD,2026-10-07T23:53:19.123Z
hi,binder,Watcher in the Mist,CLU,Ravnica: Clue Edition,104,normal,common,1,91335,fd0c6c65-b4dc-4e4a-bbfe-6cf7cab5b48b,0.09,false,false,false,near_mint,en,false,USD,2026-10-07T23:53:19.124Z
hi,binder,Capture Sphere,2X2,Double Masters 2022,42,normal,common,1,70113,24cd21f5-94fd-4609-9e6a-d052aa81fe57,0.16,false,false,false,near_mint,en,false,USD,2026-10-07T23:53:19.125Z
hi,binder,Disdainful Stroke,GRN,Guilds of Ravnica,37,normal,common,1,446,0193dfa3-8409-44be-b4be-6c3cad42d4a4,0.21,false,false,false,near_mint,en,false,USD,2026-10-07T23:53:19.126Z
hi,binder,Freestrider Commando,OTJ,Outlaws of Thunder Junction,162,normal,common,1,93265,92762169-095e-46e2-82f6-5b2ff2232240,0.11,false,false,false,near_mint,en,false,USD,2026-10-07T23:53:19.127Z
hi,binder,Boros Locket,C21,Commander 2021,236,normal,common,1,58687,c61204b7-02c2-41be-8841-0b261798de7a,0.31,false,false,false,near_mint,en,false,USD,2026-10-07T23:53:19.129Z
hi,binder,Dimir Locket,ZNC,Zendikar Rising Commander,111,normal,common,1,55334,08e3dd7a-8378-4368-a5e4-a1ca7899a67b,0.18,false,false,false,near_mint,en,false,USD,2026-10-07T23:53:19.130Z
hi,binder,Thorin's Last Stand,HOB,The Hobbit,28,normal,common,1,115134,127367b6-9cfe-4516-9bfd-5b951468a25c,0.11,false,false,false,near_mint,en,false,USD,2026-10-07T23:53:19.132Z
hi,binder,Skulduggery,OTJ,Outlaws of Thunder Junction,107,normal,common,1,93030,03709166-164a-4075-ad0d-ea3b516ab771,0.15,false,false,false,near_mint,en,false,USD,2026-10-07T23:53:19.135Z
hi,binder,Mind Rot,W16,Welcome Deck 2016,7,normal,common,1,9092,8363865b-23f9-4cca-beb4-a5d467caff4c,0.06,false,false,false,near_mint,en,false,USD,2026-10-07T23:53:19.137Z
hi,binder,Rootwalla,W17,Welcome Deck 2017,27,normal,common,1,5842,f5177a97-cf3b-4a82-adc4-14835152880d,0.05,false,false,false,near_mint,en,false,USD,2026-10-07T23:53:19.138Z
hi,binder,Plague Beetle,10E,Tenth Edition,168,normal,common,1,25919,8f5d3dac-98df-433f-a417-bcb9c91722fb,0.11,false,false,false,near_mint,en,false,USD,2026-10-07T23:53:19.139Z
hi,binder,Unholy Strength,DVD,Duel Decks Anthology: Divine vs. Demonic,47,normal,common,1,12431,f42c9574-2f09-4cb0-80cb-10fb8c592e6f,0.19,false,false,false,near_mint,en,false,USD,2026-10-07T23:53:19.140Z
hi,binder,Tin Street Market,GTC,Gatecrash,108,normal,common,1,16716,1c1f543b-2222-4ef5-b4f7-2c3d2ea27fdc,0.09,false,false,false,near_mint,en,false,USD,2026-10-07T23:53:19.141Z
hi,binder,Wildwood Rebirth,GTC,Gatecrash,140,normal,common,1,16684,713a93a1-4442-4d5b-ad7a-136b87b5f7ab,0.1,false,false,false,near_mint,en,false,USD,2026-10-07T23:53:19.142Z
hi,binder,Zhur-Taa Swine,GK2,RNA Guild Kit,102,normal,common,1,43928,7a191269-d2e4-4810-b65f-91a1e03fbae6,0.3,false,false,false,near_mint,en,false,USD,2026-10-07T23:53:19.143Z
hi,binder,Lightning Elemental,M12,Magic 2012,149,normal,common,1,19118,e106b6af-a13c-42be-9368-9109795de517,0.16,false,false,false,near_mint,en,false,USD,2026-10-07T23:53:19.144Z
hi,binder,Totally Lost,RVR,Ravnica Remastered,64,normal,common,1,89885,c36f01a5-82bf-4fc6-9396-4410067c351b,0.23,false,false,false,near_mint,en,false,USD,2026-10-07T23:53:19.145Z
hi,binder,Recover,10E,Tenth Edition,172,normal,common,1,25914,e864efca-d7c8-4ec7-8cda-ba89f9df7722,0.07,false,false,false,near_mint,en,false,USD,2026-10-07T23:53:19.146Z
hi,binder,Phantom Warrior,BBD,Battlebond,129,normal,uncommon,1,1864,93044619-0c1e-4e42-a654-a8869c73f8c5,0.26,false,false,false,near_mint,en,false,USD,2026-10-07T23:53:19.147Z
hi,binder,Counsel of the Soratami,10E,Tenth Edition,76,normal,common,1,26039,1224718a-e1a7-473d-ac9d-497e624376cd,0.09,false,false,false,near_mint,en,false,USD,2026-10-07T23:53:19.148Z
hi,binder,Remove Soul,10E,Tenth Edition,100,normal,common,1,26009,35673701-684c-4ba6-99f5-74364bc6fec2,0.29,false,false,false,near_mint,en,false,USD,2026-10-07T23:53:19.149Z
hi,binder,Eyeless Watcher,BFZ,Battle for Zendikar,166,normal,common,1,10185,4d949d0e-baf7-4573-bb15-7e30e3e9b202,0.3,false,false,false,near_mint,en,false,USD,2026-10-07T23:53:19.150Z
hi,binder,Evil's Thrall,MSH,Marvel Super Heroes,128,normal,uncommon,1,113363,310e30cd-b8c3-40ea-9d61-57c5c5fc2a0b,0.13,false,false,false,near_mint,en,false,USD,2026-10-07T23:53:19.151Z
hi,binder,Orc Army,TLTR,Tales of Middle-earth Tokens,6,normal,common,1,83558,db598f33-2ff9-4e0b-a067-05fecc03435f,0.27,false,false,false,near_mint,en,false,USD,2026-10-07T23:53:19.153Z
hi,binder,Slimy Dualleech,MKM,Murders at Karlov Manor,104,normal,uncommon,1,90847,4bc803ad-f8a2-4198-a8a6-8d987b3d00fb,0.12,false,false,false,near_mint,en,false,USD,2026-10-07T23:53:19.154Z
hi,binder,Kor Ally,TBFZ,Battle for Zendikar Tokens,6,normal,common,1,10046,be224180-a482-4b94-8a9d-3a92ee0eb34b,0.15,false,false,false,near_mint,en,false,USD,2026-10-07T23:53:19.157Z
hi,binder,Piston-Fist Cyclops,GRN,Guilds of Ravnica,217,normal,common,1,266,2ec7523a-a9c4-4b76-8f9e-b591a88e2e37,0.09,false,false,false,near_mint,en,false,USD,2026-10-07T23:53:19.158Z
hi,binder,Bane Alley Broker,GTC,Gatecrash,145,normal,uncommon,1,16679,7996df7f-70f5-412c-9573-9512e4e131ac,0.08,false,false,false,near_mint,en,false,USD,2026-10-07T23:53:19.160Z
hi,binder,Restorative Technique,MSH,Marvel Super Heroes,183,normal,common,1,114028,dbe9102d-b92b-4c32-93f6-5b6dc0fa08e6,0.17,false,false,false,near_mint,en,false,USD,2026-10-07T23:53:19.161Z
hi,binder,Sterling Hound,OTJ,Outlaws of Thunder Junction,249,normal,common,1,93284,9e5bfcf5-6e5c-47fe-af6c-6b18938261c6,0.16,false,false,false,near_mint,en,false,USD,2026-10-07T23:53:19.163Z
hi,binder,Vault Plunderer,OTJ,Outlaws of Thunder Junction,114,normal,common,1,93104,2e6bf35c-8763-47cc-ab2d-5dbabeb28072,0.18,false,false,false,near_mint,en,false,USD,2026-10-07T23:53:19.165Z
hi,binder,Shao Jun,ACR,Assassin's Creed,151,normal,uncommon,1,95431,9313f099-7f76-4b3e-af6a-f62b13cad7b8,0.23,false,false,false,near_mint,en,false,USD,2026-10-07T23:53:19.167Z
hi,binder,Shay Cormac,ACR,Assassin's Creed,153,normal,uncommon,1,95480,bf3012ba-1537-4f54-bb4a-65b909b87e59,0.26,false,false,false,near_mint,en,false,USD,2026-10-07T23:53:19.168Z
hi,binder,"Roshan, Hidden Magister",ACR,Assassin's Creed,133,normal,uncommon,1,95538,f8ca1f92-2b5c-4d16-be17-6ba450b43ea3,0.26,false,false,false,near_mint,en,false,USD,2026-10-07T23:53:19.169Z
hi,binder,Reconstruct History,ACR,Assassin's Creed,97,normal,uncommon,1,95359,4d80d4e1-8883-4951-8081-a444ab26c5d7,0.3,false,false,false,near_mint,en,false,USD,2026-10-07T23:53:19.170Z
hi,binder,Selesnya Guildgate,GRN,Guilds of Ravnica,256,normal,common,1,227,ee1db693-5dd9-48de-8520-014d9ad5b596,0.2,false,false,false,near_mint,en,false,USD,2026-10-07T23:53:19.172Z
hi,binder,Dimir Guildgate,FDN,Foundations,688,normal,common,1,101376,f9b8a159-5e58-4432-8ecd-62f39afa96da,0.12,false,false,false,near_mint,en,false,USD,2026-10-07T23:53:19.173Z
hi,binder,Slice from the Shadows,MKM,Murders at Karlov Manor,103,normal,common,1,90770,317800b3-6b2d-4de6-8e44-7e54dd623055,0.25,false,false,false,near_mint,en,false,USD,2026-10-07T23:53:19.174Z
hi,binder,Hotshot Investigators,MKM,Murders at Karlov Manor,60,normal,common,1,91046,8dc3b23b-04d6-4ac0-b698-596ea90b7781,0.14,false,false,false,near_mint,en,false,USD,2026-10-07T23:53:19.175Z
hi,binder,Dutiful Return,BFZ,Battle for Zendikar,110,normal,common,2,10241,55d6cb71-c911-4f82-93e9-654e8ffa85c9,0.08,false,false,false,near_mint,en,false,USD,2026-10-07T23:53:18.985Z
hi,binder,Person of Interest,MKM,Murders at Karlov Manor,139,normal,common,2,90997,7d56ebff-67c8-4bc7-a533-ddde4ce0c2af,0.07,false,false,false,near_mint,en,false,USD,2026-10-07T23:53:18.986Z
hi,binder,Mire's Malice,BFZ,Battle for Zendikar,117,normal,common,2,10234,c2d737fb-fd09-4483-8128-8897cbcdc4f5,0.04,false,false,false,near_mint,en,false,USD,2026-10-07T23:53:18.990Z
hi,binder,Spring Splasher,OTJ,Outlaws of Thunder Junction,69,normal,common,4,93315,b6822d12-1a25-42e7-94cc-71bd29daed93,0.18,false,false,false,near_mint,en,false,USD,2026-10-07T23:53:19.001Z
hi,binder,Hooded Assassin,FRF,Fate Reforged,73,normal,common,2,12053,05d4da1d-5b8c-43be-aa30-22df69c0cc23,0.12,false,false,false,near_mint,en,false,USD,2026-10-07T23:53:19.003Z
hi,binder,Soul Swindler,UNF,Unfinity,93,normal,common,2,73188,89d07a8e-2880-40bd-a80b-c8d938a3761b,0.1,false,false,false,near_mint,en,false,USD,2026-10-07T23:53:19.037Z
hi,binder,Crafty Pathmage,10E,Tenth Edition,77,normal,common,2,26038,f186271c-2b03-4e0c-b922-27e23787d865,0.04,false,false,false,near_mint,en,false,USD,2026-10-07T23:53:19.044Z
hi,binder,Steer Clear,OTJ,Outlaws of Thunder Junction,31,normal,common,2,93160,523a4d6e-122b-49b4-bf3d-17d29c0007fb,0.09,false,false,false,near_mint,en,false,USD,2026-10-07T23:53:19.056Z
hi,binder,Seize the Secrets,OTJ,Outlaws of Thunder Junction,64,normal,common,3,93076,1bdbdfa8-aa28-4b3d-95e7-3d0e7e37f982,0.17,false,false,false,near_mint,en,false,USD,2026-10-07T23:53:19.063Z
hi,binder,Become Anonymous,ACR,Assassin's Creed,14,normal,uncommon,2,95532,f321777f-399b-4f80-9baf-da6a0aaa325a,0.31,false,false,false,near_mint,en,false,USD,2026-10-07T23:53:19.068Z
hi,binder,Urban Utopia,GRN,Guilds of Ravnica,146,normal,common,2,337,45d7ab0e-db37-4051-86dd-3ab09c047a2b,0.24,false,false,false,near_mint,en,false,USD,2026-10-07T23:53:19.099Z
hi,binder,Phantom Flock,DMR,Dominaria Remastered,20,normal,common,2,77847,314602ae-fb42-4afe-9fab-fa6976db39ad,0.11,false,false,false,near_mint,en,false,USD,2026-10-07T23:53:19.156Z
beautiful landfall,deck,Revitalize,KHM,Kaldheim,23,normal,common,1,56826,3a9fb75e-c8e5-417b-83d4-5105af9c66c1,0.05,false,false,false,near_mint,en,false,USD,2025-10-19T23:30:02.832Z
beautiful landfall,deck,Hunting Pack,C20,Commander 2020,179,normal,uncommon,1,50239,c716dcce-9a5f-4d67-9799-4020a9308e4f,0.06,false,false,false,near_mint,en,false,USD,2025-10-20T10:00:03.280Z
beautiful landfall,deck,Oreskos Explorer,CMM,Commander Masters,832,normal,uncommon,1,84407,5ebabe38-a035-4c2d-89b5-760712f311b8,0.27,false,false,false,near_mint,en,false,USD,2025-10-21T01:33:58.014Z
beautiful landfall,deck,Elemental Uprising,OGW,Oath of the Gatewatch,130,normal,common,1,9252,e194b283-a7d2-4c0a-9ee2-8689a8e911b9,0.05,false,false,false,near_mint,en,false,USD,2025-10-21T01:40:57.736Z
beautiful landfall,deck,Command Tower,TDC,Tarkir: Dragonstorm Commander,107,normal,common,1,104302,5fc770b6-03ac-45c3-a2ca-bd508096384e,0.26,false,false,false,near_mint,en,false,USD,2025-10-21T01:58:40.841Z
beautiful landfall,deck,Disenchant,CMR,Commander Legends,372,normal,common,1,56028,2ba38105-bada-449a-ab2f-3d6db2764a06,0.12,false,false,false,near_mint,en,false,USD,2025-10-21T02:24:31.701Z
beautiful landfall,deck,Adventurous Impulse,STA,Strixhaven Mystical Archive,112,normal,uncommon,1,58455,b0c56784-e106-4f17-a1a3-2c0bbb41d316,0.37,false,false,false,near_mint,en,false,USD,2025-10-21T02:56:21.291Z
beautiful landfall,deck,"Arahbo, the First Fang",FDN,Foundations,294,normal,rare,1,100745,813a39af-bafe-4a38-a270-39a0ce0f4aa5,1.59,false,false,false,near_mint,en,false,USD,2025-10-21T02:56:21.291Z
beautiful landfall,deck,Armored Kincaller,LCI,The Lost Caverns of Ixalan,174,normal,common,1,88834,b76a46a1-a63e-460a-98c5-699dd1c827aa,0.04,false,false,false,near_mint,en,false,USD,2025-10-21T02:56:21.291Z
beautiful landfall,deck,Bloom Hulk,WAR,War of the Spark,154,normal,common,1,44250,fd1c9129-254d-4d1d-9d95-112292bd6bcc,0.06,false,false,false,near_mint,en,false,USD,2025-10-21T02:56:21.291Z
beautiful landfall,deck,Botanical Brawler,MOM,March of the Machine,220,normal,uncommon,1,81162,977c15c9-2aad-4d1d-86a6-1f9d78ad7af6,0.13,false,false,false,near_mint,en,false,USD,2025-10-21T02:56:21.291Z
beautiful landfall,deck,Charitable Levy,MH3,Modern Horizons 3,21,normal,uncommon,1,94433,4a5cab75-546c-4760-97b7-4591de9e6662,0.07,false,false,false,near_mint,en,false,USD,2025-10-21T02:56:21.291Z
beautiful landfall,deck,Common Bond,RTR,Return to Ravnica,151,normal,common,1,17271,59965953-1522-4103-9a6c-5534205d34d9,0.05,false,false,false,near_mint,en,false,USD,2025-10-21T02:56:21.291Z
beautiful landfall,deck,Cosmos Elixir,KHM,Kaldheim,237,normal,rare,1,56920,6bf084fe-7762-49c5-974a-cdecc10666b3,2.17,false,false,false,near_mint,en,false,USD,2025-10-21T02:56:21.291Z
beautiful landfall,deck,Defiant Strike,STA,Strixhaven Mystical Archive,3,normal,uncommon,1,58269,ade8f339-4afb-477a-9434-e6cd9126cd10,0.13,false,false,false,near_mint,en,false,USD,2025-10-21T02:56:21.291Z
beautiful landfall,deck,Expel the Interlopers,TDC,Tarkir: Dragonstorm Commander,115,normal,rare,1,104915,bbdf088c-3067-4df2-92f7-95fed5b304b8,0.11,false,false,false,near_mint,en,false,USD,2025-10-21T02:56:21.291Z
beautiful landfall,deck,Farewell,WHO,Doctor Who,207,normal,rare,1,86948,6c922516-7a2d-41a6-b546-4e73c5ccdb0b,3.23,false,false,false,near_mint,en,false,USD,2025-10-21T02:56:21.291Z
beautiful landfall,deck,Generous Stray,GRN,Guilds of Ravnica,129,normal,common,1,354,3289db66-231f-4370-aca6-644d75bee293,0.09,false,false,false,near_mint,en,false,USD,2025-10-21T02:56:21.291Z
beautiful landfall,deck,Grapple with the Past,TDC,Tarkir: Dragonstorm Commander,257,normal,common,1,104743,76c25c9a-245b-41c7-a75d-8061eb231389,0.1,false,false,false,near_mint,en,false,USD,2025-10-21T02:56:21.291Z
beautiful landfall,deck,Helpful Hunter,FDN,Foundations,16,normal,common,1,97172,1b9a0e91-80b5-428f-8f08-931d0631be14,0.18,false,false,false,near_mint,en,false,USD,2025-10-21T02:56:21.291Z
beautiful landfall,deck,Huatli's Raptor,WAR,War of the Spark,200,normal,uncommon,1,44204,ba680ad0-6134-46e0-8fcb-532b2052eca7,0.12,false,false,false,near_mint,en,false,USD,2025-10-21T02:56:21.291Z
beautiful landfall,deck,Hulking Raptor,LCI,The Lost Caverns of Ixalan,191,normal,rare,1,88450,45f763af-5a6a-404c-8e8c-4dbed71277bc,0.95,false,false,false,near_mint,en,false,USD,2025-10-21T02:56:21.291Z
beautiful landfall,deck,Ivy Elemental,IMA,Iconic Masters,170,normal,common,1,3455,704a2367-823f-4e40-8b3c-91115bb9b755,0.06,false,false,false,near_mint,en,false,USD,2025-10-21T02:56:21.291Z
beautiful landfall,deck,Jailbreak,NCC,New Capenna Commander,17,normal,rare,1,68227,5884d98e-3e02-48ae-9904-4ebbf1e90f6d,0.22,false,false,false,near_mint,en,false,USD,2025-10-21T02:56:21.291Z
beautiful landfall,deck,Leafkin Druid,NCC,New Capenna Commander,299,normal,common,1,68328,9dc9111f-1ca6-4953-9f1e-cca55fa8c569,0.16,false,false,false,near_mint,en,false,USD,2025-10-21T02:56:21.291Z
beautiful landfall,deck,Leonin Vanguard,FDN,Foundations,499,normal,uncommon,1,97171,17b25850-f1bd-4410-beec-603b2a77f264,0.75,false,false,false,near_mint,en,false,USD,2025-10-21T02:56:21.291Z
beautiful landfall,deck,Map the Frontier,OTJ,Outlaws of Thunder Junction,170,normal,uncommon,1,93057,165f4428-e1a1-477d-bd90-138189e88163,0.08,false,false,false,near_mint,en,false,USD,2025-10-21T02:56:21.291Z
beautiful landfall,deck,Myriad Landscape,MOC,March of the Machine Commander,416,normal,uncommon,1,81907,b9242da7-aa73-4b02-aebb-910cadf94fbf,0.25,false,false,false,near_mint,en,false,USD,2025-10-21T02:56:21.291Z
beautiful landfall,deck,Natural Spring,9ED,Ninth Edition,257,normal,common,1,28106,b1986db3-dd6c-44f2-8d7a-a6b42d55a7c1,0.08,false,false,false,near_mint,en,false,USD,2025-10-21T02:56:21.291Z
beautiful landfall,deck,Ordeal of Nylea,FDN,Foundations,641,normal,uncommon,1,100209,1a70424d-86a7-44a3-acda-4463d7ac503b,0.25,false,false,false,near_mint,en,false,USD,2025-10-21T02:56:21.291Z
beautiful landfall,deck,Pathfinding Axejaw,LCI,The Lost Caverns of Ixalan,206,normal,common,1,88746,9f619075-ca5d-4e09-bd84-31e6b61eaa7e,0.04,false,false,false,near_mint,en,false,USD,2025-10-21T02:56:21.291Z
beautiful landfall,deck,Rabid Bite,M20,Core Set 2020,190,normal,common,1,45271,f0d8ff93-6f62-4695-85ad-d70a0b928e92,0.02,false,false,false,near_mint,en,false,USD,2025-10-21T02:56:21.291Z
beautiful landfall,deck,Rampaging Brontodon,LCC,The Lost Caverns of Ixalan Commander,247,normal,rare,1,89000,ea3f71d6-e333-4e50-9545-deb73749413c,0.16,false,false,false,near_mint,en,false,USD,2025-10-21T02:56:21.291Z
beautiful landfall,deck,Ravenous Sailback,MOM,March of the Machine,202,normal,uncommon,1,81179,a225cb30-9f3e-4cfa-bdd6-a7c73c95ea2b,0.07,false,false,false,near_mint,en,false,USD,2025-10-21T02:56:21.291Z
beautiful landfall,deck,Regal Caracal,FDN,Foundations,579,normal,rare,1,101032,b6310a82-73db-40cb-ae64-6f07f869024c,1.68,false,false,false,near_mint,en,false,USD,2025-10-21T02:56:21.291Z
beautiful landfall,deck,Regenesis,RNA,Ravnica Allegiance,136,normal,uncommon,1,43729,18a362c1-af92-4094-a7c2-f09952767606,0.08,false,false,false,near_mint,en,false,USD,2025-10-21T02:56:21.291Z
beautiful landfall,deck,Reprisal,6ED,Classic Sixth Edition,37,normal,uncommon,1,35340,229be020-de00-4985-b6f0-e6276018591e,0.19,false,false,false,near_mint,en,false,USD,2025-10-21T02:56:21.291Z
beautiful landfall,deck,Return to Nature,AFC,Forgotten Realms Commander,169,normal,common,1,60699,4bebe9fa-1697-48fc-9044-cd58a3eab836,0.23,false,false,false,near_mint,en,false,USD,2025-10-21T02:56:21.291Z
beautiful landfall,deck,Roots of Wisdom,KHM,Kaldheim,190,normal,common,1,56936,734afb5b-3163-47fa-856f-8a85b9da22d3,0.03,false,false,false,near_mint,en,false,USD,2025-10-21T02:56:21.291Z
beautiful landfall,deck,Savage Hunger,ALA,Shards of Alara,147,normal,common,1,23952,0367fac8-6990-4544-ac7d-ed363b55a9cf,0.07,false,false,false,near_mint,en,false,USD,2025-10-21T02:56:21.291Z
beautiful landfall,deck,Scout the Borders,KTK,Khans of Tarkir,148,normal,common,1,13250,eb15c6c7-8fe6-496c-9977-3e7942b920c4,0.04,false,false,false,near_mint,en,false,USD,2025-10-21T02:56:21.291Z
beautiful landfall,deck,Spider Food,WOE,Wilds of Eldraine,186,normal,common,1,85689,b9fd720b-e9c2-4e82-917e-bab6c544afb0,0.09,false,false,false,near_mint,en,false,USD,2025-10-21T02:56:21.291Z
beautiful landfall,deck,Stalking Leonin,MKC,Murders at Karlov Manor Commander,86,normal,rare,1,90452,954c0bca-c613-4915-9811-128d3c64ba62,0.08,false,false,false,near_mint,en,false,USD,2025-10-21T02:56:21.291Z
beautiful landfall,deck,They Went This Way,MKM,Murders at Karlov Manor,178,normal,common,1,91307,f4a31d4a-34bc-46b4-b20f-a5460191b35d,0.04,false,false,false,near_mint,en,false,USD,2025-10-21T02:56:21.291Z
beautiful landfall,deck,Titania's Boon,USG,Urza's Saga,276,normal,uncommon,1,35692,b8d64591-8552-4e94-b932-7a23922513a1,0.28,false,false,false,near_mint,en,false,USD,2025-10-21T02:56:21.291Z
beautiful landfall,deck,Titania's Command,BRO,The Brothers' War,194,normal,rare,1,75554,753567c7-c484-4c0d-8128-7710e23c428f,0.45,false,false,false,near_mint,en,false,USD,2025-10-21T02:56:21.291Z
beautiful landfall,deck,"Titania, Protector of Argoth",MH2,Modern Horizons 2,319,normal,mythic,1,59568,58fb9fd5-359e-4da2-8d91-80ef50a8e390,3.59,false,false,false,near_mint,en,false,USD,2025-10-21T02:56:21.291Z
beautiful landfall,deck,Tranquil Expanse,M19,Core Set 2019,259,normal,common,1,1053,78b33867-5ccf-49a1-8e9b-9d2ddac78f17,0.05,false,false,false,near_mint,en,false,USD,2025-10-21T02:56:21.291Z
beautiful landfall,deck,Tranquil Thicket,DSC,Duskmourn: House of Horror Commander,318,normal,common,1,99221,7aed7d9d-d796-493e-98fd-c5b1a26621ed,0.11,false,false,false,near_mint,en,false,USD,2025-10-21T02:56:21.291Z
beautiful landfall,deck,Woodborn Behemoth,E01,Archenemy: Nicol Bolas,79,normal,uncommon,1,4847,71466930-3e8a-4435-99e2-f06d1bc545b2,0.16,false,false,false,near_mint,en,false,USD,2025-10-21T02:56:21.291Z
beautiful landfall,deck,"Kaheera, the Orphanguard",MUL,Multiverse Legends,47,normal,rare,1,81467,e9c296d0-ad8d-4139-97c4-e36c4af3d3c9,0.72,false,false,false,near_mint,en,false,USD,2025-10-21T02:57:30.754Z
beautiful landfall,deck,Bow of Nylea,THS,Theros,153,normal,rare,1,15511,89a2c408-e953-4386-abaf-4af85aba9620,3.09,false,false,false,near_mint,en,false,USD,2025-10-21T03:04:40.671Z
beautiful landfall,deck,Dismantling Wave,TDC,Tarkir: Dragonstorm Commander,112,normal,rare,1,104844,a06bc946-8625-4a87-8695-ecf236df95bc,0.38,false,false,false,near_mint,en,false,USD,2025-10-21T03:04:40.671Z
beautiful landfall,deck,Felidar Savior,FDN,Foundations,12,normal,common,1,97191,cd092b14-d72f-4de0-8f19-1338661b9e3b,0.11,false,false,false,near_mint,en,false,USD,2025-10-21T03:04:40.671Z
beautiful landfall,deck,Krosan Tusker,CMM,Commander Masters,302,normal,common,1,84023,0a368f72-cc88-4f32-aad4-22d92c4d032d,0.05,false,false,false,near_mint,en,false,USD,2025-10-21T03:04:40.671Z
beautiful landfall,deck,Naturalize,M19,Core Set 2019,190,normal,common,1,1122,390c40ba-2464-44ae-8d67-93c72ab3c425,0.11,false,false,false,near_mint,en,false,USD,2025-10-21T03:04:40.671Z
beautiful landfall,deck,Needletooth Pack,FDN,Foundations,108,normal,uncommon,1,100868,993c1679-e02b-44f2-b34e-12fd6b5142e9,0.06,false,false,false,near_mint,en,false,USD,2025-10-21T03:04:40.671Z
beautiful landfall,deck,Thirsting Roots,ONE,Phyrexia: All Will Be One,185,normal,common,1,78633,75a4a340-453b-471a-82ba-48ebf20b271a,0.27,false,false,false,near_mint,en,false,USD,2025-10-21T03:04:40.671Z
beautiful landfall,deck,Thrashing Brontodon,FDN,Foundations,560,normal,uncommon,1,101519,592364bf-68b5-4ea0-97d6-c7cadce940fd,0.21,false,false,false,near_mint,en,false,USD,2025-10-21T03:04:40.671Z
beautiful landfall,deck,Time to Feed,DDO,Duel Decks: Elspeth vs. Kiora,50,normal,common,1,11880,32561f72-bb4d-44b2-9c90-9d1041cf3699,0.15,false,false,false,near_mint,en,false,USD,2025-10-21T03:04:40.671Z
beautiful landfall,deck,Warriors' Lesson,THS,Theros,184,normal,uncommon,1,15480,63f7e81a-6f9e-4cad-a911-fba7a431cd55,0.06,false,false,false,near_mint,en,false,USD,2025-10-21T03:04:40.671Z
beautiful landfall,deck,Swords to Plowshares,TDC,Tarkir: Dragonstorm Commander,134,normal,uncommon,1,105063,f87cf997-14b5-4a2c-a7d1-34b7de6561a2,0.95,false,false,false,near_mint,en,false,USD,2025-10-21T03:04:40.671Z
beautiful landfall,deck,Territorial Scythecat,ZNR,Zendikar Rising,310,normal,common,1,54756,cf4a4aba-3391-4259-9a5f-a163a45d943c,0.1,false,false,false,near_mint,en,false,USD,2025-10-21T03:04:40.671Z
beautiful landfall,deck,"Titania, Nature's Force",DSC,Duskmourn: House of Horror Commander,202,normal,mythic,1,99055,1230be09-8436-4023-bb8b-d325456c0914,0.82,false,false,false,near_mint,en,false,USD,2025-10-23T00:13:19.854Z
beautiful landfall,deck,"Sythis, Harvest's Hand",MH2,Modern Horizons 2,377,normal,rare,1,59627,76ebe313-3452-415c-a93f-52c7467531a3,3.65,false,false,false,near_mint,en,false,USD,2025-10-23T00:13:19.854Z
beautiful landfall,deck,"Kutzil, Malamet Exemplar",LCI,The Lost Caverns of Ixalan,304,normal,uncommon,1,88290,12fede45-8c95-45eb-915c-c3ee5101dfcc,0.91,false,false,false,near_mint,en,false,USD,2025-10-23T00:13:19.854Z
beautiful landfall,deck,Brought Back,M20,Core Set 2020,9,normal,rare,1,45452,aecdc315-95e5-450c-bedc-998eea46cf8c,1.32,false,false,false,near_mint,en,false,USD,2025-10-23T00:13:19.854Z
flitter flatter,deck,Murky Sewer,DSK,Duskmourn: House of Horror,263,normal,common,1,98632,6098d8be-4e3f-455d-8799-91435bf45a1c,0.09,false,false,false,near_mint,en,false,USD,2025-10-19T20:16:38.915Z
flitter flatter,deck,Corrupted Conviction,MOM,March of the Machine,98,normal,common,1,81450,ce133ad5-8748-4a3d-ae8c-7b2a5938927d,0.86,false,false,false,near_mint,en,false,USD,2025-10-19T20:16:38.915Z
flitter flatter,deck,Arcane Signet,BLC,Bloomburrow Commander,127,normal,common,1,96215,28180667-cc1e-4f64-9a69-00425ef85ba0,0.44,false,false,false,near_mint,en,false,USD,2025-10-19T23:45:12.490Z
flitter flatter,deck,Bident of Thassa,BLC,Bloomburrow Commander,162,normal,rare,1,96314,60a9018a-24a9-4c25-89ca-4ac52a60fbf1,0.23,false,false,false,near_mint,en,false,USD,2025-10-19T23:45:12.490Z
flitter flatter,deck,Mind Stone,BLC,Bloomburrow Commander,280,normal,uncommon,1,96305,5cf95476-27ed-487d-8459-c97a921bb808,0.18,false,false,false,near_mint,en,false,USD,2025-10-19T23:45:12.490Z
flitter flatter,deck,Pull from Tomorrow,EOC,Edge of Eternities Commander,76,normal,rare,1,107231,12e1fecc-c9e4-401f-ac24-11822276c911,0.17,false,false,false,near_mint,en,false,USD,2025-10-19T23:45:12.490Z
flitter flatter,deck,Rapid Hybridization,TDC,Tarkir: Dragonstorm Commander,162,normal,uncommon,1,104901,b6912638-b087-4754-9e7e-8bd76fbf095c,1.42,false,false,false,near_mint,en,false,USD,2025-10-19T23:45:12.490Z
flitter flatter,deck,Rowdy Research,BLC,Bloomburrow Commander,173,normal,uncommon,1,96205,22737b82-bb81-4e4d-8ce7-7f06c5692d9b,0.06,false,false,false,near_mint,en,false,USD,2025-10-19T23:45:12.490Z
flitter flatter,deck,"Obyra, Dreaming Duelist",WOE,Wilds of Eldraine,210,normal,uncommon,1,85449,63ce03ee-279b-4955-98e3-9ce1990f8b7b,0.15,false,false,false,near_mint,en,false,USD,2025-10-21T00:34:36.170Z
flitter flatter,deck,Mocking Sprite,FDN,Foundations,159,normal,common,1,101624,f6792f63-b651-497d-8aa5-cddf4cedeca8,0.09,false,false,false,near_mint,en,false,USD,2025-10-21T00:34:36.170Z
flitter flatter,deck,Dismal Backwater,FDN,Foundations,261,normal,common,1,101220,dbb0df36-8467-4a41-8e1c-6c3584d4fd10,0.08,false,false,false,near_mint,en,false,USD,2025-10-21T00:41:40.879Z
flitter flatter,deck,Victimize,TDC,Tarkir: Dragonstorm Commander,198,normal,uncommon,1,105036,ee008d81-df28-49a8-917d-44f66527e469,0.45,false,false,false,near_mint,en,false,USD,2025-10-21T00:49:01.479Z
flitter flatter,deck,"Susur Secundi, Void Altar",EOE,Edge of Eternities,259,normal,mythic,1,107126,aefb8c0d-2bc6-4bec-851e-0137b4abfb22,5.44,false,false,false,near_mint,en,false,USD,2025-10-21T00:49:01.479Z
flitter flatter,deck,Tablet of Compleation,ONE,Phyrexia: All Will Be One,245,normal,rare,1,78717,9747e4b0-fcf9-4f1d-b990-2a3e461adfee,0.13,false,false,false,near_mint,en,false,USD,2025-10-21T00:49:01.479Z
flitter flatter,deck,Village Rites,LCC,The Lost Caverns of Ixalan Commander,212,normal,common,1,88360,2841339b-faef-407d-9838-d03fe80e6294,0.24,false,false,false,near_mint,en,false,USD,2025-10-21T00:49:01.479Z
flitter flatter,deck,Exsanguinate,FIC,Final Fantasy Commander,276,normal,uncommon,1,105883,333c8e71-fe90-408c-aabd-c5b7d83d0f03,0.28,false,false,false,near_mint,en,false,USD,2025-10-21T00:49:01.479Z
flitter flatter,deck,Sprite Noble,EMA,Eternal Masters,73,normal,uncommon,1,8602,e2f1b2c9-7b37-451a-a8cc-252a47b2cded,0.38,false,false,false,near_mint,en,false,USD,2025-10-21T00:54:12.935Z
flitter flatter,deck,Mind's Desire,STA,Strixhaven Mystical Archive,17,normal,mythic,1,58229,95f4e609-7fb7-4903-8d4c-45d38cf743be,0.84,false,false,false,near_mint,en,false,USD,2025-10-21T00:54:12.935Z
flitter flatter,deck,Waterfront District,SNC,Streets of New Capenna,259,normal,common,1,68043,debf7aac-4d31-49b4-955b-79036258df69,0.07,false,false,false,near_mint,en,false,USD,2025-10-21T00:54:12.935Z
flitter flatter,deck,Vivisurgeon's Insight,ONE,Phyrexia: All Will Be One,77,normal,common,1,78855,cd244359-781e-4e1d-946d-243664f40c7c,0.07,false,false,false,near_mint,en,false,USD,2025-10-21T00:54:12.935Z
flitter flatter,deck,Narset's Reversal,TDC,Tarkir: Dragonstorm Commander,92,normal,rare,1,104634,4ede8d68-6870-445c-b140-da98adbc246a,1.89,false,false,false,near_mint,en,false,USD,2025-10-21T01:58:40.841Z
flitter flatter,deck,Rite of Replication,TDC,Tarkir: Dragonstorm Commander,165,normal,rare,1,105065,f8cd4dcc-a731-4dd3-8b8e-88877bd98718,0.3,false,false,false,near_mint,en,false,USD,2025-10-21T01:58:40.841Z
flitter flatter,deck,Reliquary Tower,TDC,Tarkir: Dragonstorm Commander,386,normal,uncommon,1,104714,6be3be55-7f9d-4a4c-b916-a1cb64f833c8,2.42,false,false,false,near_mint,en,false,USD,2025-10-21T01:58:40.841Z
flitter flatter,deck,Ponder,TDC,Tarkir: Dragonstorm Commander,159,normal,common,1,105002,dc69f960-68ba-4315-8146-6a7a82047503,1.76,false,false,false,near_mint,en,false,USD,2025-10-21T01:58:40.841Z
flitter flatter,deck,Faerie Formation,WOC,Wilds of Eldraine Commander,91,normal,rare,1,85595,9899691d-384b-4853-bc85-b725e854de40,0.24,false,false,false,near_mint,en,false,USD,2025-10-21T02:24:31.701Z
flitter flatter,deck,Favorable Winds,XLN,Ixalan,56,normal,uncommon,1,3956,adfe8174-4e75-4e8f-b59c-f80a98492b5f,0.29,false,false,false,near_mint,en,false,USD,2025-10-21T02:24:31.701Z
flitter flatter,deck,Thought Vessel,DSC,Duskmourn: House of Horror Commander,256,normal,common,1,99206,71b11bf4-35ab-4028-961f-5180a12dac82,1.14,false,false,false,near_mint,en,false,USD,2025-10-21T02:24:31.701Z
flitter flatter,deck,Sol Ring,M3C,Modern Horizons 3 Commander,305,normal,uncommon,1,94714,19911e6e-7c35-4281-b31c-266382f052cc,1.23,false,false,false,near_mint,en,false,USD,2025-10-21T02:24:31.701Z
flitter flatter,deck,Insight Engine,EOC,Edge of Eternities Commander,6,normal,rare,1,107318,b826de8b-ed21-4e2b-b99a-e860c1cb876b,1.05,false,false,false,near_mint,en,false,USD,2025-10-21T20:40:24.067Z
flitter flatter,deck,"Oona, Queen of the Fae",WOC,Wilds of Eldraine Commander,142,normal,rare,1,85698,bc9cc9f7-f434-4f6d-9777-e7908bb6832c,0.35,false,false,false,near_mint,en,false,USD,2025-10-21T20:42:19.642Z
flitter flatter,deck,Likeness Looter,WOE,Wilds of Eldraine,208,normal,rare,1,85312,2957472a-825e-4904-b7e8-62bef1cb432d,1.48,false,false,false,near_mint,en,false,USD,2025-10-21T20:42:19.642Z
flitter flatter,deck,Guildpact Informant,WAR,War of the Spark,271,normal,common,1,44133,a304200f-86d5-4eed-a775-cc24e72872ac,1.33,false,false,false,near_mint,en,false,USD,2025-10-21T20:42:19.642Z
flitter flatter,deck,Dimir Signet,CLU,Ravnica: Clue Edition,221,normal,common,1,91186,c3af24ce-b1ab-4137-9222-a4080acae928,0.49,false,false,false,near_mint,en,false,USD,2025-10-21T20:42:19.642Z
flitter flatter,deck,Faerie Swarm,SHM,Shadowmoor,37,normal,uncommon,1,24829,90598bb2-d96c-4f74-864b-1947b7d39e58,0.72,false,false,false,near_mint,en,false,USD,2025-10-21T20:42:19.642Z
flitter flatter,deck,Emrakul's Messenger,MH3,Modern Horizons 3,61,normal,uncommon,1,94674,f0f818d7-320c-47b9-a083-40007f3d91ea,0.22,false,false,false,near_mint,en,false,USD,2025-10-21T20:42:19.642Z
flitter flatter,deck,Faerie Vandal,ZNC,Zendikar Rising Commander,26,normal,uncommon,1,55329,04692219-8850-4b05-aa60-64f32b0daade,0.1,false,false,false,near_mint,en,false,USD,2025-10-21T20:42:19.642Z
flitter flatter,deck,High Fae Trickster,FDN,Foundations,40,normal,rare,1,100729,7f1b93ea-1ec1-4010-9343-765742f5088b,3.7,false,false,false,near_mint,en,false,USD,2025-10-21T20:42:19.642Z
flitter flatter,deck,Dream Thief,EVE,Eventide,20,normal,common,1,24531,811026ed-1bae-4464-bdfe-dcec76259152,0.17,false,false,false,near_mint,en,false,USD,2025-10-21T20:42:19.642Z
flitter flatter,deck,Halo Forager,WOC,Wilds of Eldraine Commander,139,normal,uncommon,1,85635,a8031969-42ea-43b9-b360-a2b7c2325a5d,0.23,false,false,false,near_mint,en,false,USD,2025-10-21T20:42:19.642Z
flitter flatter,deck,Cloud of Faeries,DMR,Dominaria Remastered,43,normal,common,1,78180,ed95f539-1d8b-408b-9af2-8c6f93fb98c8,0.17,false,false,false,near_mint,en,false,USD,2025-10-21T20:42:19.642Z
flitter flatter,deck,Fell,BLB,Bloomburrow,95,normal,uncommon,1,95830,c96ac326-de44-470b-a592-a4c2a052c091,0.51,false,false,false,near_mint,en,false,USD,2025-10-21T20:42:19.642Z
flitter flatter,deck,Command Tower,BLC,Bloomburrow Commander,130,normal,common,1,96318,63a39996-48b7-42bb-9759-a42382ee0468,0.3,false,false,false,near_mint,en,false,USD,2025-10-21T21:09:14.925Z
flitter flatter,deck,Faebloom Trick,FDN,Foundations,38,normal,uncommon,1,100148,0c3bee8f-f5be-4404-a696-c902637799c3,0.17,false,false,false,near_mint,en,false,USD,2025-10-21T21:09:14.925Z
flitter flatter,deck,Not Dead After All,WOE,Wilds of Eldraine,101,normal,common,1,85736,d01a2b68-efe6-4027-846d-db7b19d9eef6,1.16,false,false,false,near_mint,en,false,USD,2025-10-21T21:09:14.925Z
flitter flatter,deck,Path of Ancestry,TDC,Tarkir: Dragonstorm Commander,382,normal,common,1,104906,b8504812-fcf5-47d3-977d-1d9a11231fd0,0.13,false,false,false,near_mint,en,false,USD,2025-10-21T21:09:14.925Z
flitter flatter,deck,Raise the Draugr,KHM,Kaldheim,105,normal,common,1,56769,1a67c196-632c-4c7b-a132-de07d894e634,0.11,false,false,false,near_mint,en,false,USD,2025-10-21T21:09:14.925Z
flitter flatter,deck,Stolen by the Fae,BLC,Bloomburrow Commander,176,normal,rare,1,96264,40e3c160-3dff-4bf4-9be2-c2446f20a305,0.09,false,false,false,near_mint,en,false,USD,2025-10-21T21:09:14.925Z
flitter flatter,deck,Endless Evil,CLB,Commander Legends: Battle for Baldur's Gate,665,normal,rare,1,69575,804b3378-b330-45d2-9e2c-602ec080f285,2.93,false,false,false,near_mint,en,false,USD,2025-10-24T05:58:30.238Z
flitter flatter,deck,Secluded Glen,WOC,Wilds of Eldraine Commander,166,normal,rare,1,85355,3c536cbf-ff08-48b5-9da8-9a14760261f9,0.75,false,false,false,near_mint,en,false,USD,2025-10-24T05:58:30.238Z
flitter flatter,deck,Faerie Conclave,WOC,Wilds of Eldraine Commander,160,normal,uncommon,1,85666,b41920ea-a57c-41ec-a3bd-765abb902bc3,0.51,false,false,false,near_mint,en,false,USD,2025-10-24T05:58:30.238Z
flitter flatter,deck,Quickling,WOC,Wilds of Eldraine Commander,103,normal,uncommon,1,85332,3066379e-f639-4cc4-a6d8-8177c220a3f5,0.19,false,false,false,near_mint,en,false,USD,2025-10-24T05:58:30.238Z
flitter flatter,deck,Faerie Impostor,DDN,Duel Decks: Speed vs. Cunning,43,normal,uncommon,1,13487,cdec8e65-8914-4a7a-9ed0-991a73242f3f,0.25,false,false,false,near_mint,en,false,USD,2025-10-24T05:58:30.238Z
flitter flatter,deck,Ghostly Flicker,CMM,Commander Masters,98,normal,common,1,84953,dc143ba3-2a58-4980-9fa0-a05a9e9ed082,0.83,false,false,false,near_mint,en,false,USD,2025-10-24T05:58:30.238Z
flitter flatter,deck,Conjurer's Closet,DRC,Aetherdrift Commander,126,normal,rare,1,103127,7e520d49-f3d5-46b3-a941-c57936648a47,3.45,false,false,false,near_mint,en,false,USD,2025-10-24T05:58:30.238Z
flitter flatter,deck,Wound Reflection,WHO,Doctor Who,223,normal,rare,1,87204,32d7dcdd-bec4-4795-b04f-63430228e48c,3.75,false,false,false,near_mint,en,false,USD,2025-10-24T05:58:30.238Z
flitter flatter,deck,Panharmonicon,2X2,Double Masters 2022,395,normal,rare,1,70474,c23c801e-b429-45d3-896e-289ec0497db0,7.62,false,false,false,near_mint,en,false,USD,2025-10-24T05:58:30.238Z
flitter flatter,deck,"Tegwyll, Duke of Splendor",WOC,Wilds of Eldraine Commander,1,normal,mythic,1,85230,03fab911-7bd4-45fa-ba07-cd0e51b0cd95,0.87,false,false,false,near_mint,en,false,USD,2025-10-26T06:19:28.944Z
flitter flatter,deck,Faerie Bladecrafter,WOC,Wilds of Eldraine Commander,14,normal,rare,1,85871,fffdf7f3-a230-417a-883a-069aabcbcca7,1.44,false,false,false,near_mint,en,false,USD,2025-10-26T06:19:28.944Z
flitter flatter,deck,Faerie Harbinger,LRW,Lorwyn,61,normal,uncommon,1,25381,f9bdc319-4e06-420b-ba54-6cb994d4e279,1.56,false,false,false,near_mint,en,false,USD,2025-10-26T06:19:28.944Z
flitter flatter,deck,Notorious Throng,ZNC,Zendikar Rising Commander,33,normal,rare,1,55469,c8be7edf-807a-4a7b-ab48-78f309997210,2.04,false,false,false,near_mint,en,false,USD,2025-11-02T21:04:21.794Z
flitter flatter,deck,Faerie Slumber Party,WOE,Wilds of Eldraine,311,normal,rare,1,85849,f8e5de58-cc4c-40b2-94c8-4e4d7cebfaf8,0.52,false,false,false,near_mint,en,false,USD,2025-11-02T21:04:21.794Z
flitter flatter,deck,Reflections of Littjara,TDC,Tarkir: Dragonstorm Commander,164,normal,rare,1,104659,578a1846-8c1a-4013-b669-1d3f4ddbbaa3,1.01,false,false,false,near_mint,en,false,USD,2025-11-02T21:04:21.794Z
flitter flatter,deck,Military Intelligence,ZNC,Zendikar Rising Commander,31,normal,uncommon,1,55352,28ba3c56-94f2-4bb3-86e2-e84d5b9fb013,0.2,false,false,false,near_mint,en,false,USD,2025-11-02T21:04:21.794Z
flitter flatter,deck,Planar Incision,NEO,Kamigawa: Neon Dynasty,72,normal,common,1,66752,9163cb04-ee28-4127-b53a-89c546996d7d,0.24,false,false,false,near_mint,en,false,USD,2025-11-02T21:04:21.794Z
flitter flatter,deck,Snap,WOC,Wilds of Eldraine Commander,110,normal,common,1,85827,f21a70d2-53ec-4fee-b7bc-b459309fe657,3.15,false,false,false,near_mint,en,false,USD,2025-11-02T21:04:21.794Z
flitter flatter,deck,Splash Portal,BLB,Bloomburrow,74,normal,uncommon,1,95958,adbaa356-28ba-487f-930a-a957d9960ab0,0.35,false,false,false,near_mint,en,false,USD,2025-11-02T21:04:21.794Z
flitter flatter,deck,"Rankle, Master of Pranks",OTC,Outlaws of Thunder Junction Commander,148,normal,rare,1,93602,4821d865-2a46-4611-ab93-1a9fdde08302,1.25,false,false,false,near_mint,en,false,USD,2025-11-02T21:04:21.794Z
flitter flatter,deck,Glen Elendra Liege,WOC,Wilds of Eldraine Commander,138,normal,rare,1,85863,fe9adc6f-84d6-4c9d-bf4d-1c1323a4fe32,0.68,false,false,false,near_mint,en,false,USD,2025-11-02T21:04:21.794Z
flitter flatter,deck,Deadeye Navigator,MM3,Modern Masters 2017,36,normal,rare,1,6177,f26a79b9-9f09-476e-b914-cade929dd852,2.37,false,false,false,near_mint,en,false,USD,2025-11-02T21:04:21.794Z
flitter flatter,deck,Talion's Messenger,WOE,Wilds of Eldraine,73,normal,rare,1,85344,35fb0640-5b04-4687-b863-46a8b8d36809,0.16,false,false,false,near_mint,en,false,USD,2025-11-03T03:30:31.710Z
flitter flatter,deck,Dark Ritual,3ED,Revised Edition,99,normal,common,1,41326,48cb9467-657e-453f-afc8-1bf7121570ad,3.09,false,false,false,near_mint,en,false,USD,2025-11-09T07:29:10.873Z
flitter flatter,deck,Brainstorm,FCA,Final Fantasy: Through the Ages,28,normal,uncommon,1,106148,c14f8bce-d5b3-4d01-8346-8a4923ec03d9,0.75,false,false,false,near_mint,en,false,USD,2025-11-09T07:29:10.873Z
flitter flatter,deck,Harmonized Crescendo,ECL,Lorwyn Eclipsed,54,normal,rare,1,110310,2715e0c0-9913-4bea-9a42-ad1164f6130a,0.96,false,false,false,near_mint,en,false,USD,2026-03-07T06:09:42.578Z
enchantress,deck,The Restoration of Eiganjo // Architect of Restoration,NEO,Kamigawa: Neon Dynasty,354,normal,rare,1,66540,57900858-940f-4d62-8a2c-378e82f4b79c,0.94,false,false,false,near_mint,en,false,USD,2025-10-19T23:18:36.069Z
enchantress,deck,Arcane Signet,FIC,Final Fantasy Commander,335,normal,common,1,105924,4c861c4c-0520-46d9-b281-63a1188417dc,0.44,false,false,false,near_mint,en,false,USD,2025-10-19T23:30:02.832Z
enchantress,deck,Sol Ring,FIC,Final Fantasy Commander,358,normal,uncommon,1,106065,9a34ac23-e318-4c0b-ab4c-e1eaa0e2547e,1.35,false,false,false,near_mint,en,false,USD,2025-10-19T23:30:02.832Z
enchantress,deck,Fetid Heath,FIC,Final Fantasy Commander,391,normal,rare,1,105936,5277f73d-b964-4ce6-823d-ce0fbf0a2d28,0.45,false,false,false,near_mint,en,false,USD,2025-10-19T23:30:02.832Z
enchantress,deck,Path of Ancestry,TDC,Tarkir: Dragonstorm Commander,382,normal,common,1,104906,b8504812-fcf5-47d3-977d-1d9a11231fd0,0.13,false,false,false,near_mint,en,false,USD,2025-10-19T23:45:12.490Z
enchantress,deck,Path to Exile,BLC,Bloomburrow Commander,147,normal,uncommon,1,96413,a5b070f2-f2f2-4ccd-9a4b-d19ea01b2298,0.73,false,false,false,near_mint,en,false,USD,2025-10-19T23:45:12.490Z
enchantress,deck,Terramorphic Expanse,BLC,Bloomburrow Commander,345,normal,common,1,96204,21bb96d8-483c-4fde-97ea-08be9570c289,0.12,false,false,false,near_mint,en,false,USD,2025-10-19T23:45:12.490Z
enchantress,deck,Thriving Heath,DSC,Duskmourn: House of Horror Commander,315,normal,common,1,99041,06329ca8-75b0-409d-bb80-6b9164f4e22a,0.07,false,false,false,near_mint,en,false,USD,2025-10-19T23:45:12.490Z
enchantress,deck,"Victor, Valgavoth's Seneschal",DSK,Duskmourn: House of Horror,238,normal,rare,1,98706,51392ece-c9f5-46b0-9dce-0a1a0343a536,0.16,false,false,false,near_mint,en,false,USD,2025-10-20T23:34:28.879Z
enchantress,deck,Extraordinary Journey,WOE,Wilds of Eldraine,48,normal,rare,1,85628,a69fb480-a9fc-4f09-ac4e-3ce52c485ea9,0.11,false,false,false,near_mint,en,false,USD,2025-10-21T00:34:36.170Z
enchantress,deck,"Sothera, the Supervoid",EOE,Edge of Eternities,115,normal,mythic,1,106772,e99d6fc0-dcf2-4b25-81c2-02c230a36246,4.11,false,false,false,near_mint,en,false,USD,2025-10-21T00:49:01.479Z
enchantress,deck,Watery Grave,EOE,Edge of Eternities,261,normal,rare,1,106762,5b8170dc-6a90-46fc-9989-7575f3d402b5,7.83,false,false,false,near_mint,en,false,USD,2025-10-21T00:54:12.935Z
enchantress,deck,Brokers Hideout,SNC,Streets of New Capenna,248,normal,common,1,67902,989b299b-daa9-4bda-94e2-9a2f0e8f2bce,0.64,false,false,false,near_mint,en,false,USD,2025-10-21T01:01:22.308Z
enchantress,deck,"Adagia, Windswept Bastion",EOE,Edge of Eternities,250,normal,mythic,1,107156,c634273a-94b0-4104-9d10-ae522ece1fc7,7.75,false,false,false,near_mint,en,false,USD,2025-10-21T01:26:31.539Z
enchantress,deck,Consider,TDC,Tarkir: Dragonstorm Commander,148,normal,common,1,105076,ff6f3824-3670-46e1-af43-0db405726084,0.4,false,false,false,near_mint,en,false,USD,2025-10-21T01:58:40.841Z
enchantress,deck,Ash Barrens,TDC,Tarkir: Dragonstorm Commander,339,normal,common,1,105054,f5314520-b8af-4416-b57c-74388542ecb6,0.13,false,false,false,near_mint,en,false,USD,2025-10-21T01:58:40.841Z
enchantress,deck,Pongify,TDC,Tarkir: Dragonstorm Commander,160,normal,uncommon,1,104584,4131fa63-5afc-4b63-a4b4-f47b4bced87f,2.19,false,false,false,near_mint,en,false,USD,2025-10-21T01:58:40.841Z
enchantress,deck,Swords to Plowshares,TDC,Tarkir: Dragonstorm Commander,134,normal,uncommon,1,105063,f87cf997-14b5-4a2c-a7d1-34b7de6561a2,0.95,false,false,false,near_mint,en,false,USD,2025-10-21T01:58:40.841Z
enchantress,deck,Preordain,TDC,Tarkir: Dragonstorm Commander,161,normal,common,1,105006,dd29a0e5-c1de-4e8a-8866-715e9f9cde1f,0.53,false,false,false,near_mint,en,false,USD,2025-10-21T01:58:40.841Z
enchantress,deck,Tempest Technique,TDC,Tarkir: Dragonstorm Commander,16,normal,rare,1,104673,5d5ee7cc-4854-4b52-ba9b-64d5a401fca1,0.49,false,false,false,near_mint,en,false,USD,2025-10-21T01:58:40.841Z
enchantress,deck,Evolving Wilds,TDM,Tarkir: Dragonstorm,255,normal,common,1,104685,62209251-4118-4843-895b-46afb7284c75,0.08,false,false,false,near_mint,en,false,USD,2025-10-21T01:58:40.841Z
enchantress,deck,Glacial Fortress,EOC,Edge of Eternities Commander,160,normal,rare,1,107308,a1fc8d86-b118-46e3-92a5-8cbf2ca282f7,0.25,false,false,false,near_mint,en,false,USD,2025-10-21T01:58:40.841Z
enchantress,deck,Staggering Insight,THB,Theros Beyond Death,228,normal,uncommon,1,46834,125b8be1-76b9-434e-a505-5099d950767c,0.21,false,false,false,near_mint,en,false,USD,2025-10-21T02:24:31.701Z
enchantress,deck,Port Town,M3C,Modern Horizons 3 Commander,364,normal,rare,1,94783,96faa127-f71a-47e3-a94b-895fc6b0d6fd,0.15,false,false,false,near_mint,en,false,USD,2025-10-21T02:24:31.701Z
enchantress,deck,Vow of Duty,MKC,Murders at Karlov Manor Commander,89,normal,uncommon,1,90283,210920ef-917b-4e2c-a5da-1180baa37959,0.1,false,false,false,near_mint,en,false,USD,2025-10-21T02:24:31.701Z
enchantress,deck,Ever-Watching Threshold,C18,Commander 2018,9,normal,rare,1,834,b711a0aa-90e5-4f16-9dc3-9cc331fc3101,0.54,false,false,false,near_mint,en,false,USD,2025-10-21T02:24:31.701Z
enchantress,deck,Command Tower,BLC,Bloomburrow Commander,130,normal,common,1,96318,63a39996-48b7-42bb-9759-a42382ee0468,0.3,false,false,false,near_mint,en,false,USD,2025-10-19T23:45:12.490Z
enchantress,deck,Wingspan Stride,TDM,Tarkir: Dragonstorm,66,normal,common,1,104541,339a0e24-c332-4558-bb60-f5504ddde88c,0.08,false,false,false,near_mint,en,false,USD,2025-11-03T02:18:25.410Z
enchantress,deck,Shardmage's Rescue,DSK,Duskmourn: House of Horror,29,normal,uncommon,1,98731,aed0cafa-d701-4e1f-9773-abcf817c244c,0.16,false,false,false,near_mint,en,false,USD,2025-11-18T07:38:28.778Z
enchantress,deck,Fear of the Dark,DSK,Duskmourn: House of Horror,98,normal,common,1,98866,8700eb8d-1cc0-45ff-b769-c875ee6500ea,0.06,false,false,false,near_mint,en,false,USD,2025-11-18T07:38:28.778Z
enchantress,deck,Starfield Mystic,DSC,Duskmourn: House of Horror Commander,105,normal,rare,1,99053,111bc4a3-5318-4c85-b5d4-d85242bff05f,0.38,false,false,false,near_mint,en,false,USD,2025-11-18T20:28:44.553Z
enchantress,deck,Dance of the Manse,NEC,Neon Dynasty Commander,136,normal,rare,1,67007,4b32891f-ea17-4543-92ea-54097996a3cb,0.65,false,false,false,near_mint,en,false,USD,2025-11-18T20:28:44.553Z
enchantress,deck,"Athreos, Shroud-Veiled",DSC,Duskmourn: House of Horror Commander,212,normal,mythic,1,99411,f50ffa76-f704-4d53-a15c-8316b07c1d12,0.6,false,false,false,near_mint,en,false,USD,2025-11-18T20:28:44.553Z
enchantress,deck,Devastation Tide,LTC,Tales of Middle-earth Commander,189,normal,rare,1,83498,c95bc785-6d4a-4157-9a29-270f88db0028,0.17,false,false,false,near_mint,en,false,USD,2025-11-18T20:28:44.553Z
enchantress,deck,"Aminatou, the Fateshifter",SLD,Secret Lair Drop,1421,normal,mythic,1,86297,4fe22cd8-31e6-491b-bce2-db257668eb92,5.7,false,false,false,near_mint,en,false,USD,2025-11-18T20:28:44.553Z
enchantress,deck,Sphere of Safety,DSC,Duskmourn: House of Horror Commander,104,normal,uncommon,1,99169,5c4e3031-ffc2-4d4d-a9f9-e85820059315,2.39,false,false,false,near_mint,en,false,USD,2025-11-18T20:28:44.553Z
enchantress,deck,Orzhov Signet,DRC,Aetherdrift Commander,134,normal,uncommon,1,103270,ca0d3984-fbb3-4661-a424-f79d2253e057,0.32,false,false,false,near_mint,en,false,USD,2025-11-18T20:28:44.553Z
enchantress,deck,"Eriette, the Beguiler",OTJ,Outlaws of Thunder Junction,293,normal,rare,1,93427,f69b5791-a405-4578-acba-959cc181e9ad,0.3,false,false,false,near_mint,en,false,USD,2025-11-18T20:28:44.553Z
enchantress,deck,Temporal Mastery,INR,Innistrad Remastered,90,normal,mythic,1,102419,0f46a800-b443-461d-87e0-5587249a42d8,3.81,false,false,false,near_mint,en,false,USD,2025-11-18T20:28:44.553Z
enchantress,deck,Soothsaying,MMQ,Mercadian Masques,104,normal,uncommon,1,34306,def384ff-1b6f-4c4f-8151-3c72c29b63ce,2.33,false,false,false,near_mint,en,false,USD,2025-11-18T20:28:44.553Z
enchantress,deck,Resurgent Belief,MH2,Modern Horizons 2,26,normal,rare,1,59381,01880c6f-be00-48b5-913f-ec6c80ced184,0.87,false,false,false,near_mint,en,false,USD,2025-11-18T20:28:44.553Z
enchantress,deck,Mesa Enchantress,CMM,Commander Masters,828,normal,rare,1,84360,51c0ee3e-054e-4b01-b333-4ef3bc904750,0.38,false,false,false,near_mint,en,false,USD,2025-11-18T20:28:44.553Z
enchantress,deck,Sigil of the Empty Throne,DSC,Duskmourn: House of Horror Commander,103,normal,rare,1,99191,6875be24-1515-488f-a899-929c8e480dfd,0.33,false,false,false,near_mint,en,false,USD,2025-11-18T20:28:44.553Z
enchantress,deck,Underworld Coinsmith,C15,Commander 2015,237,normal,uncommon,1,9799,3f0f1e80-405a-413a-bed1-ea276040eea4,0.33,false,false,false,near_mint,en,false,USD,2025-11-18T20:28:44.553Z
enchantress,deck,Omniscience,FDN,Foundations,312,normal,mythic,1,100062,7c72dced-adae-4c66-af2a-0a1216953ab6,6.84,false,false,false,near_mint,en,false,USD,2025-11-18T20:28:44.553Z
enchantress,deck,Portent,CST,Coldsnap Theme Decks,90,normal,common,1,27061,2168990d-7dec-4eee-a609-09a6c8b5766d,0.39,false,false,false,near_mint,en,false,USD,2025-11-18T20:28:44.553Z
enchantress,deck,The Master of Keys,DSC,Duskmourn: House of Horror Commander,4,normal,mythic,1,98964,3545341b-dacc-4ac8-976e-39754a62bbc3,2.39,false,false,false,near_mint,en,false,USD,2025-11-18T20:28:44.553Z
enchantress,deck,Redress Fate,DSC,Duskmourn: House of Horror Commander,9,normal,rare,1,98957,19f56096-f692-4719-af38-6a4955f2b65c,0.37,false,false,false,near_mint,en,false,USD,2025-11-18T20:28:44.553Z
enchantress,deck,Halimar Depths,DSC,Duskmourn: House of Horror Commander,282,normal,common,1,99181,63eb18e0-c723-4de4-8498-c5362c75b2b4,0.34,false,false,false,near_mint,en,false,USD,2025-11-18T20:28:44.553Z
enchantress,deck,Extravagant Replication,FDN,Foundations,154,normal,rare,1,100634,6a41dfae-bc7e-4105-8f7e-fd0109197ad8,0.31,false,false,false,near_mint,en,false,USD,2025-11-18T20:28:44.553Z
enchantress,deck,"Aminatou, Veil Piercer",DSC,Duskmourn: House of Horror Commander,1,normal,mythic,1,98656,9f868023-6035-403d-ba91-7a4840c6c392,0.51,false,false,false,near_mint,en,false,USD,2025-11-18T20:28:44.553Z
enchantress,deck,Entity Tracker,DSK,Duskmourn: House of Horror,53,normal,rare,1,98996,ae54d697-6d06-4af1-a617-8a47a6ab9c01,0.46,false,false,false,near_mint,en,false,USD,2025-11-18T20:28:44.553Z
enchantress,deck,Brainstorm,DSC,Duskmourn: House of Horror Commander,113,normal,common,1,99245,8beb987c-1b67-4a4e-ae71-58547afad2a0,1.32,false,false,false,near_mint,en,false,USD,2025-11-18T20:28:44.553Z
enchantress,deck,Moon-Blessed Cleric,AFR,Adventures in the Forgotten Realms,26,normal,uncommon,1,60189,2b7fea79-9600-41d2-84d2-34a61a08a0d4,0.31,false,false,false,near_mint,en,false,USD,2025-11-18T20:28:44.553Z
enchantress,deck,Dimir Aqueduct,2X2,Double Masters 2022,404,normal,uncommon,1,70323,7761b314-844a-4ade-a584-f37712cd2293,1.29,false,false,false,near_mint,en,false,USD,2025-11-18T20:28:44.553Z
enchantress,deck,"Ephara, God of the Polis",BNG,Born of the Gods,145,normal,mythic,1,14815,6832e495-7ee9-43e0-94ea-03c88344080e,3.25,false,false,false,near_mint,en,false,USD,2025-11-18T20:28:44.553Z
enchantress,deck,Ondu Spiritdancer,CMM,Commander Masters,723,normal,rare,1,84484,71991921-a860-44fe-9005-bf604c723167,6.22,false,false,false,near_mint,en,false,USD,2025-11-18T22:20:35.045Z
enchantress,deck,Arcane Sanctum,DRC,Aetherdrift Commander,146,normal,uncommon,1,103231,b57164a6-aca8-4cd2-9b40-1c10f13c1c6b,0.51,false,false,false,near_mint,en,false,USD,2025-11-18T22:20:35.045Z
enchantress,deck,Caves of Koilos,TDC,Tarkir: Dragonstorm Commander,348,normal,rare,1,104809,92bef577-f055-4d54-9a75-e9d4a125001c,0.66,false,false,false,near_mint,en,false,USD,2025-11-18T22:20:35.045Z
enchantress,deck,Mirrormade,DSC,Duskmourn: House of Horror Commander,120,normal,rare,1,99277,a26cbfbe-fbb8-4804-b065-ab2c42ddad9b,0.89,false,false,false,near_mint,en,false,USD,2025-11-18T22:20:35.045Z
enchantress,deck,Soaring Lightbringer,DSC,Duskmourn: House of Horror Commander,11,normal,rare,1,99020,fc7895bf-a5fe-45bd-bc57-c4abe0703900,0.23,false,false,false,near_mint,en,false,USD,2025-11-18T22:20:35.045Z
enchantress,deck,Timely Ward,DSC,Duskmourn: House of Horror Commander,107,normal,rare,1,99359,d61f8db1-0148-47bd-ae97-9aedccb83813,0.84,false,false,false,near_mint,en,false,USD,2025-11-18T22:20:35.045Z
enchantress,deck,Ponder,TDC,Tarkir: Dragonstorm Commander,159,normal,common,1,105002,dc69f960-68ba-4315-8146-6a7a82047503,1.11,false,false,false,near_mint,en,false,USD,2025-11-18T22:20:35.045Z
enchantress,deck,"Thassa, God of the Sea",LCC,The Lost Caverns of Ixalan Commander,176,normal,mythic,1,88748,9f9db424-e668-48b4-b275-7b35be4e1bf8,1.22,false,false,false,near_mint,en,false,USD,2025-11-18T22:20:35.045Z
enchantress,deck,Talisman of Dominance,DRC,Aetherdrift Commander,141,normal,uncommon,1,103178,939cc767-0de1-4d94-a1f9-fe07e923d343,1.2,false,false,false,near_mint,en,false,USD,2025-11-18T22:20:35.045Z
enchantress,deck,Silent Hallcreeper,DSK,Duskmourn: House of Horror,72,normal,rare,1,98892,aac4f0cc-63be-4f08-956e-39839c9735ba,1.06,false,false,false,near_mint,en,false,USD,2025-11-18T22:20:35.045Z
enchantress,deck,"Heliod, the Radiant Dawn // Heliod, the Warped Eclipse",MOM,March of the Machine,293,normal,rare,1,80471,bfd786c2-6a2b-4f43-ba68-cbe31eeb4904,2.19,false,false,false,near_mint,en,false,USD,2025-11-18T22:20:35.045Z
enchantress,deck,"Invasion of Theros // Ephara, Ever-Sheltering",MOM,March of the Machine,23,normal,rare,1,81062,433e9f1c-9d6c-4c7e-89d0-79595b4331f2,0.44,false,false,false,near_mint,en,false,USD,2025-11-18T22:20:35.045Z
enchantress,deck,Lim-Dûl's Vault,C13,Commander 2013,197,normal,uncommon,1,15189,cec89c38-0b72-44b0-ac6c-7eb9503e1256,4.74,false,false,false,near_mint,en,false,USD,2025-11-18T22:20:35.045Z
enchantress,deck,Adarkar Wastes,EOC,Edge of Eternities Commander,147,normal,rare,1,107263,42e0aa15-639a-4e88-9bd8-ce5e7c7d7649,0.32,false,false,false,near_mint,en,false,USD,2025-11-19T02:32:58.692Z
enchantress,deck,Azorius Signet,TDC,Tarkir: Dragonstorm Commander,312,normal,uncommon,1,104586,41c50b99-4a29-4bef-8d41-c548c8a61dac,0.18,false,false,false,near_mint,en,false,USD,2025-11-19T02:32:58.692Z
enchantress,deck,Forsaken Sanctuary,C18,Commander 2018,247,normal,uncommon,1,596,f3e0b983-62e7-43fb-b5d5-402ea60a64d7,0.24,false,false,false,near_mint,en,false,USD,2025-11-19T02:32:58.692Z
enchantress,deck,Mind Stone,PIP,Fallout,235,normal,uncommon,1,92618,b88baf29-a556-4e89-8471-9ba9bc8efe2c,0.2,false,false,false,near_mint,en,false,USD,2025-11-19T02:32:58.692Z
enchantress,deck,Not Dead After All,WOE,Wilds of Eldraine,101,normal,common,1,85736,d01a2b68-efe6-4027-846d-db7b19d9eef6,1.16,false,false,false,near_mint,en,false,USD,2025-11-19T02:32:58.692Z
enchantress,deck,Opt,TDC,Tarkir: Dragonstorm Commander,158,normal,common,1,104914,bbc99a51-1501-4525-a3cc-f48249b64bed,0.08,false,false,false,near_mint,en,false,USD,2025-11-19T02:32:58.692Z
enchantress,deck,Prairie Stream,TDC,Tarkir: Dragonstorm Commander,384,normal,rare,1,105067,fa0af5ea-e9e1-4247-bde2-759c2653fc00,0.15,false,false,false,near_mint,en,false,USD,2025-11-19T02:32:58.692Z
enchantress,deck,Skycloud Expanse,EOC,Edge of Eternities Commander,181,normal,rare,1,107224,03f8c846-d80c-49a4-a562-e817cd0c6096,0.13,false,false,false,near_mint,en,false,USD,2025-11-19T02:32:58.692Z
enchantress,deck,Talisman of Progress,TDC,Tarkir: Dragonstorm Commander,333,normal,uncommon,1,104836,9d6a5ed4-54b3-4660-8d41-953336f2fe74,0.27,false,false,false,near_mint,en,false,USD,2025-11-19T02:32:58.692Z
enchantress,deck,Temple of Enlightenment,EOC,Edge of Eternities Commander,186,normal,rare,1,107342,dd139d4d-3a40-4015-93de-c838c64156c6,0.11,false,false,false,near_mint,en,false,USD,2025-11-19T02:32:58.692Z
enchantress,deck,Floodfarm Verge,DSK,Duskmourn: House of Horror,259,normal,rare,1,98745,d53ed0db-1199-44b3-8eda-8189dfcf53d1,5.83,false,false,false,near_mint,en,false,USD,2025-11-22T19:46:48.420Z
enchantress,deck,Gloomlake Verge,DSK,Duskmourn: House of Horror,331,normal,rare,1,98903,b414e4bd-a443-4ab3-bee4-1ad1d039aa1a,11.89,false,false,false,near_mint,en,false,USD,2025-11-22T19:46:48.420Z
enchantress,deck,Chromatic Lantern,FCA,Final Fantasy: Through the Ages,61,normal,rare,1,106450,d170adf6-eb5e-4094-9917-3b68be92e8b9,6.27,false,false,false,near_mint,en,false,USD,2025-11-22T19:49:15.806Z
enchantress,deck,Standstill,TLE,Avatar: The Last Airbender Eternal,19,normal,mythic,1,109549,d4296046-23bc-456c-b478-4da73836b843,1.54,false,false,false,near_mint,en,false,USD,2025-11-24T03:22:22.958Z
enchantress,deck,"Light-Paws, Emperor's Voice",NEO,Kamigawa: Neon Dynasty,25,normal,rare,1,66521,39555a72-a57b-45ee-9222-ce3b9e8de126,1.02,false,false,false,near_mint,en,false,USD,2025-11-24T03:22:41.621Z
enchantress,deck,Inquisitive Glimmer,DSK,Duskmourn: House of Horror,217,normal,uncommon,1,98752,f1f66e3e-9f1f-4601-aa30-30b66805a5a8,0.17,false,false,false,near_mint,en,false,USD,2025-11-27T18:42:52.704Z
enchantress,deck,Archetype of Imagination,DSC,Duskmourn: House of Horror Commander,111,normal,uncommon,1,99073,204972f7-8111-4e7d-97c4-53bcdc222230,0.44,false,false,false,near_mint,en,false,USD,2025-11-27T18:42:52.704Z
enchantress,deck,Teferi's Ageless Insight,SLD,Secret Lair Drop,1721,normal,rare,1,99761,0db5492c-dc2d-4a06-ae97-f03669b88fb0,9.26,false,false,false,near_mint,en,false,USD,2025-11-27T18:42:52.704Z
why are there so many vampires,deck,Sol Ring,TDC,Tarkir: Dragonstorm Commander,106,normal,uncommon,1,104314,7b0ccfd4-f118-4497-9c5a-54cf12000e16,1.37,false,false,false,near_mint,en,false,USD,2025-10-21T01:58:40.841Z
why are there so many vampires,deck,Generous Gift,LCC,The Lost Caverns of Ixalan Commander,128,normal,uncommon,1,89060,fc70e127-ffc8-45ed-9ca3-7f9f926ac4d5,0.75,false,false,false,near_mint,en,false,USD,2025-10-21T02:24:31.701Z
why are there so many vampires,deck,Exsanguinate,CMM,Commander Masters,638,normal,uncommon,1,84266,3d9bb677-6b9a-4ccf-accc-b1a91be85b70,1.63,false,false,false,near_mint,en,false,USD,2025-11-25T23:56:54.452Z
why are there so many vampires,deck,Windborn Muse,MKC,Murders at Karlov Manor Commander,92,normal,rare,1,90329,3ce8b722-7bc0-4053-8627-7846f9d17eda,0.32,false,false,false,near_mint,en,false,USD,2025-11-25T23:56:54.452Z
why are there so many vampires,deck,Riot Control,BLC,Bloomburrow Commander,151,normal,common,1,96525,f0ca86cd-1b24-4abc-a877-c3aee6acf873,0.11,false,false,false,near_mint,en,false,USD,2025-11-25T23:56:54.452Z
why are there so many vampires,deck,Ashes of the Abhorrent,XLN,Ixalan,2,normal,rare,1,4010,4e8eb264-dadb-440c-af85-273e755f1db6,0.59,false,false,false,near_mint,en,false,USD,2025-11-25T23:56:54.452Z
why are there so many vampires,deck,Cliffhaven Vampire,OGW,Oath of the Gatewatch,153,normal,uncommon,1,9229,5544247d-1f8f-443f-a4c4-d8461db28a79,0.76,false,false,false,near_mint,en,false,USD,2025-11-25T23:56:54.452Z
why are there so many vampires,deck,Anguished Unmaking,LTC,Tales of Middle-earth Commander,265,normal,rare,1,83223,7e798845-4d8a-46ea-8507-41edcb6c1f80,2.32,false,false,false,near_mint,en,false,USD,2025-11-25T23:56:54.452Z
why are there so many vampires,deck,Rug of Smothering,CLB,Commander Legends: Battle for Baldur's Gate,336,normal,uncommon,1,69203,a73d1cb0-d0dc-4f2a-9cf2-954d5889dd08,0.44,false,false,false,near_mint,en,false,USD,2025-11-25T23:56:54.452Z
why are there so many vampires,deck,Tainted Field,PIP,Fallout,298,normal,uncommon,1,92005,2c46db1a-7066-47bd-a033-cc55f9b4004e,0.12,false,false,false,near_mint,en,false,USD,2025-11-25T23:56:54.452Z
why are there so many vampires,deck,Path to Exile,FIC,Final Fantasy Commander,248,normal,uncommon,1,106138,bba46570-dca2-4849-966a-0972e6a4c506,1.18,false,false,false,near_mint,en,false,USD,2025-11-25T23:56:54.452Z
why are there so many vampires,deck,Bond of Agony,DIS,Dissension,38,normal,uncommon,1,27387,832acb3f-4dd4-4bf1-b990-7cc7a68a1d57,1.0,false,false,false,near_mint,en,false,USD,2025-11-25T23:56:54.452Z
why are there so many vampires,deck,Twilight Prophet,MKC,Murders at Karlov Manor Commander,143,normal,mythic,1,90245,050ca791-265a-4e7b-9640-4fd5a6d8cd3a,0.52,false,false,false,near_mint,en,false,USD,2025-11-25T23:56:54.452Z
why are there so many vampires,deck,Fetid Heath,FIC,Final Fantasy Commander,391,normal,rare,1,105936,5277f73d-b964-4ce6-823d-ce0fbf0a2d28,0.34,false,false,false,near_mint,en,false,USD,2025-11-25T23:56:54.452Z
why are there so many vampires,deck,Temple of Silence,TDC,Tarkir: Dragonstorm Commander,406,normal,rare,1,104585,41393bce-01c1-4268-907e-de0fa8a76719,0.16,false,false,false,near_mint,en,false,USD,2025-11-25T23:56:54.452Z
why are there so many vampires,deck,Gray Merchant of Asphodel,C14,Commander 2014,146,normal,common,1,12710,430fcd3e-a70a-4554-9c48-1a1b11d0a95c,0.9,false,false,false,near_mint,en,false,USD,2025-11-25T23:56:54.452Z
why are there so many vampires,deck,Farewell,M3C,Modern Horizons 3 Commander,170,normal,rare,1,94819,d9afeade-c7a0-4c88-93c8-112774860e51,3.16,false,false,false,near_mint,en,false,USD,2025-11-25T23:56:54.452Z
why are there so many vampires,deck,Bojuka Bog,EOC,Edge of Eternities Commander,149,normal,common,1,107128,b0c6fb5e-07e2-4d22-be19-60592f00584a,1.0,false,false,false,near_mint,en,false,USD,2025-11-25T23:56:54.452Z
why are there so many vampires,deck,Markov Purifier,VOW,Innistrad: Crimson Vow,241,normal,uncommon,1,64386,bb95d34a-0b13-4533-9efc-08381c81e6cd,0.21,false,false,false,near_mint,en,false,USD,2025-11-25T23:56:54.452Z
why are there so many vampires,deck,Sun Titan,FIC,Final Fantasy Commander,254,normal,mythic,1,106207,e135d544-2a3e-4b22-ae4d-6c2203769e2a,0.21,false,false,false,near_mint,en,false,USD,2025-11-25T23:56:54.452Z
why are there so many vampires,deck,"Astarion, the Decadent",CLB,Commander Legends: Battle for Baldur's Gate,265,normal,rare,1,69072,64d932b9-5682-4427-a871-7d452a488674,1.49,false,false,false,near_mint,en,false,USD,2025-11-25T23:56:54.452Z
why are there so many vampires,deck,Light of Promise,M21,Core Set 2021,25,normal,uncommon,1,51019,d5f80411-0a95-4e0a-b7a8-af23ddf385cc,0.33,false,false,false,near_mint,en,false,USD,2025-11-25T23:56:54.452Z
why are there so many vampires,deck,Revival // Revenge,RVR,Ravnica Remastered,241,normal,rare,1,89953,e33b265d-1956-48d0-91d5-036f06dd816a,0.44,false,false,false,near_mint,en,false,USD,2025-11-25T23:56:54.452Z
why are there so many vampires,deck,Heliod's Intervention,OTC,Outlaws of Thunder Junction Commander,81,normal,rare,1,93751,9519bb3a-bed3-48e8-93ae-9e9b2e7d646a,2.59,false,false,false,near_mint,en,false,USD,2025-11-25T23:56:54.452Z
why are there so many vampires,deck,Blighted Steppe,BFZ,Battle for Zendikar,232,normal,uncommon,1,10119,f43df8ee-d3e4-419e-aed0-1059d95f9cab,0.17,false,false,false,near_mint,en,false,USD,2025-11-25T23:56:54.452Z
why are there so many vampires,deck,Life Insurance,DSC,Duskmourn: House of Horror Commander,224,normal,rare,1,99178,60e1921e-6c98-4c60-88f4-8fbb6f30236e,0.38,false,false,false,near_mint,en,false,USD,2025-11-25T23:56:54.452Z
why are there so many vampires,deck,Plague Drone,40K,"Warhammer 40,000 Commander",47,normal,rare,1,72459,95df49ae-e75f-4d97-8323-ebb62ff1df33,3.28,false,false,false,near_mint,en,false,USD,2025-11-25T23:56:54.452Z
why are there so many vampires,deck,Wayfarer's Bauble,LTC,Tales of Middle-earth Commander,290,normal,common,1,83189,7219d07d-56b3-4522-9552-7f290f2c2176,0.29,false,false,false,near_mint,en,false,USD,2025-11-25T23:56:54.452Z
why are there so many vampires,deck,Greed,MH2,Modern Horizons 2,274,normal,uncommon,1,59652,851f8d1f-163c-4c4f-beee-431b64ec8a99,0.28,false,false,false,near_mint,en,false,USD,2025-11-25T23:56:54.452Z
why are there so many vampires,deck,"Syr Vondam, Sunstar Exemplar",EOE,Edge of Eternities,231,normal,rare,1,107424,49554198-549b-4066-86ce-77a03fda0a2f,0.41,false,false,false,near_mint,en,false,USD,2025-11-25T23:56:54.452Z
why are there so many vampires,deck,Witch of the Moors,OTC,Outlaws of Thunder Junction Commander,152,normal,rare,1,93674,6914b30b-24f3-48cb-832f-c1f8510e2c9c,1.15,false,false,false,near_mint,en,false,USD,2025-11-25T23:56:54.452Z
why are there so many vampires,deck,Sigarda's Splendor,MID,Innistrad: Midnight Hunt,33,normal,rare,1,63414,bb22626d-84ef-40d1-a4f2-771b45198eaa,0.45,false,false,false,near_mint,en,false,USD,2025-11-25T23:56:54.452Z
why are there so many vampires,deck,Command Tower,PIP,Fallout,259,normal,common,1,92477,952cb8cb-633c-468f-8ef5-54ff91ddfb22,0.3,false,false,false,near_mint,en,false,USD,2025-11-25T23:56:54.452Z
why are there so many vampires,deck,Soul Shatter,ZNR,Zendikar Rising,345,normal,rare,1,54470,1e40b3f9-8eed-41b1-afe1-eaf61a618407,5.14,false,false,false,near_mint,en,false,USD,2025-11-25T23:56:54.452Z
why are there so many vampires,deck,Cosmos Elixir,KHM,Kaldheim,237,normal,rare,1,56920,6bf084fe-7762-49c5-974a-cdecc10666b3,2.39,false,false,false,near_mint,en,false,USD,2025-11-25T23:56:54.452Z
why are there so many vampires,deck,Knight of the White Orchid,MOC,March of the Machine Commander,193,normal,rare,1,82046,f332cd21-46ed-4fff-9fd9-d5975bf0004d,1.8,false,false,false,near_mint,en,false,USD,2025-11-25T23:56:54.452Z
why are there so many vampires,deck,Valkyrie Harbinger,KHM,Kaldheim,374,normal,rare,1,57139,edab83a9-35b5-4312-b8ee-1c042c02aa31,1.12,false,false,false,near_mint,en,false,USD,2025-11-25T23:56:54.452Z
why are there so many vampires,deck,Isolated Chapel,FIC,Final Fantasy Commander,405,normal,rare,1,106031,8ca61142-d0ed-42cb-9a51-0e44151f2b44,0.27,false,false,false,near_mint,en,false,USD,2025-11-25T23:56:54.452Z
why are there so many vampires,deck,Ill-Gotten Inheritance,RVR,Ravnica Remastered,77,normal,common,1,89851,abf2a55e-3112-452c-ac6a-6a3b9986ca99,0.13,false,false,false,near_mint,en,false,USD,2025-11-25T23:56:54.452Z
why are there so many vampires,deck,Despark,TDC,Tarkir: Dragonstorm Commander,284,normal,uncommon,1,105050,f37a4bc1-3702-44d7-8b29-dca99b563c6b,0.16,false,false,false,near_mint,en,false,USD,2025-11-25T23:56:54.452Z
why are there so many vampires,deck,Blind Obedience,RVR,Ravnica Remastered,9,normal,rare,1,89929,d859e1f9-feb3-497a-af0b-f74fee46861f,3.31,false,false,false,near_mint,en,false,USD,2025-11-25T23:56:54.452Z
why are there so many vampires,deck,Arcane Signet,FIC,Final Fantasy Commander,335,normal,common,1,105924,4c861c4c-0520-46d9-b281-63a1188417dc,0.44,false,false,false,near_mint,en,false,USD,2025-11-25T23:56:54.452Z
why are there so many vampires,deck,Vault of the Archangel,TDC,Tarkir: Dragonstorm Commander,410,normal,rare,1,104802,8f203f04-bd73-4d88-bb5e-aab63507dbd1,0.3,false,false,false,near_mint,en,false,USD,2025-11-25T23:56:54.452Z
why are there so many vampires,deck,Orzhov Signet,TDC,Tarkir: Dragonstorm Commander,323,normal,common,1,104804,90894726-1940-4291-a05c-b85cefbfa344,0.22,false,false,false,near_mint,en,false,USD,2025-11-25T23:56:54.452Z
why are there so many vampires,deck,Scoured Barrens,FDN,Foundations,266,normal,common,1,100277,2632a4b2-9ca6-4b67-9a99-14f52ad3dc41,0.07,false,false,false,near_mint,en,false,USD,2025-11-25T23:56:54.452Z
why are there so many vampires,deck,Indulging Patrician,TDC,Tarkir: Dragonstorm Commander,292,normal,uncommon,1,104850,a2c1765c-0054-4c9f-a6b3-5e54189b44c3,0.19,false,false,false,near_mint,en,false,USD,2025-11-25T23:56:54.452Z
why are there so many vampires,deck,Shineshadow Snarl,FIC,Final Fantasy Commander,422,normal,rare,1,106214,e45eff2e-c624-4c59-b192-a9d7dc2eeeba,0.16,false,false,false,near_mint,en,false,USD,2025-11-25T23:56:54.452Z
why are there so many vampires,deck,"Elas il-Kor, Sadistic Pilgrim",DMU,Dominaria United,297,normal,uncommon,1,71446,552fbde6-515d-457e-81c9-d67157eaaf37,0.7,false,false,false,near_mint,en,false,USD,2025-11-25T23:56:54.452Z
why are there so many vampires,deck,Feast of the Victorious Dead,MAT,March of the Machine: The Aftermath,30,normal,uncommon,1,82576,8a90d613-a327-4dc7-b0c1-0003fe0171ef,0.17,false,false,false,near_mint,en,false,USD,2025-11-25T23:56:54.452Z
why are there so many vampires,deck,Caves of Koilos,TDC,Tarkir: Dragonstorm Commander,348,normal,rare,1,104809,92bef577-f055-4d54-9a75-e9d4a125001c,0.64,false,false,false,near_mint,en,false,USD,2025-11-25T23:56:54.452Z
why are there so many vampires,deck,Wound Reflection,WHO,Doctor Who,223,normal,rare,1,87204,32d7dcdd-bec4-4795-b04f-63430228e48c,4.55,false,false,false,near_mint,en,false,USD,2025-11-25T23:56:54.452Z
why are there so many vampires,deck,Drana's Emissary,BFZ,Battle for Zendikar,210,normal,uncommon,1,10141,99e82d47-9bbb-4bf9-a935-2c0b27b64a84,0.46,false,false,false,near_mint,en,false,USD,2025-11-25T23:56:54.452Z
why are there so many vampires,deck,Vizkopa Guildmage,GK2,RNA Guild Kit,47,normal,uncommon,1,43977,9d2469da-f4ce-4bcc-9dee-c9a255510127,0.51,false,false,false,near_mint,en,false,USD,2025-11-25T23:56:54.452Z
why are there so many vampires,deck,Tainted Sigil,ARB,Alara Reborn,83,normal,uncommon,1,23425,abcf3694-d6b0-459d-8c3a-1532237b487a,1.51,false,false,false,near_mint,en,false,USD,2025-11-25T23:56:54.452Z
why are there so many vampires,deck,Axis of Mortality,XLN,Ixalan,3,normal,mythic,1,4009,3b9d72a8-8acf-42c6-8adf-cbaecb4a985a,1.09,false,false,false,near_mint,en,false,USD,2025-11-25T23:56:54.452Z
why are there so many vampires,deck,"Mortarion, Daemon Primarch",40K,"Warhammer 40,000 Commander",41,normal,rare,1,72332,3b6b1bcf-10a4-4643-9db0-b2a4fee340a2,0.44,false,false,false,near_mint,en,false,USD,2025-11-25T23:56:54.452Z
why are there so many vampires,deck,Amalia Benavides Aguirre,LCI,The Lost Caverns of Ixalan,299,normal,rare,1,88735,9b1ae96c-012c-4bd4-81f0-5944fc03a8a9,0.34,false,false,false,near_mint,en,false,USD,2025-11-25T23:56:54.452Z
why are there so many vampires,deck,"Vona, Butcher of Magan",LCC,The Lost Caverns of Ixalan Commander,293,normal,mythic,1,88358,27beed9c-a42e-46de-8fbc-885da337ae75,0.21,false,false,false,near_mint,en,false,USD,2025-11-25T23:56:54.452Z
why are there so many vampires,deck,Revenge of Ravens,LTC,Tales of Middle-earth Commander,207,normal,uncommon,1,83250,8418f1ed-e4b8-436b-8859-c4df51c29f60,0.3,false,false,false,near_mint,en,false,USD,2025-11-25T23:56:54.452Z
why are there so many vampires,deck,Polluted Bonds,WOT,Wilds of Eldraine: Enchanting Tales,34,normal,rare,1,85781,e15e0521-1abf-4426-9f31-4081f068b184,4.18,false,false,false,near_mint,en,false,USD,2025-11-25T23:56:54.452Z
why are there so many vampires,deck,Painful Quandary,FDN,Foundations,179,normal,rare,1,100112,05757669-e8a6-4a2f-8479-d4e2ade822ca,1.15,false,false,false,near_mint,en,false,USD,2025-11-25T23:56:54.452Z
why are there so many vampires,deck,Tithe Drinker,C17,Commander 2017,200,normal,common,1,4255,35e22f03-55f1-449a-b8c1-6ad9f92c55ed,0.51,false,false,false,near_mint,en,false,USD,2025-11-25T23:56:54.452Z
why are there so many vampires,deck,Swords to Plowshares,TDC,Tarkir: Dragonstorm Commander,134,normal,uncommon,1,105063,f87cf997-14b5-4a2c-a7d1-34b7de6561a2,0.79,false,false,false,near_mint,en,false,USD,2025-11-25T23:56:54.452Z
why are there so many vampires,deck,Radiant Fountain,C21,Commander 2021,310,normal,common,1,58812,7ee5e77f-ca43-480d-ac37-48336d3bf044,0.36,false,false,false,near_mint,en,false,USD,2025-11-25T23:56:54.452Z
why are there so many vampires,deck,Debt to the Deathless,RVR,Ravnica Remastered,176,normal,uncommon,1,89836,a42f8d69-dff4-4c35-a5fc-527ea5f1d21b,0.37,false,false,false,near_mint,en,false,USD,2025-11-25T23:56:54.452Z
why are there so many vampires,deck,Seraph Sanctuary,DDQ,Duel Decks: Blessed vs. Cursed,33,normal,common,1,9150,e1c1fa29-362f-40b4-b67f-513f6592fb3b,1.72,false,false,false,near_mint,en,false,USD,2025-11-25T23:56:54.452Z
why are there so many vampires,deck,Nykthos Paragon,MH2,Modern Horizons 2,331,normal,rare,1,59621,72f6052b-b90b-4630-9cd7-26920897d976,0.58,false,false,false,near_mint,en,false,USD,2025-11-25T23:56:54.452Z
why are there so many vampires,deck,Orzhov Basilica,DRC,Aetherdrift Commander,164,normal,uncommon,1,103274,cc8f8ede-9620-4f7f-8326-a75031ef6ec1,0.18,false,false,false,near_mint,en,false,USD,2025-11-25T23:56:54.452Z
why are there so many vampires,deck,Lunar Convocation,BLB,Bloomburrow,223,normal,rare,1,96098,a9ee50d4-c878-457b-964d-29c039ce9852,0.41,false,false,false,near_mint,en,false,USD,2025-11-25T23:56:54.452Z
why are there so many vampires,deck,Paladin Class,AFR,Adventures in the Forgotten Realms,29,normal,rare,1,60252,5bf81fb1-7992-4ae9-b1a8-80c31579a2bf,0.41,false,false,false,near_mint,en,false,USD,2025-11-25T23:56:54.452Z
why are there so many vampires,deck,"Liesa, Shroud of Dusk",SLD,Secret Lair Drop,1961,foil,rare,1,105778,ba0cef5d-cc4f-40c4-aaad-d832659b4e19,3.84,false,false,false,near_mint,en,false,USD,2025-11-26T00:31:46.119Z
why are there so many vampires,deck,"Haliya, Guided by Light",EOE,Edge of Eternities,19,normal,rare,1,107055,6f7c63ae-5df3-410f-8643-b8c69133ca9d,2.86,false,false,false,near_mint,en,false,USD,2025-11-26T00:32:45.178Z
why are there so many vampires,deck,"K'rrik, Son of Yawgmoth",MH3,Modern Horizons 3,274,normal,rare,1,94442,4f087b1c-97e0-4379-a94d-beac53685314,0.84,false,false,false,near_mint,en,false,USD,2025-11-26T00:32:45.178Z
why are there so many vampires,deck,Marauding Blight-Priest,FDN,Foundations,178,normal,common,1,101528,5f70dafc-c638-4ec0-ab5b-62998f752720,0.14,false,false,false,near_mint,en,false,USD,2025-11-26T00:32:45.178Z
why are there so many vampires,deck,Revitalize,STA,Strixhaven Mystical Archive,72,normal,uncommon,1,58432,64dbdc3f-aa48-4a59-adab-e0a8e981295a,0.36,false,false,false,near_mint,en,false,USD,2025-11-26T00:32:45.178Z
why are there so many vampires,deck,Snowfield Sinkhole,CLB,Commander Legends: Battle for Baldur's Gate,915,normal,common,1,69478,3c6e17f2-b1e4-4189-a02f-92fa4b13a1ed,0.3,false,false,false,near_mint,en,false,USD,2025-11-26T00:32:45.178Z
why are there so many vampires,deck,Talisman of Hierarchy,FIC,Final Fantasy Commander,365,normal,uncommon,1,106000,79696e14-837f-431a-b5fb-fe3620bb8262,0.53,false,false,false,near_mint,en,false,USD,2025-11-26T00:32:45.178Z
rawr,deck,Take Up the Shield,DMU,Dominaria United,35,normal,common,1,71584,851e842e-a497-4c36-90ee-8d64f806c378,0.07,false,false,false,near_mint,en,false,USD,2025-10-19T23:26:41.327Z
rawr,deck,Selesnya Signet,RVR,Ravnica Remastered,267,normal,uncommon,1,89900,cab82668-975a-47f1-943a-7c4c27feacb4,0.65,false,false,false,near_mint,en,false,USD,2025-10-19T23:30:02.832Z
rawr,deck,Sol Ring,BLC,Bloomburrow Commander,129,normal,uncommon,1,96542,fff440c0-7e6a-46c2-9989-f1b5af20fd44,1.28,false,false,false,near_mint,en,false,USD,2025-10-19T23:45:12.490Z
rawr,deck,Sunscorched Divide,BLC,Bloomburrow Commander,336,normal,rare,1,96224,2bc3a2d6-986e-4b66-a68c-847174657f36,0.17,false,false,false,near_mint,en,false,USD,2025-10-19T23:45:12.490Z
rawr,deck,Thriving Bluff,BLC,Bloomburrow Commander,346,normal,common,1,96539,fe1789e8-fc45-45f5-8d98-1efce606efc4,0.12,false,false,false,near_mint,en,false,USD,2025-10-19T23:45:12.490Z
rawr,deck,Armasaur Guide,FDN,Foundations,3,normal,common,1,101591,c80fc380-0499-4499-8a60-c43844c02c9b,0.03,false,false,false,near_mint,en,false,USD,2025-10-21T00:41:40.879Z
rawr,deck,Abrade,FDN,Foundations,327,normal,uncommon,1,100963,aa74ab7c-b9de-47ab-83ea-2b98738838c7,0.58,false,false,false,near_mint,en,false,USD,2025-10-21T00:49:01.479Z
rawr,deck,Bulk Up,FDN,Foundations,80,normal,uncommon,1,100857,977dcc50-da10-4281-b522-9240c1204f5d,0.35,false,false,false,near_mint,en,false,USD,2025-10-21T00:49:01.479Z
rawr,deck,Tyvar's Stand,ONE,Phyrexia: All Will Be One,190,normal,uncommon,1,78843,c7b362a5-382a-4016-b4f2-aa7b683354c4,1.09,false,false,false,near_mint,en,false,USD,2025-10-21T01:01:22.308Z
rawr,deck,"Growing Rites of Itlimoc // Itlimoc, Cradle of the Sun",LCI,The Lost Caverns of Ixalan,188,normal,rare,1,88213,004524bf-b249-4dac-9c10-44d57143feb9,4.17,false,false,false,near_mint,en,false,USD,2025-10-21T01:01:22.308Z
rawr,deck,Rebuff the Wicked,TSR,Time Spiral Remastered,35,normal,uncommon,1,57786,a6ea5111-5a5c-4c40-8686-8123c822843a,6.24,false,false,false,near_mint,en,false,USD,2025-10-21T01:01:22.308Z
rawr,deck,Jetmir's Garden,SNC,Streets of New Capenna,250,normal,rare,1,67656,26d40e03-6de4-4373-9fbf-04c1dd79e995,14.38,false,false,false,near_mint,en,false,USD,2025-10-21T01:02:31.076Z
rawr,deck,Stomping Ground,EOE,Edge of Eternities,258,normal,rare,1,106763,69be21b4-c613-47c6-ba57-f4785861af3e,6.15,false,false,false,near_mint,en,false,USD,2025-10-21T01:26:31.539Z
rawr,deck,Needle Spires,EOS,Edge of Eternities: Stellar Sights,30,normal,rare,1,107365,08fb8639-a0bb-4ad7-86b0-46116a078556,0.47,false,false,false,near_mint,en,false,USD,2025-10-21T01:26:31.539Z
rawr,deck,Stirring Wildwood,EOS,Edge of Eternities: Stellar Sights,39,normal,rare,1,107463,75ea63a8-3046-4578-a190-72efa34f8d88,0.38,false,false,false,near_mint,en,false,USD,2025-10-21T01:26:31.539Z
rawr,deck,Sledge-Class Seedship,EOE,Edge of Eternities,208,normal,rare,1,107562,dc0cb4b6-cc20-49ea-84b2-2f3af3b0a19e,0.18,false,false,false,near_mint,en,false,USD,2025-10-21T01:29:27.808Z
rawr,deck,Thriving Grove,BLC,Bloomburrow Commander,347,normal,common,1,96418,ab962037-6cf3-43a7-be74-b43bfd77a7a2,0.08,false,false,false,near_mint,en,false,USD,2025-10-21T01:33:58.014Z
rawr,deck,Radiant Grove,TDC,Tarkir: Dragonstorm Commander,385,normal,common,1,104598,466fd4e6-f1dd-40c9-92df-1da48ab729d6,0.18,false,false,false,near_mint,en,false,USD,2025-10-21T01:33:58.014Z
rawr,deck,Wooded Foothills,MH3,Modern Horizons 3,236,normal,rare,1,91761,4e11ea8a-f895-438d-a3b7-f070238e4161,13.09,false,false,false,near_mint,en,false,USD,2025-10-21T01:38:32.364Z
rawr,deck,Spined Tyrranax,J25,Foundations Jumpstart,26,normal,uncommon,1,101060,bb589caa-bba4-4d23-bdfe-7fc37f19bfd6,0.06,false,false,false,near_mint,en,false,USD,2025-10-21T01:43:20.175Z
rawr,deck,Shiny Impetus,TDC,Tarkir: Dragonstorm Commander,231,normal,common,1,104956,cc36705f-9b1a-42fe-bebd-f23c7af8a368,0.11,false,false,false,near_mint,en,false,USD,2025-10-21T01:58:40.841Z
rawr,deck,Exotic Orchard,EOC,Edge of Eternities Commander,159,normal,rare,1,107347,e86174cd-0291-4fca-8e22-2d2b6f921460,0.22,false,false,false,near_mint,en,false,USD,2025-10-21T01:58:40.841Z
rawr,deck,Mana Geyser,TDC,Tarkir: Dragonstorm Commander,223,normal,common,1,104919,bd69539a-d5df-47b4-9785-86e20a58c72b,1.85,false,false,false,near_mint,en,false,USD,2025-10-21T01:58:40.841Z
rawr,deck,Battlefield Forge,TDC,Tarkir: Dragonstorm Commander,340,normal,rare,1,105044,f09bf0b7-45fa-4315-b393-f3ec0303c0c2,0.22,false,false,false,near_mint,en,false,USD,2025-10-21T01:58:40.841Z
rawr,deck,Curse of Opulence,TDC,Tarkir: Dragonstorm Commander,209,normal,uncommon,1,104609,494a6f50-9cd3-4bfc-9382-dce4f7047a81,0.85,false,false,false,near_mint,en,false,USD,2025-10-21T01:58:40.841Z
rawr,deck,Faithless Looting,TDC,Tarkir: Dragonstorm Commander,213,normal,common,1,104933,c43aeb5a-8bdc-4aa9-89d1-156f97ac38aa,0.29,false,false,false,near_mint,en,false,USD,2025-10-21T01:58:40.841Z
rawr,deck,Arcane Signet,M3C,Modern Horizons 3 Commander,283,normal,common,1,94711,156a1ca1-e4b1-4e0c-a786-fd80fe189896,0.41,false,false,false,near_mint,en,false,USD,2025-10-21T02:24:31.701Z
rawr,deck,Swords to Plowshares,CMM,Commander Masters,841,normal,uncommon,1,84293,42ecba4b-9624-428f-a8af-dd88139ab13c,1.62,false,false,false,near_mint,en,false,USD,2025-10-21T02:56:21.291Z
rawr,deck,Thirsting Roots,ONE,Phyrexia: All Will Be One,185,normal,common,1,78633,75a4a340-453b-471a-82ba-48ebf20b271a,0.27,false,false,false,near_mint,en,false,USD,2025-10-21T01:01:22.308Z
rawr,deck,Bow of Nylea,THS,Theros,153,normal,rare,1,15511,89a2c408-e953-4386-abaf-4af85aba9620,3.09,false,false,false,near_mint,en,false,USD,2025-10-21T01:33:58.014Z
rawr,deck,Thrashing Brontodon,FDN,Foundations,560,normal,uncommon,1,101519,592364bf-68b5-4ea0-97d6-c7cadce940fd,0.21,false,false,false,near_mint,en,false,USD,2025-10-21T01:33:58.014Z
rawr,deck,The Last Agni Kai,TLA,Avatar: The Last Airbender,144,normal,rare,1,109446,61eaebc6-7575-48ed-b212-ff8b0c7ae694,1.52,false,false,false,near_mint,en,false,USD,2025-11-18T07:24:09.852Z
rawr,deck,Enter the Avatar State,TLA,Avatar: The Last Airbender,18,normal,uncommon,1,109766,a8f3d2cb-d073-4df8-8769-49612628a377,0.22,false,false,false,near_mint,en,false,USD,2025-11-18T07:24:09.852Z
rawr,deck,Tamiyo's Safekeeping,NEO,Kamigawa: Neon Dynasty,211,normal,common,1,66930,fd4b7ee2-de65-4288-872d-486065a4f226,2.64,false,false,false,near_mint,en,false,USD,2025-11-18T22:50:55.287Z
rawr,deck,Rugged Highlands,NEO,Kamigawa: Neon Dynasty,273,normal,common,1,66877,58d511be-60e0-4755-abec-18eebb530605,0.07,false,false,false,near_mint,en,false,USD,2025-11-18T22:50:55.287Z
rawr,deck,Waltz of Rage,DSK,Duskmourn: House of Horror,318,normal,rare,1,99373,dcecce11-59e3-4c95-bff9-b02d004c917b,0.21,false,false,false,near_mint,en,false,USD,2025-11-19T08:09:52.368Z
rawr,deck,Jump Scare,DSK,Duskmourn: House of Horror,17,normal,common,1,98993,a2dd8903-31ca-470d-b2ff-280f6d40c794,0.03,false,false,false,near_mint,en,false,USD,2025-11-21T02:17:50.227Z
rawr,deck,Insidious Fungus,DSK,Duskmourn: House of Horror,321,normal,uncommon,1,98837,68fadf08-c799-47da-8330-5d0df7b41ca1,0.33,false,false,false,near_mint,en,false,USD,2025-11-22T19:46:48.420Z
rawr,deck,Untimely Malfunction,DSK,Duskmourn: House of Horror,161,normal,uncommon,1,98864,857bfb0e-17dc-4dda-bc37-3df927a9eae6,4.55,false,false,false,near_mint,en,false,USD,2025-11-23T06:22:52.064Z
rawr,deck,Coordinated Clobbering,DSK,Duskmourn: House of Horror,173,normal,uncommon,1,98920,d498cd5d-5807-4297-bc8a-c0941f2f5ce2,0.06,false,false,false,near_mint,en,false,USD,2025-11-23T06:22:52.064Z
rawr,deck,Furycalm Snarl,M3C,Modern Horizons 3 Commander,345,normal,rare,1,94803,bc5e1636-14f0-402a-b813-62f52b0e1cbf,0.18,false,false,false,near_mint,en,false,USD,2025-11-27T00:16:33.448Z
rawr,deck,Adventurous Impulse,STA,Strixhaven Mystical Archive,49,normal,uncommon,1,58362,e7b44893-e6d1-48d0-ba69-06b9569e1e38,0.12,false,false,false,near_mint,en,false,USD,2025-11-27T18:42:52.704Z
rawr,deck,Cultivate,STA,Strixhaven Mystical Archive,51,normal,uncommon,1,58281,b3896717-1e46-4aa2-88b7-1c4fe76edde1,0.78,false,false,false,near_mint,en,false,USD,2025-11-27T18:42:52.704Z
rawr,deck,Esper Origins // Summon: Esper Maduin,FIN,Final Fantasy,185,normal,rare,1,105823,0f503360-216a-4629-89b2-d32072850aef,0.75,false,false,false,near_mint,en,false,USD,2025-12-01T22:33:40.570Z
rawr,deck,"Huatli, Poet of Unity // Roar of the Fifth People",LCI,The Lost Caverns of Ixalan,189,normal,mythic,1,86319,57df2563-18d4-4526-a8bc-0c114e6fd4d9,0.4,false,false,false,near_mint,en,false,USD,2025-12-01T22:33:40.570Z
rawr,deck,Command Tower,REX,Jurassic World Collection,26,normal,common,1,88862,bffbe9ec-edbc-43ed-a3bf-60635e7e625c,2.85,false,false,false,near_mint,en,false,USD,2025-12-01T23:05:17.091Z
rawr,deck,Rampaging Ceratops,LCI,The Lost Caverns of Ixalan,162,normal,uncommon,1,88675,8bab3f8f-cb06-466d-a35d-0b5e1a2b524c,0.07,false,false,false,near_mint,en,false,USD,2025-12-01T23:05:17.091Z
rawr,deck,The Skullspore Nexus,LCI,The Lost Caverns of Ixalan,212,normal,mythic,1,86334,b56a7631-5f94-468d-aab7-7e9e129c5f49,5.51,false,false,false,near_mint,en,false,USD,2025-12-03T07:31:19.635Z
rawr,deck,Savage Order,REX,Jurassic World Collection,6,normal,rare,1,89031,f571ef55-50dd-4624-aa42-fea5a0303033,17.91,false,false,false,near_mint,en,false,USD,2025-12-03T07:31:19.635Z
rawr,deck,Scytheclaw Raptor,LCI,The Lost Caverns of Ixalan,323,normal,uncommon,1,88453,467ffe37-f466-4eea-8efc-50b53e2c27da,0.16,false,false,false,near_mint,en,false,USD,2025-12-03T08:41:19.505Z
rawr,deck,Saheeli's Lattice // Mastercraft Raptor,LCI,The Lost Caverns of Ixalan,164,normal,uncommon,1,88263,0bdc79c6-1193-46bd-931d-2c2a0381e420,0.05,false,false,false,near_mint,en,false,USD,2025-12-03T22:42:06.498Z
rawr,deck,"Ojer Kaslem, Deepest Growth // Temple of Cultivation",LCI,The Lost Caverns of Ixalan,204,normal,mythic,1,88269,0cbc43a3-8cba-4988-9de1-c89aedd79ada,3.63,false,false,false,near_mint,en,false,USD,2025-12-05T02:23:24.648Z
rawr,deck,"Gishath, Sun's Avatar",LCI,The Lost Caverns of Ixalan,229,normal,mythic,1,88854,bc4a65de-23b5-48f0-b8b7-94608eaced3e,5.31,false,false,false,near_mint,en,false,USD,2025-12-05T02:23:24.648Z
rawr,deck,Carnage Tyrant,SPG,Special Guests,10,normal,mythic,1,89037,f5f20dd5-ff5f-4530-9a69-d6a3eab467f7,4.08,false,false,false,near_mint,en,false,USD,2025-12-05T02:23:24.648Z
rawr,deck,Pugnacious Hammerskull,LCI,The Lost Caverns of Ixalan,208,normal,rare,1,88545,632e5635-a9bc-473a-a885-02e1fd258f7b,0.27,false,false,false,near_mint,en,false,USD,2025-12-05T02:23:24.648Z
rawr,deck,Belligerent Yearling,LCI,The Lost Caverns of Ixalan,320,normal,uncommon,1,88905,cf4639ca-d4dc-4630-b696-a8107767cf1a,0.09,false,false,false,near_mint,en,false,USD,2025-12-07T17:40:02.018Z
rawr,deck,Palani's Hatcher,LCI,The Lost Caverns of Ixalan,237,normal,rare,1,88659,86ff73c7-428c-469c-b564-6aa9f4eeca14,0.34,false,false,false,near_mint,en,false,USD,2025-12-07T17:40:02.018Z
rawr,deck,Contest of Claws,LCC,The Lost Caverns of Ixalan Commander,12,normal,rare,1,88885,c6679e01-acd1-460a-a4c6-096059510288,3.81,false,false,false,near_mint,en,false,USD,2025-12-07T17:40:02.018Z
rawr,deck,Restless Ridgeline,LCI,The Lost Caverns of Ixalan,283,normal,rare,1,88800,abde5bed-dc4e-4b2b-820c-18d4d0cf8042,0.33,false,false,false,near_mint,en,false,USD,2025-12-07T17:40:02.018Z
rawr,deck,Colossadactyl,LCI,The Lost Caverns of Ixalan,180,normal,uncommon,1,88660,8702e776-be2c-48a9-9bc5-bb8ea514333b,0.06,false,false,false,near_mint,en,false,USD,2025-12-07T17:40:02.018Z
rawr,deck,Triumphant Chomp,LCI,The Lost Caverns of Ixalan,170,normal,uncommon,1,88240,06b28139-efa7-4818-a012-cf8150692b43,0.09,false,false,false,near_mint,en,false,USD,2025-12-07T17:40:02.018Z
rawr,deck,Armored Kincaller,LCI,The Lost Caverns of Ixalan,174,normal,common,1,88834,b76a46a1-a63e-460a-98c5-699dd1c827aa,0.07,false,false,false,near_mint,en,false,USD,2026-01-28T23:01:49.584Z
rawr,deck,Balamb T-Rexaur,FIN,Final Fantasy,173,normal,common,1,106456,e5857b1b-73bc-458e-b26b-7ed8bef785f3,0.06,false,false,false,near_mint,en,false,USD,2026-01-28T23:01:49.584Z
rawr,deck,Boros Signet,TDC,Tarkir: Dragonstorm Commander,314,normal,uncommon,1,104614,49c37c0e-d363-4033-a069-710241cd9923,0.6,false,false,false,near_mint,en,false,USD,2026-01-28T23:01:49.584Z
rawr,deck,Cavern Stomper,LCI,The Lost Caverns of Ixalan,177,normal,common,1,88957,decdfd6b-55ab-47fd-9f98-1845261f1caf,0.05,false,false,false,near_mint,en,false,USD,2026-01-28T23:01:49.584Z
rawr,deck,Clifftop Retreat,EOC,Edge of Eternities Commander,155,normal,rare,1,107355,f795f6fd-eac9-4c6d-90f5-bc475c8d69ac,0.24,false,false,false,near_mint,en,false,USD,2026-01-28T23:01:49.584Z
rawr,deck,Earthshaker Dreadmaw,LCI,The Lost Caverns of Ixalan,325,normal,uncommon,1,88300,158ad2e4-5e81-439b-9629-a9d217c45d83,0.11,false,false,false,near_mint,en,false,USD,2026-01-28T23:01:49.584Z
rawr,deck,Emergent Sequence,STX,Strixhaven: School of Mages,129,normal,uncommon,1,57974,04a81975-5f0e-4593-a2da-b9689f9a985f,0.07,false,false,false,near_mint,en,false,USD,2026-01-28T23:01:49.584Z
rawr,deck,"Itzquinth, Firstborn of Gishath",LCI,The Lost Caverns of Ixalan,331,normal,uncommon,1,88448,44f2aa6b-a092-4348-a24f-5edf46544eb7,0.11,false,false,false,near_mint,en,false,USD,2026-01-28T23:01:49.584Z
rawr,deck,Ixalli's Lorekeeper,LCI,The Lost Caverns of Ixalan,194,normal,uncommon,1,88475,4bc94ded-458d-4458-9c0b-136d825b885d,0.1,false,false,false,near_mint,en,false,USD,2026-01-28T23:01:49.584Z
rawr,deck,Might of the Ancestors,LCI,The Lost Caverns of Ixalan,23,normal,uncommon,1,88504,54f82c95-8bc1-4df9-9120-86ffc059c7dd,0.05,false,false,false,near_mint,en,false,USD,2026-01-28T23:01:49.584Z
rawr,deck,Monstrous Emergence,DSK,Duskmourn: House of Horror,191,normal,common,1,99316,b999eb47-b842-47f1-be91-c79fc46e1896,0.06,false,false,false,near_mint,en,false,USD,2026-01-28T23:01:49.584Z
rawr,deck,Needletooth Pack,FDN,Foundations,108,normal,uncommon,1,100868,993c1679-e02b-44f2-b34e-12fd6b5142e9,0.06,false,false,false,near_mint,en,false,USD,2026-01-28T23:01:49.584Z
rawr,deck,Nurturing Bristleback,LCI,The Lost Caverns of Ixalan,203,normal,common,1,88246,081d5c9e-71da-4454-ae4e-c76cb7790d20,0.04,false,false,false,near_mint,en,false,USD,2026-01-28T23:01:49.584Z
rawr,deck,Panicked Altisaur,LCI,The Lost Caverns of Ixalan,159,normal,common,1,88807,ad371c97-a266-4a88-9d28-2e889a37ba00,0.05,false,false,false,near_mint,en,false,USD,2026-01-28T23:01:49.584Z
rawr,deck,Pathfinding Axejaw,LCI,The Lost Caverns of Ixalan,206,normal,common,1,88746,9f619075-ca5d-4e09-bd84-31e6b61eaa7e,0.06,false,false,false,near_mint,en,false,USD,2026-01-28T23:01:49.584Z
rawr,deck,Rugged Prairie,EOC,Edge of Eternities Commander,174,normal,rare,1,107291,81d91591-8d44-40cc-9941-c455f9722958,0.27,false,false,false,near_mint,en,false,USD,2026-01-28T23:01:49.584Z
rawr,deck,Seismic Monstrosaur,LCI,The Lost Caverns of Ixalan,166,normal,common,1,88725,98aeb9dc-18f9-4120-ac3d-226c62a1dc1d,0.04,false,false,false,near_mint,en,false,USD,2026-01-28T23:01:49.584Z
rawr,deck,Soaring Sandwing,LCI,The Lost Caverns of Ixalan,35,normal,common,1,88987,e7833724-aec6-41a4-a7ea-2aa722467732,0.07,false,false,false,near_mint,en,false,USD,2026-01-28T23:01:49.584Z
rawr,deck,Spelunking,LCI,The Lost Caverns of Ixalan,213,normal,uncommon,1,88924,d3be4257-2316-4a2e-b347-f71c0368a947,2.74,false,false,false,near_mint,en,false,USD,2026-01-28T23:01:49.584Z
rawr,deck,Summon: Fenrir,FIN,Final Fantasy,372,normal,uncommon,1,105600,412093fb-15c1-4b36-aa53-9484f955ee2c,1.65,false,false,false,near_mint,en,false,USD,2026-01-28T23:01:49.584Z
fly but better,deck,Wrath of God,BRB,Battle Royale Box Set,100,normal,rare,1,33960,0d4389bf-7cb4-49f3-94a3-7736ee49f665,5.2,false,false,false,near_mint,en,false,USD,2025-10-19T23:18:36.069Z
fly but better,deck,Ultima,FIN,Final Fantasy,328,normal,rare,1,106678,e673fb51-d36c-42fb-91bf-805812522064,2.63,false,false,false,near_mint,en,false,USD,2025-10-19T23:18:36.069Z
fly but better,deck,Esper Origins // Summon: Esper Maduin,FIN,Final Fantasy,370,normal,rare,1,106233,efbe3aa0-ddf1-4db2-ae4c-cfea7b5d09ed,4.04,false,false,false,near_mint,en,false,USD,2025-10-19T23:18:36.069Z
fly but better,deck,Valkyrie's Sword,KHM,Kaldheim,36,normal,uncommon,1,56992,97873c66-6bff-4d79-850c-1e2663098ef4,0.12,false,false,false,near_mint,en,false,USD,2025-10-19T23:26:41.327Z
fly but better,deck,Shepherd of Heroes,ZNR,Zendikar Rising,38,normal,common,1,54473,1f70baa3-5232-4e10-80b4-a9ead6ed6ec3,0.04,false,false,false,near_mint,en,false,USD,2025-10-19T23:30:02.832Z
fly but better,deck,Angel of the Ruins,EOC,Edge of Eternities Commander,63,normal,rare,1,107266,4ad8d899-5901-4fc8-b4f0-adcc0d97fc6e,0.16,false,false,false,near_mint,en,false,USD,2025-10-19T23:45:12.490Z
fly but better,deck,Evolving Wilds,BLC,Bloomburrow Commander,302,normal,common,1,96280,516d6669-929e-4884-ae92-9a98cb7f9376,0.13,false,false,false,near_mint,en,false,USD,2025-10-19T23:45:12.490Z
fly but better,deck,Helm of the Host,BLC,Bloomburrow Commander,276,normal,rare,1,96375,898c66d5-d8e6-4a58-ba41-4650ba0e7262,7.45,false,false,false,near_mint,en,false,USD,2025-10-19T23:45:12.490Z
fly but better,deck,Inspiring Overseer,FDN,Foundations,496,normal,common,1,101588,c3e9aa54-e5d5-4cbb-9d2a-263b9eba398f,0.23,false,false,false,near_mint,en,false,USD,2025-10-19T23:45:12.490Z
fly but better,deck,Restoration Angel,BLC,Bloomburrow Commander,150,normal,rare,1,96499,e27a8eb2-9a7d-4349-b414-0655d86836b1,0.16,false,false,false,near_mint,en,false,USD,2025-10-19T23:45:12.490Z
fly but better,deck,Winding Way,OTC,Outlaws of Thunder Junction Commander,213,normal,common,1,93874,d3340062-3071-4d8e-98f8-fd3343a011ad,0.46,false,false,false,near_mint,en,false,USD,2025-10-21T00:34:36.170Z
fly but better,deck,Bushwhack,FDN,Foundations,215,normal,common,1,101469,03ebdb36-55e0-49dd-a514-785fbeb4ae19,0.18,false,false,false,near_mint,en,false,USD,2025-10-21T00:41:40.879Z
fly but better,deck,Angel of Finality,FDN,Foundations,136,normal,uncommon,1,101057,baaabd52-3aa9-4e2f-9369-d4db8b405ba8,0.14,false,false,false,near_mint,en,false,USD,2025-10-21T00:41:40.879Z
fly but better,deck,Command Bridge,EOE,Edge of Eternities,252,normal,common,1,106926,247670d2-a7cd-4ed7-9c77-704c7962b815,0.08,false,false,false,near_mint,en,false,USD,2025-10-21T00:49:01.479Z
fly but better,deck,Flare of Fortitude,MH3,Modern Horizons 3,26,normal,rare,1,94408,37b41b59-0296-443b-8a62-8d5c4641ef66,3.97,false,false,false,near_mint,en,false,USD,2025-10-21T00:54:12.935Z
fly but better,deck,Starfield Shepherd,EOE,Edge of Eternities,37,normal,uncommon,1,106954,1226e575-aa78-4c68-be1d-6e5c2dc6315b,0.26,false,false,false,near_mint,en,false,USD,2025-10-21T01:26:31.539Z
fly but better,deck,Invigorating Surge,M21,Core Set 2021,190,normal,uncommon,1,50807,531e1fc0-a3aa-4b57-87b2-79a31af5c922,0.26,false,false,false,near_mint,en,false,USD,2025-10-21T01:40:57.736Z
fly but better,deck,Arcane Signet,TDC,Tarkir: Dragonstorm Commander,105,normal,uncommon,1,104325,935644d4-a140-4f24-b8ab-d5e79a682a9b,0.46,false,false,false,near_mint,en,false,USD,2025-10-21T01:58:40.841Z
fly but better,deck,Steel-Plume Marshal,JMP,Jumpstart,5,normal,rare,1,51535,ddbcb165-0a60-493a-8cbb-ba8b36c527da,0.27,false,false,false,near_mint,en,false,USD,2025-10-21T02:24:31.701Z
fly but better,deck,"Sephara, Sky's Blade",CMM,Commander Masters,54,normal,rare,1,84489,729ee848-6c27-4202-b2bc-605f45209468,3.18,false,false,false,near_mint,en,false,USD,2025-10-21T02:24:31.701Z
fly but better,deck,Command Tower,LCC,The Lost Caverns of Ixalan Commander,325,normal,common,1,88927,d477d733-2360-4f1d-9ecd-cdedc2e8a7ae,0.3,false,false,false,near_mint,en,false,USD,2025-10-21T02:24:31.701Z
fly but better,deck,Emeria Angel,TDC,Tarkir: Dragonstorm Commander,114,normal,rare,1,104497,2406ab7c-c6be-421a-a92c-048441a01acd,0.54,false,false,false,near_mint,en,false,USD,2025-10-21T02:24:31.701Z
fly but better,deck,Gift of Estates,STA,Strixhaven Mystical Archive,6,normal,rare,1,57985,07bc15bf-1923-45d7-988f-9a4adf3982ee,0.82,false,false,false,near_mint,en,false,USD,2025-10-21T02:56:21.291Z
fly but better,deck,Selesnya Guildgate,FDN,Foundations,694,normal,common,1,100619,6718d4e7-768e-473f-8064-a68422e977f6,0.13,false,false,false,near_mint,en,false,USD,2025-10-21T02:56:21.291Z
fly but better,deck,Summon: Fenrir,FIN,Final Fantasy,372,normal,uncommon,1,105600,412093fb-15c1-4b36-aa53-9484f955ee2c,1.65,false,false,false,near_mint,en,false,USD,2025-10-19T23:18:36.069Z
fly but better,deck,Cycle of Renewal,TLA,Avatar: The Last Airbender,170,normal,common,1,109398,233f4a05-057b-48f4-8f56-8d4a060a40e4,0.22,false,false,false,near_mint,en,false,USD,2025-11-18T07:24:09.852Z
fly but better,deck,Kyoshi Village,TLA,Avatar: The Last Airbender,271,normal,common,1,109487,8d5f3008-2af8-4e81-8847-1c91f524e747,0.25,false,false,false,near_mint,en,false,USD,2025-11-18T07:24:09.852Z
fly but better,deck,Sol Ring,M3C,Modern Horizons 3 Commander,305,normal,uncommon,1,94714,19911e6e-7c35-4281-b31c-266382f052cc,1.19,false,false,false,near_mint,en,false,USD,2025-11-25T23:56:54.452Z
fly but better,deck,Resplendent Angel,LCI,The Lost Caverns of Ixalan,32,normal,mythic,1,88516,59adbd35-9959-4a0f-babf-46ea3c15f018,3.2,false,false,false,near_mint,en,false,USD,2025-12-03T08:41:19.505Z
fly but better,deck,Guardian of the Great Door,LCI,The Lost Caverns of Ixalan,16,normal,uncommon,1,88785,a86f3cb2-7822-4c19-bd84-cea177e5b6e9,0.04,false,false,false,near_mint,en,false,USD,2025-12-07T17:40:02.018Z
fly but better,deck,Moonsilver Spear,AFC,Forgotten Realms Commander,212,normal,rare,1,60816,a4ace878-6d15-4276-9bfb-2f23667c6d7e,0.6,false,false,false,near_mint,en,false,USD,2026-03-07T05:59:58.282Z
fly but better,deck,Youthful Valkyrie,FDN,Foundations,149,normal,uncommon,1,100894,9d795f79-c3a5-4ea1-a5cf-1ce73d6837b6,0.29,false,false,false,near_mint,en,false,USD,2026-03-07T05:59:58.283Z
fly but better,deck,Chronicle of Victory,ECL,Lorwyn Eclipsed,253,normal,mythic,1,110394,b3c2d68d-690b-41e7-99ed-2d20c7e0a9b4,22.53,false,false,false,near_mint,en,false,USD,2026-03-07T06:09:42.480Z
fly but better,deck,Enduring Vitality,DSK,Duskmourn: House of Horror,176,normal,rare,1,98992,9d76a30c-0431-4334-892a-9822dda9671a,4.72,false,false,false,near_mint,en,false,USD,2026-03-14T05:54:58.863Z
fly but better,deck,Spelunking,LCI,The Lost Caverns of Ixalan,213,normal,uncommon,1,88924,d3be4257-2316-4a2e-b347-f71c0368a947,2.74,false,false,false,near_mint,en,false,USD,2026-03-14T05:54:58.863Z
fly but better,deck,The Eternity Elevator,EOE,Edge of Eternities,241,normal,rare,1,106967,1bb90ab9-43b9-4991-806a-0afc4d8caf5f,1.99,false,false,false,near_mint,en,false,USD,2026-03-14T05:54:58.863Z
fly but better,deck,True Conviction,SS2,Signature Spellbook: Gideon,6,normal,rare,1,44957,f8f4c56b-76d1-4c1c-a9d6-383278de272d,5.79,false,false,false,near_mint,en,false,USD,2026-03-14T05:54:58.863Z
fly but better,deck,"Windurst, Federation Center",FIN,Final Fantasy,292,normal,common,1,106649,c74024bd-b383-468d-9cf5-d112a29f6457,0.13,false,false,false,near_mint,en,false,USD,2026-03-14T05:54:58.863Z